session_id,num_events,num_commands,session_duration,mean_inter_command_time,std_inter_command_time,command_error_rate,file_transfer_ratio,recon_exploit_ratio,login_error_rate,unique_commands_ratio,command_diversity
00081b571122,78.0,23.0,31.249671,1.160162590909091,1.173813070538538,0.08695651795841226,0.17391303591682453,0.399999920000016,0.0,0.5384615384615384,19.0
0076d693f7fd,78.0,23.0,32.132288,1.1946877727272727,1.2119329609795897,0.08695651795841226,0.17391303591682453,0.399999920000016,0.0,0.5384615384615384,19.0
00aa3ae5d33a,78.0,23.0,36.995369,1.3884283636363637,1.5297035845435498,0.08695651795841226,0.17391303591682453,0.399999920000016,0.0,0.5384615384615384,19.0
010ad96c3f21,16.0,7.0,68.448152,3.2579643333333337,7.958237811711,0.4285713673469475,0.0,0.0,0.0,0.2857142857142857,6.0
012f382592c2,78.0,23.0,6.00074,0.20169277272727273,0.09430697650198466,0.08695651795841226,0.17391303591682453,0.399999920000016,0.0,0.5384615384615384,19.0
01310728d909,21.0,9.0,17.79219,1.24078925,0.21796877057292274,0.0,0.0,1.9999980000020001,0.0,0.5,11.0
0148a3eded81,79.0,23.0,47.535764,1.7943122272727272,1.8136145982297847,0.08695651795841226,0.21739129489603065,0.33333327777778704,0.0,0.5384615384615384,19.0
018dc4a4b877,41.0,19.0,12.066789,0.4489124444444445,0.10237205179219469,0.0,0.0,1.9999980000020001,0.0,0.5588235294117647,16.0
01da6910d207,41.0,19.0,25.455374,1.026140111111111,0.11689568567034402,0.0,0.0,1.9999980000020001,0.0,0.5588235294117647,16.0
01efe494fcc0,16.0,7.0,68.608636,3.242623666666667,7.9273244702700225,0.4285713673469475,0.0,0.0,0.0,0.2857142857142857,6.0
02125b4ced9a,41.0,19.0,29.965278,1.1802337777777776,0.16321411132603614,0.0,0.0,1.9999980000020001,0.0,0.5588235294117647,16.0
024821112d32,78.0,23.0,10.350692,0.3706689090909091,0.2739989146123635,0.08695651795841226,0.17391303591682453,0.399999920000016,0.0,0.5384615384615384,19.0
0263a6b216dd,77.0,23.0,42.055636,1.5796191363636363,1.763732036305248,0.08695651795841226,0.1304347769376184,0.49999987500003124,0.0,0.5384615384615384,19.0
028532e63dc0,41.0,19.0,25.048949,1.0413395555555556,0.0791262036222717,0.0,0.0,1.9999980000020001,0.0,0.5588235294117647,16.0
029fbd9f9f17,78.0,23.0,8.61596,0.2394497272727273,0.12886146751386485,0.08695651795841226,0.17391303591682453,0.399999920000016,0.0,0.5384615384615384,19.0
02a7e70ddb65,41.0,19.0,14.07687,0.5361218333333333,0.10350607903048355,0.0,0.0,1.9999980000020001,0.0,0.5588235294117647,16.0
02c1bec458bd,78.0,23.0,6.77028,0.234483,0.13914539423789438,0.08695651795841226,0.17391303591682453,0.399999920000016,0.0,0.5384615384615384,19.0
02c2ce40e41c,16.0,7.0,68.342209,3.215242,7.8611597418537675,0.4285713673469475,0.0,0.0,0.0,0.2857142857142857,6.0
02c6e6f553b8,77.0,23.0,26.339137,0.9702074545454544,0.959298873005733,0.08695651795841226,0.1304347769376184,0.49999987500003124,0.0,0.5384615384615384,19.0
02def60df830,78.0,23.0,5.797791,0.19430849999999997,0.10066332996287321,0.08695651795841226,0.17391303591682453,0.399999920000016,0.0,0.5384615384615384,19.0
02f52673bd4e,41.0,19.0,25.803133,1.0646295000000001,0.09934083120855129,0.0,0.0,1.9999980000020001,0.0,0.5588235294117647,16.0
0309e1af2928,41.0,19.0,31.118224,1.2872761666666668,0.23213994128244636,0.0,0.0,1.9999980000020001,0.0,0.5588235294117647,16.0
0333fc5c9f29,78.0,23.0,35.262299,1.3129574545454548,1.336387433225493,0.08695651795841226,0.17391303591682453,0.399999920000016,0.0,0.5384615384615384,19.0
0337088f484d,78.0,23.0,9.182045,0.32956477272727275,0.22911985213377523,0.08695651795841226,0.17391303591682453,0.399999920000016,0.0,0.5384615384615384,19.0
035b50f2544d,16.0,7.0,68.438979,3.2338411666666667,7.906647198073818,0.4285713673469475,0.0,0.0,0.0,0.2857142857142857,6.0
035dd32418e4,16.0,7.0,68.254606,3.1983200000000003,7.824572235184285,0.4285713673469475,0.0,0.0,0.0,0.2857142857142857,6.0
03bd56b9106c,78.0,23.0,33.130693,1.2639580909090906,1.215964914454161,0.08695651795841226,0.17391303591682453,0.399999920000016,0.0,0.5384615384615384,19.0
03c1def60656,41.0,19.0,30.101288,1.236262111111111,0.11654096484720013,0.0,0.0,1.9999980000020001,0.0,0.5588235294117647,16.0
03d38ceec47c,78.0,23.0,36.687426,1.4014015,1.8363469712919502,0.08695651795841226,0.17391303591682453,0.399999920000016,0.0,0.5384615384615384,19.0
03f829f7160d,41.0,19.0,33.845752,1.2939176666666667,0.25150771137049366,0.0,0.0,1.9999980000020001,0.0,0.5588235294117647,16.0
040b0f8fb6c9,106.0,50.0,252.109637,5.08203469387755,10.178683088783261,0.0,0.0,2.9999970000030003,0.0,0.98,2.0
0422fb3fd6e2,78.0,23.0,20.461464,0.7510419545454545,0.6928135064766175,0.08695651795841226,0.17391303591682453,0.399999920000016,0.0,0.5384615384615384,19.0
0429c137d6ae,78.0,23.0,34.361374,1.2825853636363636,1.28293334584361,0.08695651795841226,0.17391303591682453,0.399999920000016,0.0,0.5384615384615384,19.0
04325e1c3612,18.0,10.0,1.168321,0.062245555555555554,0.05749916449199743,0.299999970000003,0.0,0.0,0.0,0.15384615384615385,12.0
046f8497b33c,16.0,7.0,68.138285,3.2133950000000002,7.856330839631309,0.4285713673469475,0.0,0.0,0.0,0.2857142857142857,6.0
04885af13581,79.0,23.0,7.3946760000000005,0.26350436363636365,0.14847860541779698,0.08695651795841226,0.21739129489603065,0.33333327777778704,0.0,0.5384615384615384,19.0
04a370225fc7,78.0,23.0,31.063701,1.1611225000000003,1.1947446029380486,0.08695651795841226,0.17391303591682453,0.399999920000016,0.0,0.5384615384615384,19.0
04f41364bb77,78.0,23.0,23.102547,0.8505428181818181,0.8284025300940667,0.08695651795841226,0.17391303591682453,0.399999920000016,0.0,0.5384615384615384,19.0
051da2977a31,41.0,19.0,135.831325,5.91459511111111,11.830355798377537,0.0,0.0,1.9999980000020001,0.0,0.5588235294117647,16.0
0593d060a649,41.0,19.0,24.655975,0.9681297222222223,0.13594990282617975,0.0,0.0,1.9999980000020001,0.0,0.5588235294117647,16.0
05b4b4baeca0,78.0,23.0,128.298447,4.396311772727272,5.476454314064764,0.08695651795841226,0.17391303591682453,0.399999920000016,0.0,0.5384615384615384,19.0
05c76e888051,41.0,19.0,23.778066,0.9265976666666665,0.15676917414916672,0.0,0.0,1.9999980000020001,0.0,0.5588235294117647,16.0
05c9c7c42eaa,10.0,5.0,8.46057,0.9864707500000001,0.008182753871201714,0.0,0.0,1.9999980000020001,0.0,0.19999999999999996,5.0
05f54c749101,78.0,23.0,16.182417,0.5895547272727273,0.5088280121007474,0.08695651795841226,0.17391303591682453,0.399999920000016,0.0,0.5384615384615384,19.0
0641f84c1e62,16.0,7.0,12.417903,0.5753075,1.396166645480653,0.4285713673469475,0.0,0.0,0.0,0.2857142857142857,6.0
067448dd2b0d,78.0,23.0,33.238336,1.2359216363636365,1.2874795662672363,0.08695651795841226,0.17391303591682453,0.399999920000016,0.0,0.5384615384615384,19.0
0678fab15af0,78.0,23.0,5.844176,0.19661695454545453,0.11335719206350184,0.08695651795841226,0.17391303591682453,0.399999920000016,0.0,0.5384615384615384,19.0
0709767c4c77,78.0,23.0,37.879689,1.3859378181818185,1.5962292093370922,0.08695651795841226,0.17391303591682453,0.399999920000016,0.0,0.5384615384615384,19.0
0723a231dc35,41.0,19.0,30.195646,1.195709888888889,0.1425586768093545,0.0,0.0,1.9999980000020001,0.0,0.5588235294117647,16.0
072c47d58be4,78.0,23.0,6.349054,0.21448327272727272,0.10928517591110917,0.08695651795841226,0.17391303591682453,0.399999920000016,0.0,0.5384615384615384,19.0
0752f66d2c7c,78.0,23.0,8.761744,0.30897136363636357,0.20244315594413997,0.08695651795841226,0.17391303591682453,0.399999920000016,0.0,0.5384615384615384,19.0
076c02658844,78.0,23.0,46.464967,1.714593090909091,1.8723407664568386,0.08695651795841226,0.17391303591682453,0.399999920000016,0.0,0.5384615384615384,19.0
077630d08db3,40.0,18.0,94.325219,3.975262941176471,0.5361903032912463,0.0,0.0,1.9999980000020001,0.0,0.5454545454545454,16.0
07b67aae9b45,9.0,2.0,17.266511,0.132211,,0.0,0.499999750000125,0.0,0.0,0.75,2.0
07e49ff2b1ac,41.0,19.0,31.480116,1.2071177777777777,0.35430569139848644,0.0,0.0,1.9999980000020001,0.0,0.5588235294117647,16.0
080ceb09a8a4,77.0,23.0,36.739712,1.3957650000000001,1.5171913045675334,0.08695651795841226,0.1304347769376184,0.49999987500003124,0.0,0.5384615384615384,19.0
082e07252491,78.0,23.0,31.492239,1.1727389545454547,1.1779541521746397,0.08695651795841226,0.17391303591682453,0.399999920000016,0.0,0.5384615384615384,19.0
08308c70f0bc,78.0,23.0,17.021854,0.6215350909090908,0.5466683044129279,0.08695651795841226,0.17391303591682453,0.399999920000016,0.0,0.5384615384615384,19.0
08346040982f,78.0,23.0,24.636628,0.9124823636363637,0.8727919335183061,0.08695651795841226,0.17391303591682453,0.399999920000016,0.0,0.5384615384615384,19.0
08356abf3734,78.0,23.0,28.886342,1.0668042272727272,1.080703053631157,0.08695651795841226,0.17391303591682453,0.399999920000016,0.0,0.5384615384615384,19.0
0873f7e3aae4,78.0,23.0,25.761532,0.9519167727272727,0.9272304553308937,0.08695651795841226,0.17391303591682453,0.399999920000016,0.0,0.5384615384615384,19.0
08756a825be7,78.0,23.0,25.731376,0.950925227272727,0.930994352582735,0.08695651795841226,0.17391303591682453,0.399999920000016,0.0,0.5384615384615384,19.0
088054da57cb,78.0,23.0,6.484482,0.21337063636363637,0.10566272439433361,0.08695651795841226,0.17391303591682453,0.399999920000016,0.0,0.5384615384615384,19.0
08883edb119d,41.0,19.0,4.610644,0.14691494444444445,0.037577329799748746,0.0,0.0,1.9999980000020001,0.0,0.5588235294117647,16.0
08bdc27cb819,78.0,23.0,12.09241,0.4288757727272726,0.3686332642444485,0.08695651795841226,0.17391303591682453,0.399999920000016,0.0,0.5384615384615384,19.0
09025f048235,41.0,19.0,14.250414,0.5380686666666666,0.0954530842024746,0.0,0.0,1.9999980000020001,0.0,0.5588235294117647,16.0
09026421af42,78.0,23.0,31.982477,1.1823501818181816,1.1759193797794227,0.08695651795841226,0.17391303591682453,0.399999920000016,0.0,0.5384615384615384,19.0
0921c6c5208f,39.0,19.0,37.894236,1.5295815,0.9813530320488947,0.0,0.0,1.9999980000020001,0.0,0.4375,19.0
094b56a5bac9,16.0,7.0,12.388381,0.5505333333333333,1.3367089849777576,0.4285713673469475,0.0,0.0,0.0,0.2857142857142857,6.0
09535752e986,78.0,23.0,34.765148,1.2959154545454548,1.3026954437205418,0.08695651795841226,0.17391303591682453,0.399999920000016,0.0,0.5384615384615384,19.0
097403dd6161,77.0,23.0,27.8831,0.8240175454545455,0.8248722686455462,0.08695651795841226,0.1304347769376184,0.49999987500003124,0.0,0.5384615384615384,19.0
09bb5473e8ad,78.0,23.0,6.982894,0.24189531818181823,0.12172503417456369,0.08695651795841226,0.17391303591682453,0.399999920000016,0.0,0.5384615384615384,19.0
09e0ad09a99d,41.0,19.0,18.570146,0.7618752777777777,0.0545133928032213,0.0,0.0,1.9999980000020001,0.0,0.5588235294117647,16.0
09e4115877db,77.0,23.0,7.554535,0.2649435909090909,0.1547174944008654,0.08695651795841226,0.1304347769376184,0.49999987500003124,0.0,0.5384615384615384,19.0
09ff81793cab,18.0,10.0,1.777083,0.09922155555555555,0.08858181296421844,0.299999970000003,0.0,0.0,0.0,0.15384615384615385,12.0
09ffb48971c5,16.0,7.0,12.732291,0.5820943333333334,1.4122359754262979,0.4285713673469475,0.0,0.0,0.0,0.2857142857142857,6.0
0a079a3d603c,78.0,23.0,21.355986,0.6562788181818182,0.6218171271542352,0.08695651795841226,0.17391303591682453,0.399999920000016,0.0,0.5384615384615384,19.0
0a07a21e8876,41.0,19.0,12.622921,0.4782517777777778,0.09426759724039394,0.0,0.0,1.9999980000020001,0.0,0.5588235294117647,16.0
0a688c70c8a4,16.0,7.0,12.247307,0.5888063333333333,1.427647471001531,0.4285713673469475,0.0,0.0,0.0,0.2857142857142857,6.0
0a6cf27afad5,41.0,19.0,28.74035,1.137663277777778,0.13585572632665077,0.0,0.0,1.9999980000020001,0.0,0.5588235294117647,16.0
0a9b0800e7d1,41.0,19.0,6.313595,0.1546588888888889,0.041983069216178774,0.0,0.0,1.9999980000020001,0.0,0.5588235294117647,16.0
0ab234ec9f88,78.0,23.0,6.329055,0.21495322727272725,0.10500655535996281,0.08695651795841226,0.17391303591682453,0.399999920000016,0.0,0.5384615384615384,19.0
0accce635ce5,48.0,14.0,17.131963,0.9005770000000001,0.27188663709163785,0.21428569897959293,0.0,1.9999980000020001,0.0,0.33333333333333337,17.0
0af861ed3114,78.0,23.0,37.837012,1.391139,1.3600629164134808,0.08695651795841226,0.17391303591682453,0.399999920000016,0.0,0.5384615384615384,19.0
0afb9980b109,41.0,19.0,57.183881,2.4570422777777776,1.8559588449268511,0.0,0.0,1.9999980000020001,0.0,0.5588235294117647,16.0
0aff5921c1a3,78.0,23.0,27.814226,1.0264770454545453,1.0213249250734244,0.08695651795841226,0.17391303591682453,0.399999920000016,0.0,0.5384615384615384,19.0
0b0984ca30c9,78.0,23.0,8.463872,0.2992316818181819,0.18503912229306851,0.08695651795841226,0.17391303591682453,0.399999920000016,0.0,0.5384615384615384,19.0
0b6484c65f7d,78.0,23.0,36.959582,1.3829135000000001,1.467773010003112,0.08695651795841226,0.17391303591682453,0.399999920000016,0.0,0.5384615384615384,19.0
0b69c86a4e18,78.0,23.0,31.121289,1.160933,1.2634742186012722,0.08695651795841226,0.17391303591682453,0.399999920000016,0.0,0.5384615384615384,19.0
0ba8ba0007f2,78.0,23.0,24.031953,0.8814688181818181,0.8513981707406569,0.08695651795841226,0.17391303591682453,0.399999920000016,0.0,0.5384615384615384,19.0
0bb98c13733c,78.0,23.0,6.64225,0.22414304545454547,0.11557841980457098,0.08695651795841226,0.17391303591682453,0.399999920000016,0.0,0.5384615384615384,19.0
0c10b090b369,78.0,23.0,6.268029,0.21526181818181814,0.0982297782891078,0.08695651795841226,0.17391303591682453,0.399999920000016,0.0,0.5384615384615384,19.0
0c3bfcaddffa,79.0,23.0,37.363196,1.4016743181818183,1.5148396382661824,0.08695651795841226,0.21739129489603065,0.33333327777778704,0.0,0.5384615384615384,19.0
0c673af8d600,41.0,19.0,13.905602,0.5848347222222222,0.09721431577390692,0.0,0.0,1.9999980000020001,0.0,0.5588235294117647,16.0
0c8c8629d1e1,78.0,23.0,30.096211,1.1106420909090908,1.1019521982499496,0.08695651795841226,0.17391303591682453,0.399999920000016,0.0,0.5384615384615384,19.0
0cce73b00897,78.0,23.0,24.180873,0.8931074545454546,0.8514627080414663,0.08695651795841226,0.17391303591682453,0.399999920000016,0.0,0.5384615384615384,19.0
0ceda220caac,78.0,23.0,34.974759,1.3087850909090906,1.3589599882733472,0.08695651795841226,0.17391303591682453,0.399999920000016,0.0,0.5384615384615384,19.0
0d2206411832,76.0,23.0,11.782375,0.43168554545454546,0.33131855704481716,0.08695651795841226,0.08695651795841226,0.6666664444445185,0.0,0.5384615384615384,19.0
0d3c80b4c687,41.0,19.0,12.469416,0.4701126111111111,0.0839793557574009,0.0,0.0,1.9999980000020001,0.0,0.5588235294117647,16.0
0d5a61be2326,41.0,19.0,18.183834,0.7024895555555556,0.1116160338145767,0.0,0.0,1.9999980000020001,0.0,0.5588235294117647,16.0
0daf6514cb33,16.0,7.0,68.21226,3.2201983333333337,7.873057733502904,0.4285713673469475,0.0,0.0,0.0,0.2857142857142857,6.0
0dd2b28e8b60,78.0,23.0,33.768402,1.2536805454545452,1.2809020899267578,0.08695651795841226,0.17391303591682453,0.399999920000016,0.0,0.5384615384615384,19.0
0dfd58da9ff4,78.0,23.0,32.584891999999996,1.2097149545454546,1.2365860990929627,0.08695651795841226,0.17391303591682453,0.399999920000016,0.0,0.5384615384615384,19.0
0e0b3a8d8c19,41.0,19.0,42.320979,1.576018222222222,0.6029499723665067,0.0,0.0,1.9999980000020001,0.0,0.5588235294117647,16.0
0e2fd66987a9,77.0,23.0,24.591452,0.9150347272727273,0.9465940888428911,0.08695651795841226,0.1304347769376184,0.49999987500003124,0.0,0.5384615384615384,19.0
0e391fa9b5f9,19.0,10.0,0.618992,0.022971222222222223,0.01814810653193452,0.299999970000003,0.0,0.9999990000010001,0.499999750000125,0.15384615384615385,12.0
0e3ffa075d8a,78.0,23.0,21.471584,0.8080587272727272,0.8427935337041575,0.08695651795841226,0.17391303591682453,0.399999920000016,0.0,0.5384615384615384,19.0
0e9a116b674c,7.0,1.0,2.6957240000000002,0.0,0.0,0.0,0.0,1.9999980000020001,0.0,1.0,1.0
0ed55be31c3e,8.0,1.0,2.59557,0.0,0.0,0.0,0.0,2.9999970000030003,0.0,1.0,1.0
0f0fd3d02996,78.0,23.0,27.58106,1.0202200454545454,1.002816212605256,0.08695651795841226,0.17391303591682453,0.399999920000016,0.0,0.5384615384615384,19.0
0f25e7f3cbc2,78.0,23.0,5.705566,0.19210990909090908,0.08004931063854097,0.08695651795841226,0.17391303591682453,0.399999920000016,0.0,0.5384615384615384,19.0
0f7ac69e1dff,24.0,10.0,4.398631,0.08743866666666666,0.07441089048822087,0.299999970000003,0.0,5.999994000006001,0.857142734693895,0.15384615384615385,12.0
0f9ab13802fd,78.0,23.0,34.984533,1.3366889090909089,1.220388574457563,0.08695651795841226,0.17391303591682453,0.399999920000016,0.0,0.5384615384615384,19.0
0faf226a6b56,78.0,23.0,6.362856,0.2162153181818182,0.12240462941345938,0.08695651795841226,0.17391303591682453,0.399999920000016,0.0,0.5384615384615384,19.0
0fd6f6779c39,78.0,23.0,31.19681,1.1621112272727272,1.2270661811868848,0.08695651795841226,0.17391303591682453,0.399999920000016,0.0,0.5384615384615384,19.0
0ffd561f9da1,78.0,23.0,24.806074,0.9223010909090908,0.8832819721227949,0.08695651795841226,0.17391303591682453,0.399999920000016,0.0,0.5384615384615384,19.0
104dae4e8c3b,78.0,23.0,29.485539,1.085162818181818,1.0859117734329737,0.08695651795841226,0.17391303591682453,0.399999920000016,0.0,0.5384615384615384,19.0
1068f4ced576,77.0,23.0,28.530681,1.0591765454545454,1.0681845874199356,0.08695651795841226,0.1304347769376184,0.49999987500003124,0.0,0.5384615384615384,19.0
10a0bd5b7d11,9.0,1.0,1.928035,0.0,0.0,0.0,0.9999990000010001,0.99999950000025,0.0,0.5,2.0
10e1ae4ec255,48.0,24.0,36.567492,1.2640741739130434,0.7134899614151843,0.0,0.0,1.9999980000020001,0.0,0.5128205128205128,20.0
1114e3d6aef8,78.0,23.0,6.548703,0.22584618181818178,0.09930347550942555,0.08695651795841226,0.17391303591682453,0.399999920000016,0.0,0.5384615384615384,19.0
111cd2183621,79.0,23.0,27.923063,1.067527909090909,1.293471403894626,0.08695651795841226,0.21739129489603065,0.33333327777778704,0.0,0.5384615384615384,19.0
11785d298f01,78.0,23.0,10.470642,0.3725726818181819,0.2703847562942899,0.08695651795841226,0.17391303591682453,0.399999920000016,0.0,0.5384615384615384,19.0
11816bd64363,78.0,23.0,18.171944,0.6663307272727274,0.6003078872804856,0.08695651795841226,0.17391303591682453,0.399999920000016,0.0,0.5384615384615384,19.0
118c7a78e9c8,10.0,5.0,5.395402,0.5744325,0.036188831034818826,0.0,0.0,1.9999980000020001,0.0,0.19999999999999996,5.0
11f1e6b35fd0,78.0,23.0,43.385294,1.594452772727273,1.4353118613697706,0.08695651795841226,0.17391303591682453,0.399999920000016,0.0,0.5384615384615384,19.0
120fad6882d8,78.0,23.0,6.019504,0.20798950000000002,0.09203481547594083,0.08695651795841226,0.17391303591682453,0.399999920000016,0.0,0.5384615384615384,19.0
1215eabc0540,41.0,19.0,20.982494,0.8137601666666666,0.11656561873254051,0.0,0.0,1.9999980000020001,0.0,0.5588235294117647,16.0
1249a2104252,41.0,19.0,21.06828,0.816127611111111,0.12987519672731015,0.0,0.0,1.9999980000020001,0.0,0.5588235294117647,16.0
1253a7aee9cf,78.0,23.0,21.680545,0.8179750454545455,0.8851781752054472,0.08695651795841226,0.17391303591682453,0.399999920000016,0.0,0.5384615384615384,19.0
12af9d310627,18.0,10.0,0.672022,0.02914711111111111,0.02506590856344751,0.299999970000003,0.0,0.0,0.0,0.15384615384615385,12.0
12b2bfcb5828,41.0,19.0,4.570798,0.14940438888888888,0.03545130668485153,0.0,0.0,1.9999980000020001,0.0,0.5588235294117647,16.0
12b4465cdd00,78.0,23.0,5.690146,0.19091977272727273,0.12247570899839762,0.08695651795841226,0.17391303591682453,0.399999920000016,0.0,0.5384615384615384,19.0
12c5666b3e42,78.0,23.0,40.565299,1.364982590909091,1.368755859089444,0.08695651795841226,0.17391303591682453,0.399999920000016,0.0,0.5384615384615384,19.0
12d59cf782cf,41.0,19.0,4.599638,0.1489130555555556,0.037095254430075365,0.0,0.0,1.9999980000020001,0.0,0.5588235294117647,16.0
12e0e9683a95,16.0,7.0,12.681847,0.5795558333333334,1.4103229601696792,0.4285713673469475,0.0,0.0,0.0,0.2857142857142857,6.0
12f2e89eae2f,41.0,19.0,15.125267,0.5750659444444444,0.10387993329148702,0.0,0.0,1.9999980000020001,0.0,0.5588235294117647,16.0
131d380037ac,78.0,23.0,11.465588,0.4077027727272727,0.30099156867007043,0.08695651795841226,0.17391303591682453,0.399999920000016,0.0,0.5384615384615384,19.0
13334b9850f6,41.0,19.0,29.091715,1.168765388888889,0.18159962141355288,0.0,0.0,1.9999980000020001,0.0,0.5588235294117647,16.0
137ccb5b3b05,78.0,23.0,6.177805,0.21092022727272725,0.12644119444266866,0.08695651795841226,0.17391303591682453,0.399999920000016,0.0,0.5384615384615384,19.0
13c852ae11ce,78.0,23.0,39.480345,1.4068381818181819,1.5205821817426388,0.08695651795841226,0.17391303591682453,0.399999920000016,0.0,0.5384615384615384,19.0
13cec0a0c231,78.0,23.0,10.541241,0.3785038636363636,0.27833364394798105,0.08695651795841226,0.17391303591682453,0.399999920000016,0.0,0.5384615384615384,19.0
13df27b93f7c,78.0,23.0,38.462451,1.4491605454545455,1.5811107952705041,0.08695651795841226,0.17391303591682453,0.399999920000016,0.0,0.5384615384615384,19.0
13e7933b8d60,16.0,7.0,12.406902,0.5669581666666667,1.3765538083556945,0.4285713673469475,0.0,0.0,0.0,0.2857142857142857,6.0
13f4caaaad83,78.0,23.0,6.216683,0.2075334090909091,0.1133742644764965,0.08695651795841226,0.17391303591682453,0.399999920000016,0.0,0.5384615384615384,19.0
1419e78ebecc,18.0,10.0,1.975429,0.12456511111111111,0.1192301201369063,0.299999970000003,0.0,0.0,0.0,0.15384615384615385,12.0
14240e49b22e,78.0,23.0,31.275117,1.1589602727272725,1.1834809681790484,0.08695651795841226,0.17391303591682453,0.399999920000016,0.0,0.5384615384615384,19.0
142ac2b7abb7,78.0,23.0,43.023443,1.5330365454545458,1.8170483675619626,0.08695651795841226,0.17391303591682453,0.399999920000016,0.0,0.5384615384615384,19.0
142e18f39ec0,10.0,5.0,6.396129,0.768639,0.0021386084260565197,0.0,0.0,1.9999980000020001,0.0,0.19999999999999996,5.0
1440f3abb8c3,41.0,19.0,6.014558,0.1828446111111111,0.045436324657362866,0.0,0.0,1.9999980000020001,0.0,0.5588235294117647,16.0
14451849e9eb,78.0,23.0,33.473492,1.2436063181818182,1.2840152927842958,0.08695651795841226,0.17391303591682453,0.399999920000016,0.0,0.5384615384615384,19.0
147af567160b,78.0,23.0,44.320515,1.6635705454545457,2.013571559696819,0.08695651795841226,0.17391303591682453,0.399999920000016,0.0,0.5384615384615384,19.0
148149bebcdd,76.0,23.0,7.368438,0.2542513636363637,0.12797388123309175,0.08695651795841226,0.08695651795841226,0.6666664444445185,0.0,0.5384615384615384,19.0
151ba6d26d88,41.0,19.0,6.789589,0.24022700000000002,0.06107155200447499,0.0,0.0,1.9999980000020001,0.0,0.5588235294117647,16.0
151d343c100f,78.0,23.0,30.691947,1.131388409090909,1.1338384353276918,0.08695651795841226,0.17391303591682453,0.399999920000016,0.0,0.5384615384615384,19.0
151f780f74a1,78.0,23.0,11.56368,0.4517991363636364,0.30676325157580636,0.08695651795841226,0.17391303591682453,0.399999920000016,0.0,0.5384615384615384,19.0
1541cba89e4f,41.0,19.0,22.45971,0.9016132222222224,0.09065900406309578,0.0,0.0,1.9999980000020001,0.0,0.5588235294117647,16.0
159ff109656a,16.0,7.0,9.81039,0.4507696666666667,1.091622360506355,0.4285713673469475,0.0,0.0,0.0,0.2857142857142857,6.0
15a2e52f4cfa,78.0,23.0,30.787149,1.1464931363636361,1.1576325211767866,0.08695651795841226,0.17391303591682453,0.399999920000016,0.0,0.5384615384615384,19.0
15c59ca607b3,41.0,19.0,18.865942,0.71657,0.11756162965515775,0.0,0.0,1.9999980000020001,0.0,0.5588235294117647,16.0
15cc47572a87,78.0,23.0,41.156369,1.5098699545454546,1.6871147956020596,0.08695651795841226,0.17391303591682453,0.399999920000016,0.0,0.5384615384615384,19.0
15deebf25dbe,41.0,19.0,29.479176,1.200869388888889,0.23750336516257145,0.0,0.0,1.9999980000020001,0.0,0.5588235294117647,16.0
15ee42144d83,78.0,23.0,24.860939,0.9150960454545455,0.8642311200810358,0.08695651795841226,0.17391303591682453,0.399999920000016,0.0,0.5384615384615384,19.0
1604dba57c56,78.0,23.0,10.673784,0.38335568181818186,0.2921770090250065,0.08695651795841226,0.17391303591682453,0.399999920000016,0.0,0.5384615384615384,19.0
160ac5272503,19.0,10.0,2.065966,0.08654555555555556,0.07728125693062826,0.299999970000003,0.0,0.9999990000010001,0.499999750000125,0.15384615384615385,12.0
161215ad0c9d,78.0,23.0,20.806638,0.779239181818182,0.7293872445850653,0.08695651795841226,0.17391303591682453,0.399999920000016,0.0,0.5384615384615384,19.0
16408cd2e67e,78.0,23.0,10.844344,0.3878603636363636,0.3366187773910458,0.08695651795841226,0.17391303591682453,0.399999920000016,0.0,0.5384615384615384,19.0
169ac62012f0,41.0,19.0,33.581528,1.352942333333333,0.18960832069977374,0.0,0.0,1.9999980000020001,0.0,0.5588235294117647,16.0
16a88d78cb26,78.0,23.0,31.895059,1.1880521363636365,1.1896705885662033,0.08695651795841226,0.17391303591682453,0.399999920000016,0.0,0.5384615384615384,19.0
16ed3b3a5904,41.0,19.0,21.836728,0.8802508888888888,0.13618418251630393,0.0,0.0,1.9999980000020001,0.0,0.5588235294117647,16.0
172ec1ff6b51,16.0,7.0,68.312735,3.256869333333334,7.96450214485663,0.4285713673469475,0.0,0.0,0.0,0.2857142857142857,6.0
174a09e2421f,16.0,7.0,12.003166,0.5532891666666667,1.34417132284176,0.4285713673469475,0.0,0.0,0.0,0.2857142857142857,6.0
1779479b2ee8,77.0,23.0,13.288298,0.47458522727272734,0.402548348984901,0.08695651795841226,0.1304347769376184,0.49999987500003124,0.0,0.5384615384615384,19.0
1788989ddc1e,41.0,19.0,28.737187,1.1346727777777779,0.15730345305942364,0.0,0.0,1.9999980000020001,0.0,0.5588235294117647,16.0
17adfd3f0339,79.0,23.0,14.25938,0.5404200454545455,0.7604490930805908,0.08695651795841226,0.21739129489603065,0.33333327777778704,0.0,0.5384615384615384,19.0
17af6f181a9c,78.0,23.0,33.200847,1.2288977727272727,1.2446822960883264,0.08695651795841226,0.17391303591682453,0.399999920000016,0.0,0.5384615384615384,19.0
17dc95251169,78.0,23.0,45.655265,1.5695273181818181,1.683034108111764,0.08695651795841226,0.17391303591682453,0.399999920000016,0.0,0.5384615384615384,19.0
17e9137462fe,78.0,23.0,15.898256,0.5805202727272728,0.5061043130566947,0.08695651795841226,0.17391303591682453,0.399999920000016,0.0,0.5384615384615384,19.0
17ebb772d3c9,78.0,23.0,26.388112,0.9537280454545454,0.9419387713088402,0.08695651795841226,0.17391303591682453,0.399999920000016,0.0,0.5384615384615384,19.0
17f1c1667c7f,41.0,19.0,4.584239,0.14404405555555555,0.03275715240168657,0.0,0.0,1.9999980000020001,0.0,0.5588235294117647,16.0
17f9980a9bcd,78.0,23.0,35.382764,1.3613015454545454,1.8129373243644906,0.08695651795841226,0.17391303591682453,0.399999920000016,0.0,0.5384615384615384,19.0
1811e225f0c2,19.0,10.0,3.484057,0.153376,0.13800969634685092,0.299999970000003,0.0,0.9999990000010001,0.499999750000125,0.15384615384615385,12.0
1831c35a761b,10.0,5.0,68.951947,0.902112,0.0025302815390123327,0.0,0.0,1.9999980000020001,0.0,0.19999999999999996,5.0
1832ecc1055a,78.0,23.0,32.033433,1.189709590909091,1.191389928721018,0.08695651795841226,0.17391303591682453,0.399999920000016,0.0,0.5384615384615384,19.0
186b8198921b,79.0,23.0,30.341704,1.1272567727272726,1.228500841278776,0.08695651795841226,0.21739129489603065,0.33333327777778704,0.0,0.5384615384615384,19.0
18817935762a,78.0,23.0,8.600177,0.30480890909090913,0.19484401170091326,0.08695651795841226,0.17391303591682453,0.399999920000016,0.0,0.5384615384615384,19.0
18837d2a7388,10.0,5.0,7.916485,0.7815702499999999,0.15183056533819753,0.0,0.0,1.9999980000020001,0.0,0.19999999999999996,5.0
18cba7e615ac,79.0,23.0,28.025384,1.0393827272727274,1.0806321177730138,0.08695651795841226,0.21739129489603065,0.33333327777778704,0.0,0.5384615384615384,19.0
18e461111ff6,78.0,23.0,43.517081,1.633791272727273,1.616555114789064,0.08695651795841226,0.17391303591682453,0.399999920000016,0.0,0.5384615384615384,19.0
1902941d9956,78.0,23.0,16.824204,0.6149026818181819,0.5516904650172859,0.08695651795841226,0.17391303591682453,0.399999920000016,0.0,0.5384615384615384,19.0
1905c97b7ad2,78.0,23.0,27.648992,1.02062,1.0159867084002625,0.08695651795841226,0.17391303591682453,0.399999920000016,0.0,0.5384615384615384,19.0
192338c253ef,41.0,19.0,28.428654,1.133873388888889,0.20739101971060506,0.0,0.0,1.9999980000020001,0.0,0.5588235294117647,16.0
1960b2e74672,78.0,23.0,25.845636,0.9522174090909092,0.9352710747193721,0.08695651795841226,0.17391303591682453,0.399999920000016,0.0,0.5384615384615384,19.0
197dbe654b4c,78.0,23.0,6.448887,0.21858804545454544,0.11660408784898184,0.08695651795841226,0.17391303591682453,0.399999920000016,0.0,0.5384615384615384,19.0
19809f7896de,41.0,19.0,30.482916,1.2053172777777774,0.16292773818793393,0.0,0.0,1.9999980000020001,0.0,0.5588235294117647,16.0
19a838a89449,78.0,23.0,20.668251,0.7628218636363638,0.7206854901123682,0.08695651795841226,0.17391303591682453,0.399999920000016,0.0,0.5384615384615384,19.0
1a31a09ad41e,41.0,19.0,30.350289,1.1121806111111112,0.5279734188629016,0.0,0.0,1.9999980000020001,0.0,0.5588235294117647,16.0
1a6d047d0a2e,19.0,10.0,2.209366,0.09414744444444444,0.08546036878447096,0.299999970000003,0.0,0.9999990000010001,0.499999750000125,0.15384615384615385,12.0
1a84aadf4e35,78.0,23.0,34.706496,1.300436,1.319985945247434,0.08695651795841226,0.17391303591682453,0.399999920000016,0.0,0.5384615384615384,19.0
1a8cf2941566,78.0,23.0,34.791449,1.3028913636363635,1.3248224401188742,0.08695651795841226,0.17391303591682453,0.399999920000016,0.0,0.5384615384615384,19.0
1ad2b7752d77,78.0,23.0,24.268505,0.8961064545454547,0.8728699756894863,0.08695651795841226,0.17391303591682453,0.399999920000016,0.0,0.5384615384615384,19.0
1ae213a2fbe3,16.0,7.0,12.293252,0.5725675,1.3876204998746233,0.4285713673469475,0.0,0.0,0.0,0.2857142857142857,6.0
1b0bfd7ce444,19.0,10.0,1.266001,0.05350066666666667,0.04550290419028218,0.299999970000003,0.0,0.9999990000010001,0.499999750000125,0.15384615384615385,12.0
1b1d2aa88611,78.0,23.0,5.60282,0.1855046818181818,0.08283771317541326,0.08695651795841226,0.17391303591682453,0.399999920000016,0.0,0.5384615384615384,19.0
1b6d447553a3,16.0,7.0,12.377929,0.5629433333333332,1.3673326343203642,0.4285713673469475,0.0,0.0,0.0,0.2857142857142857,6.0
1b88136d1a13,41.0,19.0,5.4699729999999995,0.18227638888888892,0.04592142678934618,0.0,0.0,1.9999980000020001,0.0,0.5588235294117647,16.0
1b9c73443cc1,78.0,23.0,6.563951,0.22480222727272725,0.13326092067781262,0.08695651795841226,0.17391303591682453,0.399999920000016,0.0,0.5384615384615384,19.0
1bd3b8950d81,18.0,10.0,1.077703,0.05983777777777778,0.058558623241538425,0.299999970000003,0.0,0.0,0.0,0.15384615384615385,12.0
1be92dceb1fa,78.0,23.0,23.109008,0.874873590909091,1.0234293170946516,0.08695651795841226,0.17391303591682453,0.399999920000016,0.0,0.5384615384615384,19.0
1bef34814ad1,76.0,23.0,34.683903,1.3055004545454545,1.3773514543414291,0.08695651795841226,0.08695651795841226,0.6666664444445185,0.0,0.5384615384615384,19.0
1bf059466c6d,41.0,19.0,4.687843,0.15131077777777777,0.0288673732021944,0.0,0.0,1.9999980000020001,0.0,0.5588235294117647,16.0
1c311e39a2ae,41.0,19.0,45.098986,1.487429388888889,0.519769889563261,0.0,0.0,1.9999980000020001,0.0,0.5588235294117647,16.0
1c42bb730275,16.0,7.0,12.604218,0.5828243333333333,1.4154001309006108,0.4285713673469475,0.0,0.0,0.0,0.2857142857142857,6.0
1c5061d770cd,77.0,23.0,17.305319,0.6331358181818181,0.5461666711332929,0.08695651795841226,0.1304347769376184,0.49999987500003124,0.0,0.5384615384615384,19.0
1c5dc4d54642,41.0,19.0,20.01288,0.7676186666666668,0.12240548409955765,0.0,0.0,1.9999980000020001,0.0,0.5588235294117647,16.0
1c822d8883d2,78.0,23.0,6.43016,0.20669768181818185,0.11437679371953302,0.08695651795841226,0.17391303591682453,0.399999920000016,0.0,0.5384615384615384,19.0
1c86e267ef72,41.0,19.0,27.699321,1.0833030555555556,0.16827466698524984,0.0,0.0,1.9999980000020001,0.0,0.5588235294117647,16.0
1c90f34589ae,78.0,23.0,37.588124,1.4007817272727274,1.468180167814407,0.08695651795841226,0.17391303591682453,0.399999920000016,0.0,0.5384615384615384,19.0
1cbcf00abf3a,41.0,19.0,28.132186,1.1157377777777777,0.12910977137922122,0.0,0.0,1.9999980000020001,0.0,0.5588235294117647,16.0
1cea57a0ed87,78.0,23.0,12.855247,0.4781333636363637,0.4492202782148033,0.08695651795841226,0.17391303591682453,0.399999920000016,0.0,0.5384615384615384,19.0
1d5f31571cc6,78.0,23.0,11.193468,0.4036210454545454,0.3312229875688664,0.08695651795841226,0.17391303591682453,0.399999920000016,0.0,0.5384615384615384,19.0
1d7a1596e8ea,78.0,23.0,31.559549,1.1666543636363635,1.1695462734669106,0.08695651795841226,0.17391303591682453,0.399999920000016,0.0,0.5384615384615384,19.0
1d85163b6d06,78.0,23.0,30.167812,1.112665818181818,1.1160055981869161,0.08695651795841226,0.17391303591682453,0.399999920000016,0.0,0.5384615384615384,19.0
1da6794ef420,16.0,7.0,68.125228,3.213881166666667,7.859429851504941,0.4285713673469475,0.0,0.0,0.0,0.2857142857142857,6.0
1dfb515d0709,78.0,23.0,17.425658,0.6521622727272727,0.6463096326059634,0.08695651795841226,0.17391303591682453,0.399999920000016,0.0,0.5384615384615384,19.0
1e0331b7ecbe,41.0,19.0,27.187216,1.0633606666666668,0.14731090650689227,0.0,0.0,1.9999980000020001,0.0,0.5588235294117647,16.0
1e2cc0538703,41.0,19.0,21.694881,0.8415300000000001,0.12004008165265662,0.0,0.0,1.9999980000020001,0.0,0.5588235294117647,16.0
1e32389a416d,79.0,23.0,125.406539,4.954532545454546,5.34928237480482,0.08695651795841226,0.21739129489603065,0.33333327777778704,0.0,0.5384615384615384,19.0
1e3fe356c504,78.0,23.0,15.802887,0.5737902272727272,0.5091291438279152,0.08695651795841226,0.17391303591682453,0.399999920000016,0.0,0.5384615384615384,19.0
1e55fb36f083,78.0,23.0,5.700364,0.19024304545454546,0.10614413824672887,0.08695651795841226,0.17391303591682453,0.399999920000016,0.0,0.5384615384615384,19.0
1e5f14ba8091,41.0,19.0,25.09135,0.9510830555555556,0.13268929583294878,0.0,0.0,1.9999980000020001,0.0,0.5588235294117647,16.0
1e783bff4603,78.0,23.0,11.304533,0.41070336363636367,0.2932499672544204,0.08695651795841226,0.17391303591682453,0.399999920000016,0.0,0.5384615384615384,19.0
1e87811a7658,78.0,23.0,24.25466,0.8959104545454547,0.8507277832746517,0.08695651795841226,0.17391303591682453,0.399999920000016,0.0,0.5384615384615384,19.0
1e9dea4b92ee,78.0,23.0,14.378461,0.5034908181818181,0.43552464241753047,0.08695651795841226,0.17391303591682453,0.399999920000016,0.0,0.5384615384615384,19.0
1ebcc6c4ef7d,41.0,19.0,26.738452,1.1015294444444443,0.10279964656166195,0.0,0.0,1.9999980000020001,0.0,0.5588235294117647,16.0
1ee5e519588c,41.0,19.0,27.397238,1.0861273333333332,0.13172365024863048,0.0,0.0,1.9999980000020001,0.0,0.5588235294117647,16.0
1efc5db651d5,41.0,19.0,112.900366,2.3879765,4.7371330901092765,0.0,0.0,1.9999980000020001,0.0,0.5588235294117647,16.0
1f038ae2dcf2,78.0,23.0,12.276258,0.43642127272727277,0.34510310212859463,0.08695651795841226,0.17391303591682453,0.399999920000016,0.0,0.5384615384615384,19.0
1f275d195e09,79.0,23.0,17.007129,0.6182110454545455,0.552392493378574,0.08695651795841226,0.21739129489603065,0.33333327777778704,0.0,0.5384615384615384,19.0
1f45da9d56db,41.0,19.0,30.381427,1.180078611111111,0.24186048004343302,0.0,0.0,1.9999980000020001,0.0,0.5588235294117647,16.0
1f598d89611c,78.0,23.0,7.855982,0.2868839545454545,0.15624577020300795,0.08695651795841226,0.17391303591682453,0.399999920000016,0.0,0.5384615384615384,19.0
1f911d2fa9d3,41.0,19.0,34.826976,1.3626303333333332,0.20311757053663743,0.0,0.0,1.9999980000020001,0.0,0.5588235294117647,16.0
1fb135067aa4,76.0,23.0,22.061293,0.821206,0.7363238953628258,0.08695651795841226,0.08695651795841226,0.6666664444445185,0.0,0.5384615384615384,19.0
1fb98ebe06ff,78.0,23.0,8.004833,0.27769977272727275,0.1889422179185835,0.08695651795841226,0.17391303591682453,0.399999920000016,0.0,0.5384615384615384,19.0
1fbe3a3e24f4,30.0,13.0,16.723287,1.0153732500000001,0.07063171516345769,0.0,0.0,1.9999980000020001,0.0,0.34782608695652173,16.0
1fbeb9061815,78.0,23.0,14.417107,0.5114962727272728,0.45850997882106503,0.08695651795841226,0.17391303591682453,0.399999920000016,0.0,0.5384615384615384,19.0
1fe6b8118004,78.0,23.0,29.486495,1.1042700909090908,1.051323925942537,0.08695651795841226,0.17391303591682453,0.399999920000016,0.0,0.5384615384615384,19.0
1feb1dd51664,42.0,19.0,41.684387,1.6187246666666664,0.5858852592716126,0.0,0.0,1.9999980000020001,0.0,0.5588235294117647,16.0
1ff063e1dcc2,41.0,19.0,16.873988,0.6479667777777779,0.1315893084578618,0.0,0.0,1.9999980000020001,0.0,0.5588235294117647,16.0
1ff8fd742eeb,78.0,23.0,31.877883,1.1829525454545455,1.1950911729114753,0.08695651795841226,0.17391303591682453,0.399999920000016,0.0,0.5384615384615384,19.0
204b0e0698c6,78.0,23.0,5.725561,0.19321818181818182,0.0820586670334018,0.08695651795841226,0.17391303591682453,0.399999920000016,0.0,0.5384615384615384,19.0
20508c9c43f3,78.0,23.0,50.82443,2.013741545454545,2.553602401154844,0.08695651795841226,0.17391303591682453,0.399999920000016,0.0,0.5384615384615384,19.0
205c05b5f9e9,78.0,23.0,30.850046,1.1461331363636365,1.1853004363308182,0.08695651795841226,0.17391303591682453,0.399999920000016,0.0,0.5384615384615384,19.0
206b6675d7a2,41.0,19.0,5.354581,0.18395661111111114,0.048370616159641784,0.0,0.0,1.9999980000020001,0.0,0.5588235294117647,16.0
206fac2f2a45,79.0,23.0,12.703406,0.466806090909091,0.2614456209459261,0.08695651795841226,0.21739129489603065,0.33333327777778704,0.0,0.5384615384615384,19.0
20c5c58441e4,78.0,23.0,35.018067,1.2789904545454545,1.2762818677624144,0.08695651795841226,0.17391303591682453,0.399999920000016,0.0,0.5384615384615384,19.0
20d732015941,10.0,5.0,6.816082,0.758104,0.10282474255093793,0.0,0.0,1.9999980000020001,0.0,0.19999999999999996,5.0
20e88cb51b89,41.0,19.0,30.600623,1.2053777222222224,0.17755295095293339,0.0,0.0,1.9999980000020001,0.0,0.5588235294117647,16.0
21036d1c6287,78.0,23.0,25.963808,0.9505667727272726,0.9177489524571434,0.08695651795841226,0.17391303591682453,0.399999920000016,0.0,0.5384615384615384,19.0
211d4e5d3bce,41.0,19.0,15.330834,0.5862497777777776,0.09788248209643785,0.0,0.0,1.9999980000020001,0.0,0.5588235294117647,16.0
21357799b012,78.0,23.0,13.063027,0.4734700909090909,0.4198050982780903,0.08695651795841226,0.17391303591682453,0.399999920000016,0.0,0.5384615384615384,19.0
21371867fe31,10.0,5.0,3.063371,0.3794305,0.00048254775238657275,0.0,0.0,1.9999980000020001,0.0,0.19999999999999996,5.0
213bbd65343e,78.0,23.0,6.014224,0.2018817727272727,0.12671344462959827,0.08695651795841226,0.17391303591682453,0.399999920000016,0.0,0.5384615384615384,19.0
213e31d08311,77.0,23.0,26.662914,1.0012068636363636,1.0365463494036933,0.08695651795841226,0.1304347769376184,0.49999987500003124,0.0,0.5384615384615384,19.0
215a3cb93390,78.0,23.0,31.81548,1.179811590909091,1.1988657068361253,0.08695651795841226,0.17391303591682453,0.399999920000016,0.0,0.5384615384615384,19.0
216db28d5cfe,78.0,23.0,31.287965,1.1622187727272728,1.1707408928551728,0.08695651795841226,0.17391303591682453,0.399999920000016,0.0,0.5384615384615384,19.0
2175924c89c6,41.0,19.0,27.508096,1.1016544444444447,0.12546731683647255,0.0,0.0,1.9999980000020001,0.0,0.5588235294117647,16.0
21c13960b765,78.0,23.0,29.651802,1.0913556363636363,1.0970580389106712,0.08695651795841226,0.17391303591682453,0.399999920000016,0.0,0.5384615384615384,19.0
21e10f1e0a60,78.0,23.0,28.424932,1.0563508636363637,1.0459010013315833,0.08695651795841226,0.17391303591682453,0.399999920000016,0.0,0.5384615384615384,19.0
21eb42880c72,76.0,23.0,31.975492,1.1890170454545455,1.167516117347768,0.08695651795841226,0.08695651795841226,0.6666664444445185,0.0,0.5384615384615384,19.0
21ed3c666264,78.0,23.0,33.707728,1.264975590909091,1.2831840649863233,0.08695651795841226,0.17391303591682453,0.399999920000016,0.0,0.5384615384615384,19.0
21f37e1f9c48,78.0,23.0,5.898912,0.19939372727272725,0.09191462587753808,0.08695651795841226,0.17391303591682453,0.399999920000016,0.0,0.5384615384615384,19.0
220113d5c8f8,78.0,23.0,8.466013,0.29730295454545447,0.20968432384158475,0.08695651795841226,0.17391303591682453,0.399999920000016,0.0,0.5384615384615384,19.0
22053c0f51b5,78.0,23.0,38.365685,1.43221,1.5269543365074958,0.08695651795841226,0.17391303591682453,0.399999920000016,0.0,0.5384615384615384,19.0
220c714e0d51,78.0,23.0,8.722835,0.2952759545454546,0.2515514544241448,0.08695651795841226,0.17391303591682453,0.399999920000016,0.0,0.5384615384615384,19.0
22337ef17ef9,9.0,2.0,17.267725,0.125338,,0.0,0.499999750000125,0.0,0.0,0.75,2.0
223de788190d,78.0,23.0,8.728099,0.3134177727272727,0.2036206062946553,0.08695651795841226,0.17391303591682453,0.399999920000016,0.0,0.5384615384615384,19.0
224698ae2090,78.0,23.0,33.920361,1.2515913636363636,1.237265527698521,0.08695651795841226,0.17391303591682453,0.399999920000016,0.0,0.5384615384615384,19.0
225de1eb3f68,78.0,23.0,7.147584,0.24895436363636367,0.12567319747797326,0.08695651795841226,0.17391303591682453,0.399999920000016,0.0,0.5384615384615384,19.0
2268636559a0,78.0,23.0,40.117091,1.5530140000000001,1.7463045948581988,0.08695651795841226,0.17391303591682453,0.399999920000016,0.0,0.5384615384615384,19.0
229f5e85be43,78.0,23.0,45.112165,1.5843303636363637,1.7928298760839243,0.08695651795841226,0.17391303591682453,0.399999920000016,0.0,0.5384615384615384,19.0
22a21826da0e,41.0,19.0,31.33593,1.2323089444444444,0.17081338071828123,0.0,0.0,1.9999980000020001,0.0,0.5588235294117647,16.0
22b5a914bb84,78.0,23.0,10.672159,0.38052545454545456,0.2871085983568765,0.08695651795841226,0.17391303591682453,0.399999920000016,0.0,0.5384615384615384,19.0
23321d4b2d6f,78.0,23.0,28.15888,1.0414843636363635,1.0334087720809984,0.08695651795841226,0.17391303591682453,0.399999920000016,0.0,0.5384615384615384,19.0
2340e842b225,78.0,23.0,25.825832,0.9654194090909091,0.8628950231577673,0.08695651795841226,0.17391303591682453,0.399999920000016,0.0,0.5384615384615384,19.0
234a6cfde650,16.0,7.0,12.506695,0.5719066666666667,1.3912644776820353,0.4285713673469475,0.0,0.0,0.0,0.2857142857142857,6.0
235ef77085cb,78.0,23.0,21.751897,0.8228327272727274,0.9634241489521673,0.08695651795841226,0.17391303591682453,0.399999920000016,0.0,0.5384615384615384,19.0
236e23c32ab9,78.0,23.0,28.638351,1.0594534545454544,1.063049163221296,0.08695651795841226,0.17391303591682453,0.399999920000016,0.0,0.5384615384615384,19.0
23b54f96bcdc,78.0,23.0,10.774587,0.3887094545454545,0.2953170738835072,0.08695651795841226,0.17391303591682453,0.399999920000016,0.0,0.5384615384615384,19.0
2401be2e11b5,41.0,19.0,5.517212,0.18619488888888888,0.0468455959960189,0.0,0.0,1.9999980000020001,0.0,0.5588235294117647,16.0
2403669e21ee,78.0,23.0,23.137206,0.8443657272727273,0.830358200174059,0.08695651795841226,0.17391303591682453,0.399999920000016,0.0,0.5384615384615384,19.0
24550100599f,78.0,23.0,6.605593,0.2226506818181818,0.10488017877395063,0.08695651795841226,0.17391303591682453,0.399999920000016,0.0,0.5384615384615384,19.0
2472fc4b211c,41.0,19.0,35.685227,1.4139939444444447,0.18701483789999507,0.0,0.0,1.9999980000020001,0.0,0.5588235294117647,16.0
24a87060fdc6,79.0,23.0,29.45518,1.1074817727272728,1.1810054431537373,0.08695651795841226,0.21739129489603065,0.33333327777778704,0.0,0.5384615384615384,19.0
24bef0472819,80.0,23.0,33.274763,1.2344139545454544,1.2561638491070637,0.08695651795841226,0.2608695538752368,0.285714244897965,0.0,0.5384615384615384,19.0
24f60a6093d1,16.0,7.0,12.59766,0.603442,1.4633309433785646,0.4285713673469475,0.0,0.0,0.0,0.2857142857142857,6.0
2599b8f13fc0,41.0,19.0,29.128134,1.177062,0.1760087356648895,0.0,0.0,1.9999980000020001,0.0,0.5588235294117647,16.0
25a97137b044,41.0,19.0,27.726261,1.0860231111111114,0.15268157296223475,0.0,0.0,1.9999980000020001,0.0,0.5588235294117647,16.0
25b63b51aa53,78.0,23.0,6.222432,0.21029863636363635,0.10223425138821672,0.08695651795841226,0.17391303591682453,0.399999920000016,0.0,0.5384615384615384,19.0
25f820c1ffba,78.0,23.0,28.411066,1.0568541363636366,1.025489953390796,0.08695651795841226,0.17391303591682453,0.399999920000016,0.0,0.5384615384615384,19.0
261df2480c27,78.0,23.0,18.856347,0.694167818181818,0.6343417456597288,0.08695651795841226,0.17391303591682453,0.399999920000016,0.0,0.5384615384615384,19.0
26b8838e050f,98.0,46.0,192.462199,4.188549888888888,8.730391078049648,0.0,0.0,2.9999970000030003,0.0,0.9782608695652174,2.0
26cbcb3c4779,78.0,23.0,20.794513,0.771184818181818,0.7271437695231571,0.08695651795841226,0.17391303591682453,0.399999920000016,0.0,0.5384615384615384,19.0
26ce7793cce2,78.0,23.0,43.769136,1.5973223636363636,1.7602437566542433,0.08695651795841226,0.17391303591682453,0.399999920000016,0.0,0.5384615384615384,19.0
26f7febcb170,78.0,23.0,12.587596,0.4541850909090909,0.37165182530182983,0.08695651795841226,0.17391303591682453,0.399999920000016,0.0,0.5384615384615384,19.0
2721d71ec0a0,41.0,19.0,23.213133,0.9072818333333333,0.16809782052100428,0.0,0.0,1.9999980000020001,0.0,0.5588235294117647,16.0
2757ed0c1f93,78.0,23.0,6.502003,0.22204781818181818,0.12090310046504434,0.08695651795841226,0.17391303591682453,0.399999920000016,0.0,0.5384615384615384,19.0
2757f17169ab,78.0,23.0,26.275541,0.9683511363636366,0.9317459555236071,0.08695651795841226,0.17391303591682453,0.399999920000016,0.0,0.5384615384615384,19.0
276760febbe0,78.0,23.0,31.248343,1.159443909090909,1.189376484964242,0.08695651795841226,0.17391303591682453,0.399999920000016,0.0,0.5384615384615384,19.0
277df4bd65bc,78.0,23.0,32.192548,1.1949141363636364,1.2074270945895578,0.08695651795841226,0.17391303591682453,0.399999920000016,0.0,0.5384615384615384,19.0
2792807569c1,41.0,19.0,5.363328,0.1822598888888889,0.04693575863678415,0.0,0.0,1.9999980000020001,0.0,0.5588235294117647,16.0
27983da3ac55,74.0,22.0,182.448801,8.298288095238096,26.863638165044105,0.09090908677685969,0.13636363016528952,0.49999987500003124,0.0,0.5555555555555556,17.0
27b57bf84206,78.0,23.0,13.812718,0.5024755909090909,0.401693288242429,0.08695651795841226,0.17391303591682453,0.399999920000016,0.0,0.5384615384615384,19.0
27e73bbf6776,41.0,19.0,5.438741,0.1840678888888889,0.05131685541565884,0.0,0.0,1.9999980000020001,0.0,0.5588235294117647,16.0
284a2c026a11,78.0,23.0,21.084871,0.7765670909090908,0.7210791678033636,0.08695651795841226,0.17391303591682453,0.399999920000016,0.0,0.5384615384615384,19.0
286f1070bc71,79.0,23.0,30.326369,1.1137737727272727,1.0892289832465345,0.08695651795841226,0.21739129489603065,0.33333327777778704,0.0,0.5384615384615384,19.0
28a5e0dc50b9,79.0,23.0,10.306678,0.36752527272727276,0.23134366990160143,0.08695651795841226,0.21739129489603065,0.33333327777778704,0.0,0.5384615384615384,19.0
28a6445e061f,78.0,23.0,6.827644,0.24101531818181818,0.20721217363998726,0.08695651795841226,0.17391303591682453,0.399999920000016,0.0,0.5384615384615384,19.0
28a86df5bf4a,78.0,23.0,16.528071,0.6015550454545455,0.5361576256828349,0.08695651795841226,0.17391303591682453,0.399999920000016,0.0,0.5384615384615384,19.0
28c63c69bee4,10.0,5.0,8.966841,0.983867,0.010118165051035669,0.0,0.0,1.9999980000020001,0.0,0.19999999999999996,5.0
28f357810517,78.0,23.0,6.46309,0.22362504545454548,0.12717256409322514,0.08695651795841226,0.17391303591682453,0.399999920000016,0.0,0.5384615384615384,19.0
29264dc6277a,41.0,19.0,27.275221,1.056939166666667,0.1711495442692116,0.0,0.0,1.9999980000020001,0.0,0.5588235294117647,16.0
299abecb85cb,78.0,23.0,5.968094,0.2044508636363636,0.10019153763300688,0.08695651795841226,0.17391303591682453,0.399999920000016,0.0,0.5384615384615384,19.0
29c692b5a1ec,78.0,23.0,25.321906,0.9402552272727273,0.8803974411828596,0.08695651795841226,0.17391303591682453,0.399999920000016,0.0,0.5384615384615384,19.0
29de6762cbf0,78.0,23.0,20.283004,0.7563491363636363,0.7205987704068318,0.08695651795841226,0.17391303591682453,0.399999920000016,0.0,0.5384615384615384,19.0
2a3709651b57,41.0,19.0,32.118446,1.311182722222222,0.5603066187311883,0.0,0.0,1.9999980000020001,0.0,0.5588235294117647,16.0
2a4a4d373f92,78.0,23.0,35.198818,1.2715653636363635,1.2584638583222743,0.08695651795841226,0.17391303591682453,0.399999920000016,0.0,0.5384615384615384,19.0
2a8cf5772f38,78.0,23.0,27.208854,1.0047895454545455,1.002024990211119,0.08695651795841226,0.17391303591682453,0.399999920000016,0.0,0.5384615384615384,19.0
2ad6b4a3b996,14.0,6.0,111.055078,0.0058173999999999995,0.00112761110317343,0.49999991666668053,0.0,0.0,0.0,0.16666666666666663,6.0
2b259f203f89,78.0,23.0,31.872656,1.1800918636363635,1.206502753104048,0.08695651795841226,0.17391303591682453,0.399999920000016,0.0,0.5384615384615384,19.0
2b2bfd468b54,78.0,23.0,16.1541,0.5885317272727272,0.550382362755565,0.08695651795841226,0.17391303591682453,0.399999920000016,0.0,0.5384615384615384,19.0
2b329d505759,78.0,23.0,33.648896,1.2429284545454549,1.1658590988408395,0.08695651795841226,0.17391303591682453,0.399999920000016,0.0,0.5384615384615384,19.0
2b3ec77be90e,78.0,23.0,28.282594,1.0420005454545456,1.024046026605051,0.08695651795841226,0.17391303591682453,0.399999920000016,0.0,0.5384615384615384,19.0
2b50f0bbd751,78.0,23.0,8.38918,0.29281254545454544,0.2073223561796431,0.08695651795841226,0.17391303591682453,0.399999920000016,0.0,0.5384615384615384,19.0
2b5283d9f131,16.0,7.0,54.699437,2.7397088333333333,6.694956325341141,0.4285713673469475,0.0,0.0,0.0,0.2857142857142857,6.0
2b6728306d80,10.0,5.0,13.19126,1.73397475,1.3823975869978882,0.0,0.0,1.9999980000020001,0.0,0.19999999999999996,5.0
2babcd3719e4,78.0,23.0,39.160906,1.4940055,1.662367756321021,0.08695651795841226,0.17391303591682453,0.399999920000016,0.0,0.5384615384615384,19.0
2be133de4cff,41.0,19.0,29.963547,1.2135097777777777,0.14264551378960594,0.0,0.0,1.9999980000020001,0.0,0.5588235294117647,16.0
2bf9290eb081,20.0,10.0,1.326123,0.045376,0.037481358923470216,0.299999970000003,0.0,1.9999980000020001,0.6666664444445185,0.15384615384615385,12.0
2c2d158447e2,78.0,23.0,6.035716,0.2046240454545455,0.11928075012278797,0.08695651795841226,0.17391303591682453,0.399999920000016,0.0,0.5384615384615384,19.0
2c31479ad59d,78.0,23.0,41.748037,1.5624975454545456,1.6925721393026911,0.08695651795841226,0.17391303591682453,0.399999920000016,0.0,0.5384615384615384,19.0
2c54c266a510,78.0,23.0,6.100418,0.20790136363636363,0.09586922288625195,0.08695651795841226,0.17391303591682453,0.399999920000016,0.0,0.5384615384615384,19.0
2c80ee06f53f,41.0,19.0,5.378678,0.17994416666666668,0.04181842473648639,0.0,0.0,1.9999980000020001,0.0,0.5588235294117647,16.0
2cef8e8a2169,78.0,23.0,6.091092,0.20897818181818187,0.10228987133288761,0.08695651795841226,0.17391303591682453,0.399999920000016,0.0,0.5384615384615384,19.0
2d00b981a745,78.0,23.0,37.884574,1.3764313636363636,1.3703242793688184,0.08695651795841226,0.17391303591682453,0.399999920000016,0.0,0.5384615384615384,19.0
2d03199f67f6,10.0,5.0,9.370188,1.0810950000000001,0.2227983830985614,0.0,0.0,1.9999980000020001,0.0,0.19999999999999996,5.0
2d14f03a37d2,42.0,19.0,42.431029,1.6313011666666666,0.6756663120277686,0.0,0.0,1.9999980000020001,0.0,0.5588235294117647,16.0
2d29b2e5dcf9,78.0,23.0,7.955555,0.2812887272727273,0.16250535661037435,0.08695651795841226,0.17391303591682453,0.399999920000016,0.0,0.5384615384615384,19.0
2d3c7d04afdd,78.0,23.0,19.424474,0.720731,0.6089393591480345,0.08695651795841226,0.17391303591682453,0.399999920000016,0.0,0.5384615384615384,19.0
2d57ea03b946,78.0,23.0,35.658005,1.2598589545454546,1.2148503196462979,0.08695651795841226,0.17391303591682453,0.399999920000016,0.0,0.5384615384615384,19.0
2d7322f5eb7d,78.0,23.0,31.12888,1.1611065,1.146706271643048,0.08695651795841226,0.17391303591682453,0.399999920000016,0.0,0.5384615384615384,19.0
2d9f9b6001cf,77.0,23.0,8.492928,0.31127536363636366,0.18407861694590877,0.08695651795841226,0.1304347769376184,0.49999987500003124,0.0,0.5384615384615384,19.0
2daf188e483b,79.0,23.0,9.003444,0.33500504545454546,0.22944630045030398,0.08695651795841226,0.21739129489603065,0.33333327777778704,0.0,0.5384615384615384,19.0
2db54e64b38e,78.0,23.0,21.684616,0.8049572727272728,0.8772875042342396,0.08695651795841226,0.17391303591682453,0.399999920000016,0.0,0.5384615384615384,19.0
2dc8f89a7050,78.0,23.0,42.813305,1.273592909090909,1.5299242969305287,0.08695651795841226,0.17391303591682453,0.399999920000016,0.0,0.5384615384615384,19.0
2de94082bf80,78.0,23.0,6.003056,0.20222331818181816,0.10369993776660959,0.08695651795841226,0.17391303591682453,0.399999920000016,0.0,0.5384615384615384,19.0
2dfced99a6f7,78.0,23.0,14.523033999999999,0.5345375454545453,0.45379018929527404,0.08695651795841226,0.17391303591682453,0.399999920000016,0.0,0.5384615384615384,19.0
2e13308b9568,98.0,46.0,159.335442,3.4755649333333336,7.7636636255674825,0.0,0.0,2.9999970000030003,0.0,0.9782608695652174,2.0
2e394e906035,78.0,23.0,10.439859,0.37000822727272725,0.2920284287439498,0.08695651795841226,0.17391303591682453,0.399999920000016,0.0,0.5384615384615384,19.0
2e4545d65f0c,78.0,23.0,8.356679,0.29633336363636364,0.19275146047042163,0.08695651795841226,0.17391303591682453,0.399999920000016,0.0,0.5384615384615384,19.0
2e482521196c,78.0,23.0,31.428214,1.1691141363636364,1.1722478821987103,0.08695651795841226,0.17391303591682453,0.399999920000016,0.0,0.5384615384615384,19.0
2e586f040125,78.0,23.0,7.589667,0.23384659090909088,0.14245081354885072,0.08695651795841226,0.17391303591682453,0.399999920000016,0.0,0.5384615384615384,19.0
2e6dadca2ff8,41.0,19.0,17.242055,0.6615527777777779,0.1158923619350684,0.0,0.0,1.9999980000020001,0.0,0.5588235294117647,16.0
2e7d062224b6,78.0,23.0,8.595563,0.3019945,0.20048749392721302,0.08695651795841226,0.17391303591682453,0.399999920000016,0.0,0.5384615384615384,19.0
2e8480f0133a,78.0,23.0,25.851472,0.9469635909090908,0.9501265178500556,0.08695651795841226,0.17391303591682453,0.399999920000016,0.0,0.5384615384615384,19.0
2e884746b82e,78.0,23.0,110.901392,4.048965363636364,4.199983745149934,0.08695651795841226,0.17391303591682453,0.399999920000016,0.0,0.5384615384615384,19.0
2e90d8ce5ea2,78.0,23.0,30.014997,1.1159446363636365,1.2438528199730503,0.08695651795841226,0.17391303591682453,0.399999920000016,0.0,0.5384615384615384,19.0
2ea9dd1c1248,78.0,23.0,25.536926,0.9477368636363637,0.8840925810645409,0.08695651795841226,0.17391303591682453,0.399999920000016,0.0,0.5384615384615384,19.0
2eab4a97fe8f,78.0,23.0,15.980211,0.583662909090909,0.5206056902658039,0.08695651795841226,0.17391303591682453,0.399999920000016,0.0,0.5384615384615384,19.0
2eb27726e22b,78.0,23.0,32.198359,1.190725681818182,1.1594951904937474,0.08695651795841226,0.17391303591682453,0.399999920000016,0.0,0.5384615384615384,19.0
2ec0e7228874,78.0,23.0,17.111891,0.6249853181818182,0.5423921024756367,0.08695651795841226,0.17391303591682453,0.399999920000016,0.0,0.5384615384615384,19.0
2ed9b3050426,78.0,23.0,23.479184,0.8639576363636362,0.878006706707249,0.08695651795841226,0.17391303591682453,0.399999920000016,0.0,0.5384615384615384,19.0
2f00d562305a,78.0,23.0,22.464878,0.8538096818181817,0.9245341731562203,0.08695651795841226,0.17391303591682453,0.399999920000016,0.0,0.5384615384615384,19.0
2f215383c932,78.0,23.0,32.523228,1.2172922727272728,1.1986861872443901,0.08695651795841226,0.17391303591682453,0.399999920000016,0.0,0.5384615384615384,19.0
2f325b8d7695,78.0,23.0,12.957557,0.4648679090909091,0.38925586323099315,0.08695651795841226,0.17391303591682453,0.399999920000016,0.0,0.5384615384615384,19.0
2f3a2aefd3f2,78.0,23.0,34.523686,1.2811216818181819,1.3261267056619612,0.08695651795841226,0.17391303591682453,0.399999920000016,0.0,0.5384615384615384,19.0
2f3a3d0db041,78.0,23.0,15.832365,0.5742269090909091,0.51848255970218,0.08695651795841226,0.17391303591682453,0.399999920000016,0.0,0.5384615384615384,19.0
2f73b67834f2,41.0,19.0,47.522435,1.8325041666666668,0.8689281645494773,0.0,0.0,1.9999980000020001,0.0,0.5588235294117647,16.0
2f7d79daf4ee,79.0,23.0,29.14059,1.0685630454545454,1.0499123841689284,0.08695651795841226,0.21739129489603065,0.33333327777778704,0.0,0.5384615384615384,19.0
2f83aafe3a03,78.0,23.0,31.332871,1.1612025454545456,1.1614319570539073,0.08695651795841226,0.17391303591682453,0.399999920000016,0.0,0.5384615384615384,19.0
2fd12e49cd97,41.0,19.0,5.61552,0.1787906111111111,0.046809996404914456,0.0,0.0,1.9999980000020001,0.0,0.5588235294117647,16.0
2fd9aa1ecae5,78.0,23.0,62.834999,2.0343981818181818,3.779936680996019,0.08695651795841226,0.17391303591682453,0.399999920000016,0.0,0.5384615384615384,19.0
2ff8ad682f0d,18.0,10.0,0.865007,0.042497222222222214,0.03119612793992941,0.299999970000003,0.0,0.0,0.0,0.15384615384615385,12.0
302a912245e1,41.0,19.0,36.535813,1.5338853888888888,0.8247852630314034,0.0,0.0,1.9999980000020001,0.0,0.5588235294117647,16.0
30714d79bd34,78.0,23.0,19.267518,0.7070281363636364,0.6039686747063164,0.08695651795841226,0.17391303591682453,0.399999920000016,0.0,0.5384615384615384,19.0
30961b00ad2a,79.0,23.0,9.162316,0.3308648181818182,0.21389141972497488,0.08695651795841226,0.21739129489603065,0.33333327777778704,0.0,0.5384615384615384,19.0
30e84b1c6081,78.0,23.0,10.76463,0.3891544545454545,0.32749986746805426,0.08695651795841226,0.17391303591682453,0.399999920000016,0.0,0.5384615384615384,19.0
30eb85308566,78.0,23.0,6.171767,0.2103112727272727,0.12317658508019012,0.08695651795841226,0.17391303591682453,0.399999920000016,0.0,0.5384615384615384,19.0
30faa73216f5,78.0,23.0,24.061939,0.8959873181818181,0.8721785937119043,0.08695651795841226,0.17391303591682453,0.399999920000016,0.0,0.5384615384615384,19.0
3102b3e3497b,41.0,19.0,25.279892,1.0090868888888886,0.11842373657679635,0.0,0.0,1.9999980000020001,0.0,0.5588235294117647,16.0
313cb6ad2146,78.0,23.0,31.114862,1.1529788636363636,1.1871434005604458,0.08695651795841226,0.17391303591682453,0.399999920000016,0.0,0.5384615384615384,19.0
314df23ca268,78.0,23.0,25.617631,0.9449725454545456,0.9380375828769298,0.08695651795841226,0.17391303591682453,0.399999920000016,0.0,0.5384615384615384,19.0
31519dda770a,78.0,23.0,33.495648,1.2434485,1.245129881017381,0.08695651795841226,0.17391303591682453,0.399999920000016,0.0,0.5384615384615384,19.0
316fe341a34b,78.0,23.0,6.444596,0.21818999999999997,0.10349979791652687,0.08695651795841226,0.17391303591682453,0.399999920000016,0.0,0.5384615384615384,19.0
3182879ff30c,16.0,7.0,12.684109,0.6026055,1.4626150546935786,0.4285713673469475,0.0,0.0,0.0,0.2857142857142857,6.0
319340dce31c,78.0,23.0,16.233801,0.592772590909091,0.5402313641815805,0.08695651795841226,0.17391303591682453,0.399999920000016,0.0,0.5384615384615384,19.0
319c8ec16356,78.0,23.0,8.479371,0.29709836363636366,0.17935333482968233,0.08695651795841226,0.17391303591682453,0.399999920000016,0.0,0.5384615384615384,19.0
319faccc5889,78.0,23.0,6.041737,0.20630345454545457,0.0987328459819138,0.08695651795841226,0.17391303591682453,0.399999920000016,0.0,0.5384615384615384,19.0
3215ced4e5c0,41.0,19.0,25.868248,1.0162664444444445,0.15062844391775732,0.0,0.0,1.9999980000020001,0.0,0.5588235294117647,16.0
322540ad215b,78.0,23.0,33.490774,1.2440476363636366,1.2856844522808537,0.08695651795841226,0.17391303591682453,0.399999920000016,0.0,0.5384615384615384,19.0
32366ac12130,78.0,23.0,12.091505,0.43882009090909085,0.3674700304844968,0.08695651795841226,0.17391303591682453,0.399999920000016,0.0,0.5384615384615384,19.0
323a083436ce,78.0,23.0,5.457911,0.18038336363636365,0.0840558720837886,0.08695651795841226,0.17391303591682453,0.399999920000016,0.0,0.5384615384615384,19.0
323e158a3353,78.0,23.0,30.802863,1.1380311818181819,1.1563629437086511,0.08695651795841226,0.17391303591682453,0.399999920000016,0.0,0.5384615384615384,19.0
323e8383ae91,78.0,23.0,18.285457,0.666838090909091,0.6348353741541345,0.08695651795841226,0.17391303591682453,0.399999920000016,0.0,0.5384615384615384,19.0
327096f0685d,16.0,7.0,12.311645,0.5609503333333333,1.3605159411536,0.4285713673469475,0.0,0.0,0.0,0.2857142857142857,6.0
3280f066fa42,77.0,23.0,37.003852,1.4191465454545453,1.8686485298547852,0.08695651795841226,0.1304347769376184,0.49999987500003124,0.0,0.5384615384615384,19.0
32c924d8ada3,18.0,10.0,2.7666880000000003,0.15954633333333335,0.14578286720667832,0.299999970000003,0.0,0.0,0.0,0.15384615384615385,12.0
32cea3c0297b,78.0,23.0,32.278672,1.1968918181818182,1.2265009613886564,0.08695651795841226,0.17391303591682453,0.399999920000016,0.0,0.5384615384615384,19.0
32ced457f75b,78.0,23.0,15.593688,0.5669513181818181,0.5003127380889245,0.08695651795841226,0.17391303591682453,0.399999920000016,0.0,0.5384615384615384,19.0
32d251cb36b3,41.0,19.0,34.41994,1.2280729999999997,0.3526757070082439,0.0,0.0,1.9999980000020001,0.0,0.5588235294117647,16.0
330fe3ce1657,78.0,23.0,5.7911,0.19300695454545452,0.10831358049991756,0.08695651795841226,0.17391303591682453,0.399999920000016,0.0,0.5384615384615384,19.0
334e4ee4ce71,41.0,19.0,19.495789,0.7806835555555556,0.06748061246646828,0.0,0.0,1.9999980000020001,0.0,0.5588235294117647,16.0
33602764fce1,19.0,10.0,4.337176,0.19320066666666663,0.17780169823148484,0.299999970000003,0.0,0.9999990000010001,0.499999750000125,0.15384615384615385,12.0
3365a2ff3cb5,78.0,23.0,29.455675,1.1052082727272727,1.2447196136283705,0.08695651795841226,0.17391303591682453,0.399999920000016,0.0,0.5384615384615384,19.0
33b604bb8e26,41.0,19.0,12.52732,0.4724897222222222,0.09036982396588025,0.0,0.0,1.9999980000020001,0.0,0.5588235294117647,16.0
33b6506d24e7,41.0,19.0,30.489617,1.207446277777778,0.1431332601261149,0.0,0.0,1.9999980000020001,0.0,0.5588235294117647,16.0
33bf14629d76,41.0,19.0,28.486059,1.1263088333333333,0.1643880698845946,0.0,0.0,1.9999980000020001,0.0,0.5588235294117647,16.0
33c3aff0561c,78.0,23.0,30.95356,1.1521293636363634,1.1648660232797485,0.08695651795841226,0.17391303591682453,0.399999920000016,0.0,0.5384615384615384,19.0
33cc892ee3c3,77.0,23.0,25.307615,0.9333228181818182,0.9021257730481264,0.08695651795841226,0.1304347769376184,0.49999987500003124,0.0,0.5384615384615384,19.0
33ebfadc9ee8,78.0,23.0,5.7648209999999995,0.19246709090909092,0.09298044055499449,0.08695651795841226,0.17391303591682453,0.399999920000016,0.0,0.5384615384615384,19.0
34845a903ea9,78.0,23.0,31.506791,1.1677057272727274,1.16311470085367,0.08695651795841226,0.17391303591682453,0.399999920000016,0.0,0.5384615384615384,19.0
348972fca940,79.0,23.0,40.899923,1.492940590909091,1.4406936661567102,0.08695651795841226,0.21739129489603065,0.33333327777778704,0.0,0.5384615384615384,19.0
349ee8247e64,78.0,23.0,34.069752,1.2721189090909089,1.4989281463414006,0.08695651795841226,0.17391303591682453,0.399999920000016,0.0,0.5384615384615384,19.0
34ac8239e7de,78.0,23.0,5.759871,0.19542563636363636,0.09183104964762889,0.08695651795841226,0.17391303591682453,0.399999920000016,0.0,0.5384615384615384,19.0
34b1c6f921f7,98.0,46.0,268.606577,5.854219799999998,9.403474122233876,0.0,0.0,2.9999970000030003,0.0,0.9782608695652174,2.0
34b875723eb5,41.0,19.0,16.295922,0.6646597777777777,0.06423725839926228,0.0,0.0,1.9999980000020001,0.0,0.5588235294117647,16.0
34d2751ce4ba,78.0,23.0,32.014537,1.1876715,1.1751305856042735,0.08695651795841226,0.17391303591682453,0.399999920000016,0.0,0.5384615384615384,19.0
34dff2d0b8fa,78.0,23.0,32.816514,1.2242372727272726,1.1526448152185096,0.08695651795841226,0.17391303591682453,0.399999920000016,0.0,0.5384615384615384,19.0
351366fd6e20,78.0,23.0,15.896345,0.5804024545454546,0.5323457992020499,0.08695651795841226,0.17391303591682453,0.399999920000016,0.0,0.5384615384615384,19.0
35472fc1a008,78.0,23.0,6.55335,0.2141671818181818,0.09989699284269264,0.08695651795841226,0.17391303591682453,0.399999920000016,0.0,0.5384615384615384,19.0
3547d6f60913,78.0,23.0,6.706192,0.23474090909090908,0.12892081674752331,0.08695651795841226,0.17391303591682453,0.399999920000016,0.0,0.5384615384615384,19.0
354802b510c7,78.0,23.0,26.115725,0.9563131818181819,0.9413235359170079,0.08695651795841226,0.17391303591682453,0.399999920000016,0.0,0.5384615384615384,19.0
354df6e9cf73,78.0,23.0,26.966062,0.9940595454545456,0.9857080916941422,0.08695651795841226,0.17391303591682453,0.399999920000016,0.0,0.5384615384615384,19.0
355a544c714a,78.0,23.0,33.525169,1.2421080454545455,1.254144073714077,0.08695651795841226,0.17391303591682453,0.399999920000016,0.0,0.5384615384615384,19.0
35797f42e9a9,78.0,23.0,6.307093,0.21730463636363637,0.09100370429380776,0.08695651795841226,0.17391303591682453,0.399999920000016,0.0,0.5384615384615384,19.0
35c9dd54f23c,78.0,23.0,15.762449,0.5725604999999999,0.49439979922776306,0.08695651795841226,0.17391303591682453,0.399999920000016,0.0,0.5384615384615384,19.0
35d52fc1eb45,78.0,23.0,41.149766,1.5514020454545454,2.133241765308477,0.08695651795841226,0.17391303591682453,0.399999920000016,0.0,0.5384615384615384,19.0
35ffb5d8370e,78.0,23.0,6.660641,0.22758254545454545,0.13742808015371505,0.08695651795841226,0.17391303591682453,0.399999920000016,0.0,0.5384615384615384,19.0
3609a46c2c28,78.0,23.0,35.296151,1.3165819545454545,1.1606528948769463,0.08695651795841226,0.17391303591682453,0.399999920000016,0.0,0.5384615384615384,19.0
361050d359a7,78.0,23.0,5.9620180000000005,0.20272813636363637,0.08907361034201697,0.08695651795841226,0.17391303591682453,0.399999920000016,0.0,0.5384615384615384,19.0
361ddb8dd445,8.0,1.0,3.258213,0.0,0.0,0.0,0.0,2.9999970000030003,0.0,1.0,1.0
3652f628ac25,78.0,23.0,15.584925,0.5513070454545455,0.507142399428356,0.08695651795841226,0.17391303591682453,0.399999920000016,0.0,0.5384615384615384,19.0
366e56b3b957,41.0,19.0,20.137793,0.8588293333333333,0.06932074843117914,0.0,0.0,1.9999980000020001,0.0,0.5588235294117647,16.0
3678e2acb770,78.0,23.0,23.107111,0.8432956818181818,0.9019804495336855,0.08695651795841226,0.17391303591682453,0.399999920000016,0.0,0.5384615384615384,19.0
36a14d534c15,78.0,23.0,8.420048,0.2924197272727272,0.18380193017904117,0.08695651795841226,0.17391303591682453,0.399999920000016,0.0,0.5384615384615384,19.0
36c98ac94042,78.0,23.0,12.528178,0.4454387727272728,0.37372539467507576,0.08695651795841226,0.17391303591682453,0.399999920000016,0.0,0.5384615384615384,19.0
370d3aca5dad,41.0,19.0,12.420114,0.46212533333333333,0.09008605846437649,0.0,0.0,1.9999980000020001,0.0,0.5588235294117647,16.0
37307ccead02,78.0,23.0,30.123568,1.1430824545454545,1.0596137507876444,0.08695651795841226,0.17391303591682453,0.399999920000016,0.0,0.5384615384615384,19.0
373f292408a5,42.0,19.0,52.36844,2.178731055555556,1.65985460202185,0.0,0.0,1.9999980000020001,0.0,0.5588235294117647,16.0
3748f88f3a0f,78.0,23.0,32.460835,1.2057413636363636,1.238345436409003,0.08695651795841226,0.17391303591682453,0.399999920000016,0.0,0.5384615384615384,19.0
376cd0346ccf,41.0,19.0,6.526179,0.18953199999999998,0.044786173516335306,0.0,0.0,1.9999980000020001,0.0,0.5588235294117647,16.0
3777e7a6e8ca,78.0,23.0,35.199735,1.319144772727273,1.25355351408914,0.08695651795841226,0.17391303591682453,0.399999920000016,0.0,0.5384615384615384,19.0
378689257222,16.0,7.0,12.640973,0.5606961666666667,1.3623759258299328,0.4285713673469475,0.0,0.0,0.0,0.2857142857142857,6.0
37878a777ddc,78.0,23.0,24.124368,0.8901976818181816,0.8733997201288104,0.08695651795841226,0.17391303591682453,0.399999920000016,0.0,0.5384615384615384,19.0
37a761fb5fa5,41.0,19.0,19.802462,0.8490229444444445,0.06069393905051244,0.0,0.0,1.9999980000020001,0.0,0.5588235294117647,16.0
37c36d960acd,41.0,19.0,21.850987,0.8497600000000001,0.11743627392410096,0.0,0.0,1.9999980000020001,0.0,0.5588235294117647,16.0
38158ee08fa5,78.0,23.0,5.572071,0.18670113636363636,0.10366331791833436,0.08695651795841226,0.17391303591682453,0.399999920000016,0.0,0.5384615384615384,19.0
3827eef7a73e,77.0,23.0,6.913777,0.2411285909090909,0.15272628243197484,0.08695651795841226,0.1304347769376184,0.49999987500003124,0.0,0.5384615384615384,19.0
386bad3d6751,41.0,19.0,35.258824,1.3578666666666668,0.227301392458404,0.0,0.0,1.9999980000020001,0.0,0.5588235294117647,16.0
3888ac3c0cc6,78.0,23.0,24.275001,0.8954380000000003,0.8667646661602038,0.08695651795841226,0.17391303591682453,0.399999920000016,0.0,0.5384615384615384,19.0
388a1f58b2da,41.0,19.0,23.506962,0.8332353888888888,0.12974779252577076,0.0,0.0,1.9999980000020001,0.0,0.5588235294117647,16.0
38b684545176,78.0,23.0,28.5258,1.0569379545454547,1.0380500766356062,0.08695651795841226,0.17391303591682453,0.399999920000016,0.0,0.5384615384615384,19.0
392f2e8120e3,78.0,23.0,37.045565,1.408513409090909,1.4035800900193174,0.08695651795841226,0.17391303591682453,0.399999920000016,0.0,0.5384615384615384,19.0
393e2a40a153,41.0,19.0,30.78881,1.1439262222222224,0.2602964784897848,0.0,0.0,1.9999980000020001,0.0,0.5588235294117647,16.0
3947713a44dc,16.0,7.0,12.482543,0.5840953333333333,1.4165822454047157,0.4285713673469475,0.0,0.0,0.0,0.2857142857142857,6.0
395bc719ce7a,78.0,23.0,31.201546,1.1573601818181818,1.1630015795323851,0.08695651795841226,0.17391303591682453,0.399999920000016,0.0,0.5384615384615384,19.0
395c51a7e191,79.0,23.0,7.205336,0.2526058181818182,0.1415567163657418,0.08695651795841226,0.21739129489603065,0.33333327777778704,0.0,0.5384615384615384,19.0
397e2b60f961,78.0,23.0,6.979357,0.24211445454545458,0.11673519086895828,0.08695651795841226,0.17391303591682453,0.399999920000016,0.0,0.5384615384615384,19.0
39962e24fd2d,78.0,23.0,13.851164,0.4996519545454545,0.43192330492152325,0.08695651795841226,0.17391303591682453,0.399999920000016,0.0,0.5384615384615384,19.0
39b115acbf4b,78.0,23.0,30.584043,1.1353371363636364,1.1583692051225782,0.08695651795841226,0.17391303591682453,0.399999920000016,0.0,0.5384615384615384,19.0
39c8abc76a41,78.0,23.0,28.195904,1.0523225454545455,1.1376187056418594,0.08695651795841226,0.17391303591682453,0.399999920000016,0.0,0.5384615384615384,19.0
39dfbccf2670,78.0,23.0,29.377075,1.099988909090909,1.1266087839043206,0.08695651795841226,0.17391303591682453,0.399999920000016,0.0,0.5384615384615384,19.0
39fbc475f4e9,78.0,23.0,41.21247,1.5231893181818181,1.6588855638006579,0.08695651795841226,0.17391303591682453,0.399999920000016,0.0,0.5384615384615384,19.0
3a08d0584d90,78.0,23.0,23.665731,0.878276,0.9399748147271463,0.08695651795841226,0.17391303591682453,0.399999920000016,0.0,0.5384615384615384,19.0
3a5e279d0a4f,78.0,23.0,35.560196,1.3364567272727272,1.2444875569537,0.08695651795841226,0.17391303591682453,0.399999920000016,0.0,0.5384615384615384,19.0
3a9214608bf4,78.0,23.0,15.007823,0.5474838636363637,0.44568399175481316,0.08695651795841226,0.17391303591682453,0.399999920000016,0.0,0.5384615384615384,19.0
3a92cc2cfa78,41.0,19.0,26.028202,1.086046388888889,0.0870043807160366,0.0,0.0,1.9999980000020001,0.0,0.5588235294117647,16.0
3acd844c2048,78.0,23.0,26.126212,0.955096681818182,0.9489451110921808,0.08695651795841226,0.17391303591682453,0.399999920000016,0.0,0.5384615384615384,19.0
3bad2f71aed0,78.0,23.0,32.067798,1.1914746818181816,1.179315488782022,0.08695651795841226,0.17391303591682453,0.399999920000016,0.0,0.5384615384615384,19.0
3bcbc8ed1336,78.0,23.0,28.921281,1.0706317727272727,1.0629054366024036,0.08695651795841226,0.17391303591682453,0.399999920000016,0.0,0.5384615384615384,19.0
3bd9c8e9612a,78.0,23.0,10.769993,0.37485690909090913,0.3004444877301295,0.08695651795841226,0.17391303591682453,0.399999920000016,0.0,0.5384615384615384,19.0
3bf3f017064c,77.0,23.0,37.202474,1.3591767727272726,1.4608092255264002,0.08695651795841226,0.1304347769376184,0.49999987500003124,0.0,0.5384615384615384,19.0
3bf56afc7961,78.0,23.0,15.995185,0.5831985909090908,0.5315230218902103,0.08695651795841226,0.17391303591682453,0.399999920000016,0.0,0.5384615384615384,19.0
3c06182e602b,78.0,23.0,13.291124,0.4803492272727274,0.4098910970252525,0.08695651795841226,0.17391303591682453,0.399999920000016,0.0,0.5384615384615384,19.0
3c7892417744,78.0,23.0,37.158988,1.3687236363636364,1.2877926148143333,0.08695651795841226,0.17391303591682453,0.399999920000016,0.0,0.5384615384615384,19.0
3c7c2aa2f55f,77.0,23.0,8.798887,0.3054668181818182,0.25201029992757124,0.08695651795841226,0.1304347769376184,0.49999987500003124,0.0,0.5384615384615384,19.0
3ca96c700df6,78.0,23.0,35.14018,1.317543409090909,1.397269735263012,0.08695651795841226,0.17391303591682453,0.399999920000016,0.0,0.5384615384615384,19.0
3cab6fd04185,41.0,19.0,21.296721,0.8277237777777777,0.1227355783566279,0.0,0.0,1.9999980000020001,0.0,0.5588235294117647,16.0
3cd6859112a9,78.0,23.0,13.162945,0.47256922727272727,0.40869546798854334,0.08695651795841226,0.17391303591682453,0.399999920000016,0.0,0.5384615384615384,19.0
3cf705002906,41.0,19.0,31.101737,1.216857111111111,0.2213253231737998,0.0,0.0,1.9999980000020001,0.0,0.5588235294117647,16.0
3daebd9d1316,76.0,23.0,17.360837,0.6384231363636365,0.6018548604241879,0.08695651795841226,0.08695651795841226,0.6666664444445185,0.0,0.5384615384615384,19.0
3dcdb8b966a6,41.0,19.0,31.296502,1.190480777777778,0.4769676423159314,0.0,0.0,1.9999980000020001,0.0,0.5588235294117647,16.0
3de54a1324a5,78.0,23.0,5.776489,0.19250640909090908,0.09452953554900387,0.08695651795841226,0.17391303591682453,0.399999920000016,0.0,0.5384615384615384,19.0
3df19de0da16,78.0,23.0,37.272277,1.3706662727272727,1.6914258287613917,0.08695651795841226,0.17391303591682453,0.399999920000016,0.0,0.5384615384615384,19.0
3e0e4b0aba34,78.0,23.0,8.674922,0.3103722727272728,0.3612951164358553,0.08695651795841226,0.17391303591682453,0.399999920000016,0.0,0.5384615384615384,19.0
3e322af88144,41.0,19.0,17.300355,0.6697731666666668,0.10288572406444299,0.0,0.0,1.9999980000020001,0.0,0.5588235294117647,16.0
3ea5f66173b5,78.0,23.0,21.114569,0.7763665454545454,0.741598121778374,0.08695651795841226,0.17391303591682453,0.399999920000016,0.0,0.5384615384615384,19.0
3ebf2190ed3f,78.0,23.0,66.286147,2.491074727272727,4.010812301087009,0.08695651795841226,0.17391303591682453,0.399999920000016,0.0,0.5384615384615384,19.0
3ed5e46cba28,16.0,7.0,68.406403,3.233787,7.903307818973496,0.4285713673469475,0.0,0.0,0.0,0.2857142857142857,6.0
3ef4234af892,41.0,19.0,35.573009,1.5126642222222222,1.0087639127265404,0.0,0.0,1.9999980000020001,0.0,0.5588235294117647,16.0
3ef7cbbfd90b,78.0,23.0,9.640868,0.3419545,0.2182947799850883,0.08695651795841226,0.17391303591682453,0.399999920000016,0.0,0.5384615384615384,19.0
3f02445fc0e8,78.0,23.0,25.327281,0.9363352272727273,0.898411245292962,0.08695651795841226,0.17391303591682453,0.399999920000016,0.0,0.5384615384615384,19.0
3f1425dbab1d,78.0,23.0,35.36379,1.3371078636363638,1.576303868995874,0.08695651795841226,0.17391303591682453,0.399999920000016,0.0,0.5384615384615384,19.0
3f36d6181a12,78.0,23.0,35.164043,1.3122567272727268,1.3733063620011647,0.08695651795841226,0.17391303591682453,0.399999920000016,0.0,0.5384615384615384,19.0
3f6a692011ff,16.0,7.0,12.61092,0.56295,1.3647754250604016,0.4285713673469475,0.0,0.0,0.0,0.2857142857142857,6.0
3f95de02d560,78.0,23.0,34.663578,1.2893273181818183,1.3130736453605403,0.08695651795841226,0.17391303591682453,0.399999920000016,0.0,0.5384615384615384,19.0
3f997a18f9ac,41.0,19.0,32.236165,1.2733595,0.15047650863536222,0.0,0.0,1.9999980000020001,0.0,0.5588235294117647,16.0
3f9dafd6530a,78.0,23.0,6.452106,0.21963459090909093,0.11533002935743397,0.08695651795841226,0.17391303591682453,0.399999920000016,0.0,0.5384615384615384,19.0
3f9eb500bfc3,16.0,7.0,68.576834,3.2485131666666667,7.943007897097457,0.4285713673469475,0.0,0.0,0.0,0.2857142857142857,6.0
3f9f8b2c6581,78.0,23.0,6.660829,0.23407400000000003,0.13147243195039932,0.08695651795841226,0.17391303591682453,0.399999920000016,0.0,0.5384615384615384,19.0
3fc32a54ce37,77.0,23.0,32.935875,1.219187227272727,1.3900891954449384,0.08695651795841226,0.1304347769376184,0.49999987500003124,0.0,0.5384615384615384,19.0
3fc953233163,41.0,19.0,21.90885,0.7999348333333334,0.1501360682636803,0.0,0.0,1.9999980000020001,0.0,0.5588235294117647,16.0
401bc41924c8,78.0,23.0,32.130598,1.1952716363636364,1.2064841361950194,0.08695651795841226,0.17391303591682453,0.399999920000016,0.0,0.5384615384615384,19.0
406dee68c2f5,77.0,23.0,173.889699,7.469536090909093,26.895480439571926,0.08695651795841226,0.17391303591682453,0.399999920000016,0.0,0.5384615384615384,19.0
40839b5c6169,78.0,23.0,11.528846,0.4165077272727272,0.3210690672980447,0.08695651795841226,0.17391303591682453,0.399999920000016,0.0,0.5384615384615384,19.0
40b223ba5f07,7.0,1.0,2.6963470000000003,0.0,0.0,0.0,0.0,1.9999980000020001,0.0,1.0,1.0
40b37cdd8da8,78.0,23.0,8.375013,0.2858325909090909,0.18579445393323366,0.08695651795841226,0.17391303591682453,0.399999920000016,0.0,0.5384615384615384,19.0
40c04c48f849,16.0,7.0,12.520081,0.5760516666666667,1.3973513523913257,0.4285713673469475,0.0,0.0,0.0,0.2857142857142857,6.0
40ccdea2fcd3,78.0,23.0,36.596341,1.3238643181818182,1.3696164589722393,0.08695651795841226,0.17391303591682453,0.399999920000016,0.0,0.5384615384615384,19.0
40d89c183b8c,16.0,7.0,12.357839,0.5566471666666667,1.3497274063711409,0.4285713673469475,0.0,0.0,0.0,0.2857142857142857,6.0
40e8455da3a5,78.0,23.0,28.67811,1.0690268636363636,1.1014870615148413,0.08695651795841226,0.17391303591682453,0.399999920000016,0.0,0.5384615384615384,19.0
416248540ddc,41.0,19.0,24.570006,0.8957551111111111,0.20021355035058674,0.0,0.0,1.9999980000020001,0.0,0.5588235294117647,16.0
41e787feb65d,78.0,23.0,32.227079,1.1945414545454545,1.2090707420544773,0.08695651795841226,0.17391303591682453,0.399999920000016,0.0,0.5384615384615384,19.0
41ecd9904a30,78.0,23.0,5.595261,0.18413445454545452,0.08526506845670392,0.08695651795841226,0.17391303591682453,0.399999920000016,0.0,0.5384615384615384,19.0
420a433b69cc,7.0,1.0,2.735808,0.0,0.0,0.0,0.0,1.9999980000020001,0.0,1.0,1.0
422a09fd1dad,78.0,23.0,10.916236,0.39074772727272733,0.2852371882852488,0.08695651795841226,0.17391303591682453,0.399999920000016,0.0,0.5384615384615384,19.0
423d13e830b8,79.0,23.0,7.142205,0.25145036363636364,0.1480233911925652,0.08695651795841226,0.21739129489603065,0.33333327777778704,0.0,0.5384615384615384,19.0
42c4dc0032f2,78.0,23.0,17.957057,0.6572374999999999,0.6035260392497181,0.08695651795841226,0.17391303591682453,0.399999920000016,0.0,0.5384615384615384,19.0
4324a6fc6c9f,98.0,46.0,196.931454,4.286031044444444,8.910409846339006,0.0,0.0,2.9999970000030003,0.0,0.9782608695652174,2.0
435185afced5,78.0,23.0,19.007082,0.6965991818181817,0.6652193859467671,0.08695651795841226,0.17391303591682453,0.399999920000016,0.0,0.5384615384615384,19.0
435c9d41fc58,78.0,23.0,12.542905,0.44632313636363635,0.37875757004150085,0.08695651795841226,0.17391303591682453,0.399999920000016,0.0,0.5384615384615384,19.0
436dcf893180,77.0,23.0,31.14412,1.2895149545454547,1.3946005972195725,0.08695651795841226,0.1304347769376184,0.49999987500003124,0.0,0.5384615384615384,19.0
43936788d1f7,77.0,23.0,35.663109,1.3330015454545456,1.4767562865946862,0.08695651795841226,0.1304347769376184,0.49999987500003124,0.0,0.5384615384615384,19.0
43bd944905e5,41.0,19.0,33.542959,1.2728805,0.16949455383034312,0.0,0.0,1.9999980000020001,0.0,0.5588235294117647,16.0
43d66ee3d07c,41.0,19.0,5.5714120000000005,0.1927307222222222,0.053225495455164265,0.0,0.0,1.9999980000020001,0.0,0.5588235294117647,16.0
43d6d560b2d1,78.0,23.0,24.262952,0.8980015454545455,0.8784015766850782,0.08695651795841226,0.17391303591682453,0.399999920000016,0.0,0.5384615384615384,19.0
43ee5b288d32,78.0,23.0,29.307626,1.078512409090909,1.0830371165750092,0.08695651795841226,0.17391303591682453,0.399999920000016,0.0,0.5384615384615384,19.0
441750f82d19,78.0,23.0,5.565643,0.18578545454545453,0.09417750776603534,0.08695651795841226,0.17391303591682453,0.399999920000016,0.0,0.5384615384615384,19.0
442a8b169ccd,10.0,5.0,7.794663,0.9502815,0.2568102913780261,0.0,0.0,1.9999980000020001,0.0,0.19999999999999996,5.0
443a6633bdd1,78.0,23.0,8.45335,0.2979584545454545,0.19225095154107877,0.08695651795841226,0.17391303591682453,0.399999920000016,0.0,0.5384615384615384,19.0
4447a8a3e9df,78.0,23.0,16.105088,0.5867086363636363,0.5239122454382482,0.08695651795841226,0.17391303591682453,0.399999920000016,0.0,0.5384615384615384,19.0
44b46791a1ea,78.0,23.0,5.521791,0.18422886363636365,0.09058500415542112,0.08695651795841226,0.17391303591682453,0.399999920000016,0.0,0.5384615384615384,19.0
44c2db663245,78.0,23.0,11.241932,0.3949748181818182,0.2902474394106545,0.08695651795841226,0.17391303591682453,0.399999920000016,0.0,0.5384615384615384,19.0
44cadd66c245,78.0,23.0,13.017085,0.4676483181818181,0.40275112041999417,0.08695651795841226,0.17391303591682453,0.399999920000016,0.0,0.5384615384615384,19.0
44d199216b4d,78.0,23.0,31.188491,1.1567365454545457,1.176543717600503,0.08695651795841226,0.17391303591682453,0.399999920000016,0.0,0.5384615384615384,19.0
451421c42f6b,78.0,23.0,33.982158,1.2662895454545455,1.2874757620847057,0.08695651795841226,0.17391303591682453,0.399999920000016,0.0,0.5384615384615384,19.0
45603fc9fca7,7.0,1.0,2.6678230000000003,0.0,0.0,0.0,0.0,1.9999980000020001,0.0,1.0,1.0
4565056eec08,78.0,23.0,13.723075,0.5020295454545455,0.4649429963085314,0.08695651795841226,0.17391303591682453,0.399999920000016,0.0,0.5384615384615384,19.0
456e9a724a09,41.0,19.0,6.249333,0.15129305555555556,0.03940863619066888,0.0,0.0,1.9999980000020001,0.0,0.5588235294117647,16.0
45775297cb90,16.0,7.0,12.411569,0.548523,1.3300402784335519,0.4285713673469475,0.0,0.0,0.0,0.2857142857142857,6.0
45bd2841c140,78.0,23.0,32.396213,1.1687413636363635,1.105440057133144,0.08695651795841226,0.17391303591682453,0.399999920000016,0.0,0.5384615384615384,19.0
45c5afa46567,18.0,10.0,2.895333,0.16067077777777777,0.14714344674651483,0.299999970000003,0.0,0.0,0.0,0.15384615384615385,12.0
45d19005340a,41.0,19.0,31.94386,1.2960377777777776,0.1617679147499156,0.0,0.0,1.9999980000020001,0.0,0.5588235294117647,16.0
45d4cbf0de83,78.0,23.0,39.748471,1.4704952272727274,1.489504522311744,0.08695651795841226,0.17391303591682453,0.399999920000016,0.0,0.5384615384615384,19.0
462b243c0c87,78.0,23.0,16.631197,0.6043006818181818,0.5474673191665144,0.08695651795841226,0.17391303591682453,0.399999920000016,0.0,0.5384615384615384,19.0
464a1ee0f201,41.0,19.0,18.383854,0.7482989444444443,0.08141383694396126,0.0,0.0,1.9999980000020001,0.0,0.5588235294117647,16.0
466371686433,78.0,23.0,31.518742,1.1788876363636362,1.1872397380148123,0.08695651795841226,0.17391303591682453,0.399999920000016,0.0,0.5384615384615384,19.0
46a2466a3899,78.0,23.0,10.843773,0.3923836363636363,0.270136371282842,0.08695651795841226,0.17391303591682453,0.399999920000016,0.0,0.5384615384615384,19.0
46a57cfe372c,41.0,19.0,22.105405,0.8988755,0.0896121271974555,0.0,0.0,1.9999980000020001,0.0,0.5588235294117647,16.0
46b1a24d41eb,41.0,19.0,35.6745,1.4017178888888886,0.27392457897833394,0.0,0.0,1.9999980000020001,0.0,0.5588235294117647,16.0
46c0191050a5,41.0,19.0,5.378043,0.18275338888888887,0.05355960641701684,0.0,0.0,1.9999980000020001,0.0,0.5588235294117647,16.0
46dad2ddd660,79.0,23.0,35.451698,1.3206871818181816,1.3359832672347016,0.08695651795841226,0.21739129489603065,0.33333327777778704,0.0,0.5384615384615384,19.0
46fa8d5679ec,16.0,7.0,12.282939,0.5758878333333334,1.3949194965772636,0.4285713673469475,0.0,0.0,0.0,0.2857142857142857,6.0
46ff8b6aae7c,41.0,19.0,12.34766,0.46459655555555557,0.09733186758485401,0.0,0.0,1.9999980000020001,0.0,0.5588235294117647,16.0
4731e62f8fa4,77.0,23.0,29.31445,1.0956148636363638,1.1579759487222807,0.08695651795841226,0.1304347769376184,0.49999987500003124,0.0,0.5384615384615384,19.0
474fdc04145c,78.0,23.0,7.578451,0.2715141818181819,0.15463437258952437,0.08695651795841226,0.17391303591682453,0.399999920000016,0.0,0.5384615384615384,19.0
476098b0b828,7.0,1.0,2.672163,0.0,0.0,0.0,0.0,1.9999980000020001,0.0,1.0,1.0
47683532a712,78.0,23.0,31.922278,1.1844991363636364,1.1858077731288046,0.08695651795841226,0.17391303591682453,0.399999920000016,0.0,0.5384615384615384,19.0
479f72e14eb2,78.0,23.0,6.305236,0.20716345454545457,0.09822510938448008,0.08695651795841226,0.17391303591682453,0.399999920000016,0.0,0.5384615384615384,19.0
47b42ebb12a3,79.0,23.0,11.960317,0.41181813636363634,0.2232696941344375,0.08695651795841226,0.21739129489603065,0.33333327777778704,0.0,0.5384615384615384,19.0
47c410cf13d1,41.0,19.0,10.562122,0.38020533333333334,0.056084963242230564,0.0,0.0,1.9999980000020001,0.0,0.5588235294117647,16.0
482e44c84e5b,78.0,23.0,27.840886,1.035650181818182,1.03340067369888,0.08695651795841226,0.17391303591682453,0.399999920000016,0.0,0.5384615384615384,19.0
48402ea00e7e,78.0,23.0,15.922172,0.5801380909090909,0.5230390935604745,0.08695651795841226,0.17391303591682453,0.399999920000016,0.0,0.5384615384615384,19.0
48693a227ae9,78.0,23.0,6.263412,0.2118856363636364,0.12148358202126991,0.08695651795841226,0.17391303591682453,0.399999920000016,0.0,0.5384615384615384,19.0
4881e6795f01,41.0,19.0,4.502445,0.14953833333333336,0.036968601405548904,0.0,0.0,1.9999980000020001,0.0,0.5588235294117647,16.0
48c703c2366d,79.0,23.0,8.742047,0.2563673181818182,0.15149804897482888,0.08695651795841226,0.21739129489603065,0.33333327777778704,0.0,0.5384615384615384,19.0
48c81a272124,41.0,19.0,12.384022,0.4635370555555556,0.08871134185493203,0.0,0.0,1.9999980000020001,0.0,0.5588235294117647,16.0
48ce8b07199c,78.0,23.0,41.576992,1.5221375454545454,1.5577192131969197,0.08695651795841226,0.17391303591682453,0.399999920000016,0.0,0.5384615384615384,19.0
48e3b17cc27e,78.0,23.0,34.966248,1.3163242272727274,1.3551458283289042,0.08695651795841226,0.17391303591682453,0.399999920000016,0.0,0.5384615384615384,19.0
48e87de18b4e,77.0,23.0,37.094568,1.4118775000000001,1.5928743392633915,0.08695651795841226,0.1304347769376184,0.49999987500003124,0.0,0.5384615384615384,19.0
48f0c4388d88,78.0,23.0,18.672832,0.6804949090909092,0.6152532964879014,0.08695651795841226,0.17391303591682453,0.399999920000016,0.0,0.5384615384615384,19.0
49171d6f3ea8,78.0,23.0,6.159247,0.20715436363636366,0.11252810548927024,0.08695651795841226,0.17391303591682453,0.399999920000016,0.0,0.5384615384615384,19.0
4948ffa5922d,78.0,23.0,5.450498,0.17919968181818183,0.08790106048192094,0.08695651795841226,0.17391303591682453,0.399999920000016,0.0,0.5384615384615384,19.0
4999f21f7a62,78.0,23.0,8.497399,0.3009885,0.19373124082107004,0.08695651795841226,0.17391303591682453,0.399999920000016,0.0,0.5384615384615384,19.0
49cfca160b78,78.0,23.0,16.872674,0.6164028636363635,0.5443442404589997,0.08695651795841226,0.17391303591682453,0.399999920000016,0.0,0.5384615384615384,19.0
49d37d1bc989,78.0,23.0,29.522518,1.0956860454545454,1.087305702260254,0.08695651795841226,0.17391303591682453,0.399999920000016,0.0,0.5384615384615384,19.0
4a0b68d6a5c9,18.0,10.0,1.728771,0.09448855555555555,0.0822741094104201,0.299999970000003,0.0,0.0,0.0,0.15384615384615385,12.0
4a10a2432c37,78.0,23.0,35.645629,1.2248249545454544,1.3377697521561587,0.08695651795841226,0.17391303591682453,0.399999920000016,0.0,0.5384615384615384,19.0
4a2f131f0b14,78.0,23.0,31.810159,1.1776054999999996,1.1902436387561584,0.08695651795841226,0.17391303591682453,0.399999920000016,0.0,0.5384615384615384,19.0
4a39f05d9164,78.0,23.0,18.586208,0.6795308181818182,0.6111855078250743,0.08695651795841226,0.17391303591682453,0.399999920000016,0.0,0.5384615384615384,19.0
4a9391d1a0cf,78.0,23.0,29.556325,1.0870753181818182,1.0909009325945924,0.08695651795841226,0.17391303591682453,0.399999920000016,0.0,0.5384615384615384,19.0
4a9e881a17a7,78.0,23.0,29.181825,1.076692090909091,1.0668988356786542,0.08695651795841226,0.17391303591682453,0.399999920000016,0.0,0.5384615384615384,19.0
4adacea36e7b,78.0,23.0,15.77176,0.5724125909090909,0.5043796133648373,0.08695651795841226,0.17391303591682453,0.399999920000016,0.0,0.5384615384615384,19.0
4ae6506e28f3,41.0,19.0,12.625012,0.4775329444444445,0.08131325013324721,0.0,0.0,1.9999980000020001,0.0,0.5588235294117647,16.0
4b11ba9edc97,78.0,23.0,20.077369,0.7367066363636364,0.6739134138487599,0.08695651795841226,0.17391303591682453,0.399999920000016,0.0,0.5384615384615384,19.0
4b5e1f0a5965,78.0,23.0,37.444331,1.3608108181818184,1.4294408544257082,0.08695651795841226,0.17391303591682453,0.399999920000016,0.0,0.5384615384615384,19.0
4b8469096ba3,41.0,19.0,32.040339,1.239560777777778,0.217391093514067,0.0,0.0,1.9999980000020001,0.0,0.5588235294117647,16.0
4b8fbb426ce5,78.0,23.0,26.0633,0.9639239090909094,0.9471519961736372,0.08695651795841226,0.17391303591682453,0.399999920000016,0.0,0.5384615384615384,19.0
4bb9bca44a1a,78.0,23.0,28.890979,1.0776300909090908,1.095911092868304,0.08695651795841226,0.17391303591682453,0.399999920000016,0.0,0.5384615384615384,19.0
4bcf7f06258d,41.0,19.0,38.904357,0.9588881666666667,0.12977514390770178,0.0,0.0,1.9999980000020001,0.0,0.5588235294117647,16.0
4bf6fa12a6c6,78.0,23.0,6.243752,0.21625336363636363,0.15526353535338844,0.08695651795841226,0.17391303591682453,0.399999920000016,0.0,0.5384615384615384,19.0
4bf834f74ca6,16.0,7.0,12.866207,0.5791663333333333,1.401328597310519,0.4285713673469475,0.0,0.0,0.0,0.2857142857142857,6.0
4c4d78f361a9,78.0,23.0,18.333628,0.6750719545454545,0.6193536703872358,0.08695651795841226,0.17391303591682453,0.399999920000016,0.0,0.5384615384615384,19.0
4c652992b329,78.0,23.0,11.090661,0.3948920000000001,0.29261300093809917,0.08695651795841226,0.17391303591682453,0.399999920000016,0.0,0.5384615384615384,19.0
4c8b95972767,78.0,23.0,8.491568000000001,0.29619059090909095,0.19513595394900085,0.08695651795841226,0.17391303591682453,0.399999920000016,0.0,0.5384615384615384,19.0
4c9adf7e4599,78.0,23.0,33.179224,1.2309355909090909,1.268510200415119,0.08695651795841226,0.17391303591682453,0.399999920000016,0.0,0.5384615384615384,19.0
4c9ff0ed05ee,16.0,7.0,12.648357,0.5890681666666667,1.4287736364662413,0.4285713673469475,0.0,0.0,0.0,0.2857142857142857,6.0
4d1b08197acb,16.0,7.0,68.494731,3.2383755,7.917829113166683,0.4285713673469475,0.0,0.0,0.0,0.2857142857142857,6.0
4d3aa14dc231,41.0,19.0,8.494457,0.30974522222222217,0.06728086446999669,0.0,0.0,1.9999980000020001,0.0,0.5588235294117647,16.0
4d49fbdb0ef9,78.0,23.0,21.921331,0.8095848181818183,0.7443588051008757,0.08695651795841226,0.17391303591682453,0.399999920000016,0.0,0.5384615384615384,19.0
4d52a8968980,78.0,23.0,31.660631,1.1731331818181818,1.145356108788738,0.08695651795841226,0.17391303591682453,0.399999920000016,0.0,0.5384615384615384,19.0
4d76c28ba866,78.0,23.0,16.179165,0.5871827272727272,0.49768292290001576,0.08695651795841226,0.17391303591682453,0.399999920000016,0.0,0.5384615384615384,19.0
4d7fb5101915,41.0,19.0,30.68123,1.2053846111111113,0.17787295935091324,0.0,0.0,1.9999980000020001,0.0,0.5588235294117647,16.0
4da2cffa6705,78.0,23.0,25.915053,0.9673305,0.913440396242884,0.08695651795841226,0.17391303591682453,0.399999920000016,0.0,0.5384615384615384,19.0
4db0558095b3,78.0,23.0,31.994453,1.1891990000000001,1.1854779115827385,0.08695651795841226,0.17391303591682453,0.399999920000016,0.0,0.5384615384615384,19.0
4e302df322a6,78.0,23.0,9.749281,0.3414309090909091,0.24578190336128516,0.08695651795841226,0.17391303591682453,0.399999920000016,0.0,0.5384615384615384,19.0
4e39a1dc3cf5,78.0,23.0,5.520513,0.18515618181818183,0.09417725562527411,0.08695651795841226,0.17391303591682453,0.399999920000016,0.0,0.5384615384615384,19.0
4e3b9af87961,41.0,19.0,27.955591,1.1574630000000001,0.09849271841882229,0.0,0.0,1.9999980000020001,0.0,0.5588235294117647,16.0
4e7699339782,41.0,19.0,22.966618,0.8899955,0.14481774698412767,0.0,0.0,1.9999980000020001,0.0,0.5588235294117647,16.0
4e9dcf489906,18.0,10.0,3.276756,0.1890751111111111,0.17415180292452073,0.299999970000003,0.0,0.0,0.0,0.15384615384615385,12.0
4eb2a0d071a6,41.0,19.0,5.697985,0.1838232777777778,0.04118868102626019,0.0,0.0,1.9999980000020001,0.0,0.5588235294117647,16.0
4ec4d129dd3a,78.0,23.0,47.04254,1.7224756363636364,1.8670406344884678,0.08695651795841226,0.17391303591682453,0.399999920000016,0.0,0.5384615384615384,19.0
4f1ccedee02f,78.0,23.0,16.786583,0.6117855909090909,0.5529433996440072,0.08695651795841226,0.17391303591682453,0.399999920000016,0.0,0.5384615384615384,19.0
4f36c4ea533f,78.0,23.0,16.191742,0.5823675,0.5251382210802309,0.08695651795841226,0.17391303591682453,0.399999920000016,0.0,0.5384615384615384,19.0
4f879d35155a,78.0,23.0,26.677908,0.985363409090909,0.9747880914532708,0.08695651795841226,0.17391303591682453,0.399999920000016,0.0,0.5384615384615384,19.0
4f87dc7fd6d8,78.0,23.0,28.53067,1.058102909090909,1.0402054728972177,0.08695651795841226,0.17391303591682453,0.399999920000016,0.0,0.5384615384615384,19.0
4fd1ab2a55a8,78.0,23.0,30.614401,1.1430544999999999,1.189039760315971,0.08695651795841226,0.17391303591682453,0.399999920000016,0.0,0.5384615384615384,19.0
4feab049a8ed,78.0,23.0,15.614315,0.5686643636363636,0.5178020466235873,0.08695651795841226,0.17391303591682453,0.399999920000016,0.0,0.5384615384615384,19.0
504705f4740d,41.0,19.0,5.910501,0.18507799999999996,0.049383043804647815,0.0,0.0,1.9999980000020001,0.0,0.5588235294117647,16.0
50bcd6cf6ea8,41.0,19.0,27.334064,1.0845516666666666,0.12959499770983354,0.0,0.0,1.9999980000020001,0.0,0.5588235294117647,16.0
50fd11b30629,78.0,23.0,12.504085,0.4599586818181817,0.3465431356025897,0.08695651795841226,0.17391303591682453,0.399999920000016,0.0,0.5384615384615384,19.0
511c583dd15e,78.0,23.0,31.861606,1.1868666818181817,1.2011881311212695,0.08695651795841226,0.17391303591682453,0.399999920000016,0.0,0.5384615384615384,19.0
5120c7c6461d,16.0,7.0,12.2056,0.5546348333333334,1.3451300193749922,0.4285713673469475,0.0,0.0,0.0,0.2857142857142857,6.0
5132806502de,78.0,23.0,6.449457,0.2221723636363636,0.1401612432979026,0.08695651795841226,0.17391303591682453,0.399999920000016,0.0,0.5384615384615384,19.0
5136acdd080f,16.0,7.0,12.690992,0.5917905,1.4373059999217634,0.4285713673469475,0.0,0.0,0.0,0.2857142857142857,6.0
51374565736d,21.0,8.0,134.757816,0.4346275714285714,0.05773314688246589,0.0,0.0,1.9999980000020001,0.0,0.36363636363636365,8.0
513936e80549,78.0,23.0,32.590062,1.2067575000000004,1.205643430813121,0.08695651795841226,0.17391303591682453,0.399999920000016,0.0,0.5384615384615384,19.0
51a9444c708e,78.0,23.0,24.311411,0.8951919090909093,0.8656418422584817,0.08695651795841226,0.17391303591682453,0.399999920000016,0.0,0.5384615384615384,19.0
51b34e21aa7e,16.0,7.0,12.809283,0.5870746666666667,1.4244235826017018,0.4285713673469475,0.0,0.0,0.0,0.2857142857142857,6.0
51b8df530e12,77.0,23.0,38.327307,1.4531417727272726,1.7083786632345976,0.08695651795841226,0.1304347769376184,0.49999987500003124,0.0,0.5384615384615384,19.0
51d0ad557c43,78.0,23.0,31.584227,1.1742011363636364,1.210761135901014,0.08695651795841226,0.17391303591682453,0.399999920000016,0.0,0.5384615384615384,19.0
51dd1248a72b,16.0,7.0,12.486017,0.5745461666666667,1.3901782747969293,0.4285713673469475,0.0,0.0,0.0,0.2857142857142857,6.0
51ea86b028bc,78.0,23.0,11.85823,0.4327013636363637,0.35605406769204584,0.08695651795841226,0.17391303591682453,0.399999920000016,0.0,0.5384615384615384,19.0
51ec720468dd,78.0,23.0,8.24902,0.28569754545454545,0.18862074388917927,0.08695651795841226,0.17391303591682453,0.399999920000016,0.0,0.5384615384615384,19.0
51ef4a71278d,16.0,7.0,12.368347,0.5463531666666667,1.3247462172175344,0.4285713673469475,0.0,0.0,0.0,0.2857142857142857,6.0
522d47b2f1a6,41.0,19.0,10.371224,0.3868574444444445,0.0729673451154872,0.0,0.0,1.9999980000020001,0.0,0.5588235294117647,16.0
522e2d8add43,78.0,23.0,30.710649,1.1335625,1.1494616987605961,0.08695651795841226,0.17391303591682453,0.399999920000016,0.0,0.5384615384615384,19.0
5251f59ba54a,78.0,23.0,13.315684,0.49150877272727267,0.4184913689218557,0.08695651795841226,0.17391303591682453,0.399999920000016,0.0,0.5384615384615384,19.0
528005b436b5,78.0,23.0,26.431279,0.9706153636363637,0.9592865036930684,0.08695651795841226,0.17391303591682453,0.399999920000016,0.0,0.5384615384615384,19.0
52b983db9072,16.0,7.0,112.335774,3.3564655,8.207765717850254,0.4285713673469475,0.0,0.0,0.0,0.2857142857142857,6.0
52f9ab453a39,41.0,19.0,5.581025,0.18749183333333333,0.051216122366543,0.0,0.0,1.9999980000020001,0.0,0.5588235294117647,16.0
5336c05d3d09,78.0,23.0,12.328076,0.4395605909090909,0.41146959311792913,0.08695651795841226,0.17391303591682453,0.399999920000016,0.0,0.5384615384615384,19.0
5364c93fe87d,78.0,23.0,19.094377,0.6996505454545454,0.6400473716899492,0.08695651795841226,0.17391303591682453,0.399999920000016,0.0,0.5384615384615384,19.0
538885914c33,41.0,19.0,14.113083,0.5234350000000001,0.09844008450948878,0.0,0.0,1.9999980000020001,0.0,0.5588235294117647,16.0
53cf0f3e6e95,41.0,19.0,19.995676,0.7982767222222221,0.09515973522748664,0.0,0.0,1.9999980000020001,0.0,0.5588235294117647,16.0
53d140f5a43b,41.0,19.0,32.52065,1.2784877777777777,0.7343510862318039,0.0,0.0,1.9999980000020001,0.0,0.5588235294117647,16.0
53ee61848ab2,41.0,19.0,36.963789,1.4940624444444446,0.5456024404703507,0.0,0.0,1.9999980000020001,0.0,0.5588235294117647,16.0
53eef03aa313,78.0,23.0,33.469798,1.2471075,1.2406209874331464,0.08695651795841226,0.17391303591682453,0.399999920000016,0.0,0.5384615384615384,19.0
544336e1a598,16.0,7.0,12.187346,0.57122,1.3847557551171255,0.4285713673469475,0.0,0.0,0.0,0.2857142857142857,6.0
5448c5e84955,78.0,23.0,14.826053,0.5444239999999999,0.48563326774125315,0.08695651795841226,0.17391303591682453,0.399999920000016,0.0,0.5384615384615384,19.0
54bb9317780c,78.0,23.0,25.803427,0.945909409090909,0.9240898351091021,0.08695651795841226,0.17391303591682453,0.399999920000016,0.0,0.5384615384615384,19.0
54d3c21a5256,41.0,19.0,7.716188,0.27317794444444443,0.06489890141957197,0.0,0.0,1.9999980000020001,0.0,0.5588235294117647,16.0
54e333fda40e,104.0,49.0,698.3872,14.294517937499998,32.3441712359786,0.0,0.0,2.9999970000030003,0.0,0.9795918367346939,2.0
54e5a9f27aa5,41.0,19.0,34.360602,1.3003055555555554,0.32612002629440195,0.0,0.0,1.9999980000020001,0.0,0.5588235294117647,16.0
55228860d7af,41.0,19.0,6.081585,0.2105812222222222,0.05376256177977555,0.0,0.0,1.9999980000020001,0.0,0.5588235294117647,16.0
554f6f5e293c,78.0,23.0,31.908171,1.180080272727273,1.2098091829967466,0.08695651795841226,0.17391303591682453,0.399999920000016,0.0,0.5384615384615384,19.0
55dbdf9d5ef1,16.0,7.0,68.491028,3.2534084999999995,7.953452200956481,0.4285713673469475,0.0,0.0,0.0,0.2857142857142857,6.0
55e5fd5e7411,78.0,23.0,26.090568,0.9651726363636363,1.1270927970032139,0.08695651795841226,0.17391303591682453,0.399999920000016,0.0,0.5384615384615384,19.0
560104a92ff6,41.0,19.0,33.300061,1.3324655555555553,0.2971965050454036,0.0,0.0,1.9999980000020001,0.0,0.5588235294117647,16.0
562e9cb24dfa,78.0,23.0,27.678063,1.0258588181818185,1.001964995129577,0.08695651795841226,0.17391303591682453,0.399999920000016,0.0,0.5384615384615384,19.0
563e7a1b557c,78.0,23.0,11.753467,0.3832362727272727,0.28840052771122415,0.08695651795841226,0.17391303591682453,0.399999920000016,0.0,0.5384615384615384,19.0
56666543393f,41.0,19.0,22.442745,0.8732570000000001,0.13744694327930151,0.0,0.0,1.9999980000020001,0.0,0.5588235294117647,16.0
569b4edbc785,77.0,23.0,19.371972,0.7188801363636365,0.7069350927095881,0.08695651795841226,0.1304347769376184,0.49999987500003124,0.0,0.5384615384615384,19.0
56e43c821f90,8.0,1.0,2.511564,0.0,0.0,0.0,0.0,2.9999970000030003,0.0,1.0,1.0
56f54ce8e6d3,78.0,23.0,27.888479,1.029701772727273,1.0101611249483649,0.08695651795841226,0.17391303591682453,0.399999920000016,0.0,0.5384615384615384,19.0
571b1b4e204b,21.0,9.0,17.80105,1.23829075,0.20304037513949216,0.0,0.0,1.9999980000020001,0.0,0.5,11.0
5730512a236e,78.0,23.0,12.935509,0.46455131818181816,0.39372917980587646,0.08695651795841226,0.17391303591682453,0.399999920000016,0.0,0.5384615384615384,19.0
5732ba82747a,78.0,23.0,33.075315,1.212044590909091,1.1802930642228793,0.08695651795841226,0.17391303591682453,0.399999920000016,0.0,0.5384615384615384,19.0
574a715a3d65,78.0,23.0,5.958856,0.20077240909090907,0.10850393591792797,0.08695651795841226,0.17391303591682453,0.399999920000016,0.0,0.5384615384615384,19.0
575c6cabd7d1,41.0,19.0,18.962901,0.7722564444444444,0.07863110395363478,0.0,0.0,1.9999980000020001,0.0,0.5588235294117647,16.0
57a83b04d103,78.0,23.0,33.251576,1.2521952272727273,1.2469651959376424,0.08695651795841226,0.17391303591682453,0.399999920000016,0.0,0.5384615384615384,19.0
57be8ad165e1,78.0,23.0,5.98498,0.2050078181818182,0.0954048460098115,0.08695651795841226,0.17391303591682453,0.399999920000016,0.0,0.5384615384615384,19.0
57fdd22d1f6f,41.0,19.0,5.605351,0.19497216666666667,0.04945018060426188,0.0,0.0,1.9999980000020001,0.0,0.5588235294117647,16.0
580d90c60f5a,41.0,19.0,19.854521,0.7661070555555555,0.12234557874675768,0.0,0.0,1.9999980000020001,0.0,0.5588235294117647,16.0
581f52187f3e,41.0,19.0,31.657857,1.195619,0.44043199711486475,0.0,0.0,1.9999980000020001,0.0,0.5588235294117647,16.0
583e776548e6,78.0,23.0,24.453906,0.9061779545454546,0.863125668899819,0.08695651795841226,0.17391303591682453,0.399999920000016,0.0,0.5384615384615384,19.0
58433302b5e1,16.0,7.0,12.164565,0.55968,1.3597535326221442,0.4285713673469475,0.0,0.0,0.0,0.2857142857142857,6.0
584eeb076031,78.0,23.0,31.575682,1.176387909090909,1.165932837967212,0.08695651795841226,0.17391303591682453,0.399999920000016,0.0,0.5384615384615384,19.0
58bb67dd8b47,78.0,23.0,13.015871,0.471614,0.39060405060879744,0.08695651795841226,0.17391303591682453,0.399999920000016,0.0,0.5384615384615384,19.0
58d12db99fa5,78.0,23.0,17.288422,0.6342861363636363,0.5737437972229745,0.08695651795841226,0.17391303591682453,0.399999920000016,0.0,0.5384615384615384,19.0
5940e49592c3,78.0,23.0,6.81778,0.2390124090909091,0.13685426799637884,0.08695651795841226,0.17391303591682453,0.399999920000016,0.0,0.5384615384615384,19.0
595676ef5005,78.0,23.0,8.512117,0.3011941818181818,0.1853280100605761,0.08695651795841226,0.17391303591682453,0.399999920000016,0.0,0.5384615384615384,19.0
599a246ce8b7,76.0,23.0,11.393001,0.3837106818181818,0.5811234645697596,0.08695651795841226,0.08695651795841226,0.6666664444445185,0.0,0.5384615384615384,19.0
59dedd1984dd,78.0,23.0,18.119974,0.6607249090909092,0.6164641777826424,0.08695651795841226,0.17391303591682453,0.399999920000016,0.0,0.5384615384615384,19.0
5a72d4babd4c,41.0,19.0,5.427037,0.18190105555555555,0.04099226293205646,0.0,0.0,1.9999980000020001,0.0,0.5588235294117647,16.0
5a971d1ffa32,78.0,23.0,5.542887,0.18184709090909087,0.08857307085216035,0.08695651795841226,0.17391303591682453,0.399999920000016,0.0,0.5384615384615384,19.0
5a9744f1787b,41.0,19.0,35.471476,1.3497995000000003,0.7505329727900621,0.0,0.0,1.9999980000020001,0.0,0.5588235294117647,16.0
5ad6cd40ac45,78.0,23.0,31.031557,1.1485555909090908,1.1503855679355286,0.08695651795841226,0.17391303591682453,0.399999920000016,0.0,0.5384615384615384,19.0
5aed23c15b99,78.0,23.0,9.479705,0.3380717272727272,0.2947673758326308,0.08695651795841226,0.17391303591682453,0.399999920000016,0.0,0.5384615384615384,19.0
5af9cfb60810,78.0,23.0,5.944714,0.2020597272727273,0.10335731401685717,0.08695651795841226,0.17391303591682453,0.399999920000016,0.0,0.5384615384615384,19.0
5b10226ed4bf,78.0,23.0,38.9333,1.3341910909090908,1.639509047821152,0.08695651795841226,0.17391303591682453,0.399999920000016,0.0,0.5384615384615384,19.0
5b16638b825b,78.0,23.0,13.701342,0.4936525909090909,0.27778100854735654,0.08695651795841226,0.17391303591682453,0.399999920000016,0.0,0.5384615384615384,19.0
5b3ba322fdb4,41.0,19.0,29.991704,1.1626585,0.30481881450582293,0.0,0.0,1.9999980000020001,0.0,0.5588235294117647,16.0
5b4810090fde,78.0,23.0,10.299355,0.3637453181818182,0.27263499543081515,0.08695651795841226,0.17391303591682453,0.399999920000016,0.0,0.5384615384615384,19.0
5b511e9bc0e4,78.0,23.0,34.934815,1.3046274999999998,1.367464133676456,0.08695651795841226,0.17391303591682453,0.399999920000016,0.0,0.5384615384615384,19.0
5b538c8c606f,41.0,19.0,4.522859,0.14734277777777774,0.038810750517252544,0.0,0.0,1.9999980000020001,0.0,0.5588235294117647,16.0
5b877f5de97f,106.0,50.0,194.26267,3.9058326734693884,8.324825811286939,0.0,0.0,2.9999970000030003,0.0,0.98,2.0
5bbef32591a1,77.0,23.0,20.315483,0.7589849090909091,0.6221725064324745,0.08695651795841226,0.1304347769376184,0.49999987500003124,0.0,0.5384615384615384,19.0
5bf3f31a4daf,78.0,23.0,6.379442,0.21900209090909095,0.11890915314558785,0.08695651795841226,0.17391303591682453,0.399999920000016,0.0,0.5384615384615384,19.0
5c3103f8b04c,42.0,19.0,43.662124,1.7666590555555555,0.6288525784943533,0.0,0.0,1.9999980000020001,0.0,0.5588235294117647,16.0
5c77e36cc931,16.0,7.0,68.20944,3.2170966666666665,7.850673113035535,0.4285713673469475,0.0,0.0,0.0,0.2857142857142857,6.0
5ca666962d75,78.0,23.0,29.288914,1.0778437727272727,1.0945067281890672,0.08695651795841226,0.17391303591682453,0.399999920000016,0.0,0.5384615384615384,19.0
5caf32379506,77.0,23.0,31.972449,1.1804468636363636,1.183119092718633,0.08695651795841226,0.1304347769376184,0.49999987500003124,0.0,0.5384615384615384,19.0
5cbed6293ca2,78.0,23.0,16.099076,0.5872276818181819,0.5221925135625737,0.08695651795841226,0.17391303591682453,0.399999920000016,0.0,0.5384615384615384,19.0
5cd39f3f1417,78.0,23.0,25.665259,0.9545104545454545,0.9823877754116547,0.08695651795841226,0.17391303591682453,0.399999920000016,0.0,0.5384615384615384,19.0
5cd5d8acb9d3,78.0,23.0,35.315544,1.2375183636363638,1.1818332594598449,0.08695651795841226,0.17391303591682453,0.399999920000016,0.0,0.5384615384615384,19.0
5ceb6461780f,41.0,19.0,31.992399,1.3242934444444445,0.25531967845042053,0.0,0.0,1.9999980000020001,0.0,0.5588235294117647,16.0
5d0876c7fe74,20.0,9.0,17.790655,1.318738625,0.19423577496503538,0.0,0.0,1.9999980000020001,0.0,0.5,11.0
5d789dc174d4,78.0,23.0,39.74386,1.4944426363636365,1.4703208412154891,0.08695651795841226,0.17391303591682453,0.399999920000016,0.0,0.5384615384615384,19.0
5d917685a4aa,78.0,23.0,6.414149,0.21814404545454547,0.10612711298585355,0.08695651795841226,0.17391303591682453,0.399999920000016,0.0,0.5384615384615384,19.0
5d93cfea908f,78.0,23.0,6.426624,0.22163627272727277,0.1107473423085099,0.08695651795841226,0.17391303591682453,0.399999920000016,0.0,0.5384615384615384,19.0
5dacd8ec8599,16.0,7.0,12.231228,0.556533,1.342872727324373,0.4285713673469475,0.0,0.0,0.0,0.2857142857142857,6.0
5db86def9bfe,77.0,23.0,46.769275,1.7741415454545453,1.8233469368130144,0.08695651795841226,0.1304347769376184,0.49999987500003124,0.0,0.5384615384615384,19.0
5dbf00b4f203,78.0,23.0,24.61074,0.9110741363636364,0.8741960487836699,0.08695651795841226,0.17391303591682453,0.399999920000016,0.0,0.5384615384615384,19.0
5dc30bda88a5,77.0,23.0,33.374806,1.2409429545454547,1.4411748120765417,0.08695651795841226,0.1304347769376184,0.49999987500003124,0.0,0.5384615384615384,19.0
5dd2ece2178f,78.0,23.0,6.107351,0.21005854545454544,0.08733310838596653,0.08695651795841226,0.17391303591682453,0.399999920000016,0.0,0.5384615384615384,19.0
5dee862b4deb,78.0,23.0,32.467349,1.2059427272727274,1.2180320505951658,0.08695651795841226,0.17391303591682453,0.399999920000016,0.0,0.5384615384615384,19.0
5df1f2623536,79.0,23.0,6.820272,0.24040240909090912,0.1331953529150248,0.08695651795841226,0.21739129489603065,0.33333327777778704,0.0,0.5384615384615384,19.0
5dfb750523ea,78.0,23.0,6.981844,0.22241831818181818,0.11617213993011216,0.08695651795841226,0.17391303591682453,0.399999920000016,0.0,0.5384615384615384,19.0
5e2b1e12ec06,41.0,19.0,19.841966,0.8467741666666667,0.06976333017318584,0.0,0.0,1.9999980000020001,0.0,0.5588235294117647,16.0
5e3802faaafd,78.0,23.0,8.387795,0.2913127272727272,0.18605554819850412,0.08695651795841226,0.17391303591682453,0.399999920000016,0.0,0.5384615384615384,19.0
5e55c97786a9,41.0,19.0,21.161187,0.821634,0.14140391685730716,0.0,0.0,1.9999980000020001,0.0,0.5588235294117647,16.0
5e6f6dfbc431,78.0,23.0,13.96279,0.5002419090909092,0.43604339608585585,0.08695651795841226,0.17391303591682453,0.399999920000016,0.0,0.5384615384615384,19.0
5e847643af7c,78.0,23.0,32.440573,1.2168940909090908,1.380784863051615,0.08695651795841226,0.17391303591682453,0.399999920000016,0.0,0.5384615384615384,19.0
5e9cd4bc39fd,78.0,23.0,8.333653,0.2912362272727273,0.18902588865069245,0.08695651795841226,0.17391303591682453,0.399999920000016,0.0,0.5384615384615384,19.0
5ea085f7b667,78.0,23.0,12.827541,0.46343990909090904,0.3800548676956187,0.08695651795841226,0.17391303591682453,0.399999920000016,0.0,0.5384615384615384,19.0
5ebfa6c06c09,78.0,23.0,29.10383,1.0775695909090908,1.073592733123899,0.08695651795841226,0.17391303591682453,0.399999920000016,0.0,0.5384615384615384,19.0
5ecdc8932e6f,80.0,23.0,16.976067,0.6116650909090908,0.5541571201827415,0.08695651795841226,0.2608695538752368,0.285714244897965,0.0,0.5384615384615384,19.0
5edcdf48e23a,41.0,19.0,15.789741,0.6459341666666666,0.0606491834164998,0.0,0.0,1.9999980000020001,0.0,0.5588235294117647,16.0
5f045dc0c207,80.0,23.0,41.453555,1.6048843636363637,1.4228394208047692,0.08695651795841226,0.2608695538752368,0.285714244897965,0.0,0.5384615384615384,19.0
5f5d50209c69,76.0,23.0,11.479952,0.4254287272727272,0.3641378813415628,0.08695651795841226,0.08695651795841226,0.6666664444445185,0.0,0.5384615384615384,19.0
5f73bdc0dad3,78.0,23.0,31.819576,1.1698781818181816,1.258963875250356,0.08695651795841226,0.17391303591682453,0.399999920000016,0.0,0.5384615384615384,19.0
5f948b2463f1,78.0,23.0,25.273388,0.933999,0.9126533840332968,0.08695651795841226,0.17391303591682453,0.399999920000016,0.0,0.5384615384615384,19.0
5fb204d563dc,78.0,23.0,18.017358,0.6583275454545454,0.5954812888044928,0.08695651795841226,0.17391303591682453,0.399999920000016,0.0,0.5384615384615384,19.0
5fe64129e929,16.0,7.0,12.573193,0.58313,1.4154518139860501,0.4285713673469475,0.0,0.0,0.0,0.2857142857142857,6.0
5ffde135b65b,41.0,19.0,27.338529,1.0701984444444443,0.13644804684361705,0.0,0.0,1.9999980000020001,0.0,0.5588235294117647,16.0
6014d12351fb,78.0,23.0,31.30181,1.1687836363636366,1.1735869496632776,0.08695651795841226,0.17391303591682453,0.399999920000016,0.0,0.5384615384615384,19.0
602188517fb7,78.0,23.0,29.82618,1.1055925454545454,1.108182148558136,0.08695651795841226,0.17391303591682453,0.399999920000016,0.0,0.5384615384615384,19.0
602e8fc9d248,9.0,1.0,3.222301,0.0,0.0,0.0,0.9999990000010001,0.99999950000025,0.0,0.5,2.0
6109264bec6d,16.0,7.0,68.816322,3.252670333333333,7.953778717519432,0.4285713673469475,0.0,0.0,0.0,0.2857142857142857,6.0
6111a3b597bf,41.0,19.0,21.363169,0.8680053888888888,0.08375740500863815,0.0,0.0,1.9999980000020001,0.0,0.5588235294117647,16.0
61195f19f8cc,41.0,19.0,40.625411,1.5851184999999999,0.9470272047252888,0.0,0.0,1.9999980000020001,0.0,0.5588235294117647,16.0
6143f51ec374,77.0,23.0,32.023666,1.1867735,1.1616232020567783,0.08695651795841226,0.1304347769376184,0.49999987500003124,0.0,0.5384615384615384,19.0
6147069ca805,42.0,19.0,40.909309,1.5225862222222224,0.5418189265486216,0.0,0.0,1.9999980000020001,0.0,0.5588235294117647,16.0
614d0e4d1e43,41.0,19.0,85.899101,3.5279605555555555,2.0733364228815927,0.0,0.0,1.9999980000020001,0.0,0.5588235294117647,16.0
614dda8d93bf,78.0,23.0,32.225907,1.1554369545454546,1.1418112860925536,0.08695651795841226,0.17391303591682453,0.399999920000016,0.0,0.5384615384615384,19.0
61b76d6461c0,16.0,7.0,68.988086,3.273187,8.001846349000687,0.4285713673469475,0.0,0.0,0.0,0.2857142857142857,6.0
61ec3abaf36a,78.0,23.0,31.94506,1.1840234090909094,1.2082681589970654,0.08695651795841226,0.17391303591682453,0.399999920000016,0.0,0.5384615384615384,19.0
61fe7a5eae2b,79.0,23.0,30.607829,1.1254837727272728,1.0879668318429887,0.08695651795841226,0.21739129489603065,0.33333327777778704,0.0,0.5384615384615384,19.0
6214c8ec7d08,10.0,5.0,9.642299,0.5528080000000001,0.0635776197992134,0.0,0.0,1.9999980000020001,0.0,0.19999999999999996,5.0
621b2d9aa749,10.0,5.0,7.949693,0.82557075,0.11641443862446789,0.0,0.0,1.9999980000020001,0.0,0.19999999999999996,5.0
62623e0a0bb6,76.0,23.0,41.942627,1.6162768636363636,1.8535019483644697,0.08695651795841226,0.08695651795841226,0.6666664444445185,0.0,0.5384615384615384,19.0
62666fc1c925,78.0,23.0,32.111563,1.1853677727272727,1.2052712268341033,0.08695651795841226,0.17391303591682453,0.399999920000016,0.0,0.5384615384615384,19.0
626ccc9bab54,78.0,23.0,18.346994,0.6804295909090909,0.6146940521706449,0.08695651795841226,0.17391303591682453,0.399999920000016,0.0,0.5384615384615384,19.0
627634c04ccc,41.0,19.0,12.806137,0.4744878888888889,0.08332574100966912,0.0,0.0,1.9999980000020001,0.0,0.5588235294117647,16.0
62d32b000f9a,78.0,23.0,5.736764,0.19244013636363633,0.08458492867571478,0.08695651795841226,0.17391303591682453,0.399999920000016,0.0,0.5384615384615384,19.0
632ed2044550,78.0,23.0,30.890458,1.1383982727272726,1.1247863346419422,0.08695651795841226,0.17391303591682453,0.399999920000016,0.0,0.5384615384615384,19.0
633292376bf8,78.0,23.0,38.058063,1.410492954545454,1.3520096175609417,0.08695651795841226,0.17391303591682453,0.399999920000016,0.0,0.5384615384615384,19.0
637a50fe8ae2,78.0,23.0,14.787906,0.5367469545454545,0.4626580278930162,0.08695651795841226,0.17391303591682453,0.399999920000016,0.0,0.5384615384615384,19.0
63886859ecdd,78.0,23.0,31.911573,1.1569436818181817,1.2313559533239453,0.08695651795841226,0.17391303591682453,0.399999920000016,0.0,0.5384615384615384,19.0
638a17e01c76,78.0,23.0,24.515224,0.9084972727272728,0.8604668963203409,0.08695651795841226,0.17391303591682453,0.399999920000016,0.0,0.5384615384615384,19.0
639bc2b2d66c,41.0,19.0,41.516387,1.6161970555555554,0.49134222182728526,0.0,0.0,1.9999980000020001,0.0,0.5588235294117647,16.0
63df3f90a9d8,77.0,23.0,26.682651,0.9879387272727275,1.0048296749273427,0.08695651795841226,0.1304347769376184,0.49999987500003124,0.0,0.5384615384615384,19.0
640deefe3281,78.0,23.0,23.024723,0.8234461363636366,0.777650012659955,0.08695651795841226,0.17391303591682453,0.399999920000016,0.0,0.5384615384615384,19.0
6412b69aa8fd,78.0,23.0,10.189062,0.3404227272727272,0.5623916822989693,0.08695651795841226,0.17391303591682453,0.399999920000016,0.0,0.5384615384615384,19.0
6420b68deb62,41.0,19.0,30.897394,1.2222070555555555,0.17460964870431359,0.0,0.0,1.9999980000020001,0.0,0.5588235294117647,16.0
6435f75bf3ec,78.0,23.0,28.010206,1.034228590909091,1.039225977948087,0.08695651795841226,0.17391303591682453,0.399999920000016,0.0,0.5384615384615384,19.0
647c34bbe088,41.0,19.0,29.831223,1.2270356666666666,0.16857794171557208,0.0,0.0,1.9999980000020001,0.0,0.5588235294117647,16.0
647d32acb118,18.0,10.0,2.575284,0.14882166666666666,0.13768803115194872,0.299999970000003,0.0,0.0,0.0,0.15384615384615385,12.0
6488fd26447c,9.0,2.0,17.268971,0.14613,,0.0,0.499999750000125,0.0,0.0,0.75,2.0
648ea6d72965,8.0,1.0,4.498856,0.0,0.0,0.0,0.0,2.9999970000030003,0.0,1.0,1.0
64a06ece0d27,41.0,19.0,5.564715,0.19472383333333335,0.04946578676840839,0.0,0.0,1.9999980000020001,0.0,0.5588235294117647,16.0
64ac7b56bec6,78.0,23.0,24.553874,0.9000785909090908,0.8507180791563628,0.08695651795841226,0.17391303591682453,0.399999920000016,0.0,0.5384615384615384,19.0
64b8a4dc6710,78.0,23.0,10.551359,0.3780369090909091,0.2797454729865481,0.08695651795841226,0.17391303591682453,0.399999920000016,0.0,0.5384615384615384,19.0
64d700e7a094,41.0,19.0,8.044655,0.29069911111111113,0.06157145647121666,0.0,0.0,1.9999980000020001,0.0,0.5588235294117647,16.0
64ea4df871ef,41.0,19.0,20.088065,0.8565002777777778,0.06857784003323657,0.0,0.0,1.9999980000020001,0.0,0.5588235294117647,16.0
64f176235847,78.0,23.0,6.174793,0.21114686363636367,0.11517896735507102,0.08695651795841226,0.17391303591682453,0.399999920000016,0.0,0.5384615384615384,19.0
64f8e22583bd,16.0,7.0,12.419283,0.5932781666666667,1.4397380084342313,0.4285713673469475,0.0,0.0,0.0,0.2857142857142857,6.0
654053e1c0c6,78.0,23.0,8.72442,0.30833186363636367,0.2126709101197693,0.08695651795841226,0.17391303591682453,0.399999920000016,0.0,0.5384615384615384,19.0
654481ea843c,78.0,23.0,5.604813,0.186773,0.08007392414156166,0.08695651795841226,0.17391303591682453,0.399999920000016,0.0,0.5384615384615384,19.0
654936850f5b,16.0,7.0,9.741179,0.4424723333333333,1.069170657784559,0.4285713673469475,0.0,0.0,0.0,0.2857142857142857,6.0
6585bd87a1f4,78.0,23.0,31.98735,1.200133727272727,1.2462460258514727,0.08695651795841226,0.17391303591682453,0.399999920000016,0.0,0.5384615384615384,19.0
6597dfa2206c,8.0,1.0,4.066755,0.0,0.0,0.0,0.0,2.9999970000030003,0.0,1.0,1.0
65b93eb89e16,79.0,23.0,31.499735,1.1668370454545458,1.1734870554638783,0.08695651795841226,0.21739129489603065,0.33333327777778704,0.0,0.5384615384615384,19.0
65eab4c5ed8b,79.0,23.0,40.354753,1.3944292272727274,1.6271416414990967,0.08695651795841226,0.21739129489603065,0.33333327777778704,0.0,0.5384615384615384,19.0
6621b2b270af,78.0,23.0,35.029868,1.3046784545454546,1.3699544634789778,0.08695651795841226,0.17391303591682453,0.399999920000016,0.0,0.5384615384615384,19.0
6638947c7fdd,78.0,23.0,6.713107,0.2340078181818182,0.112741533773003,0.08695651795841226,0.17391303591682453,0.399999920000016,0.0,0.5384615384615384,19.0
6645369d6ae5,78.0,23.0,25.141203,0.9203806818181818,0.905354713824702,0.08695651795841226,0.17391303591682453,0.399999920000016,0.0,0.5384615384615384,19.0
66a56be88d76,79.0,23.0,33.558107,1.2635957727272726,1.3676128887052983,0.08695651795841226,0.21739129489603065,0.33333327777778704,0.0,0.5384615384615384,19.0
66d3614f7d0f,78.0,23.0,38.041837,1.3702593181818181,1.2229947759472737,0.08695651795841226,0.17391303591682453,0.399999920000016,0.0,0.5384615384615384,19.0
66ed952fd590,18.0,10.0,3.1045220000000002,0.17920411111111112,0.16531734818860092,0.299999970000003,0.0,0.0,0.0,0.15384615384615385,12.0
670e7568027b,78.0,23.0,41.214476,1.5480988181818183,1.7070978121816551,0.08695651795841226,0.17391303591682453,0.399999920000016,0.0,0.5384615384615384,19.0
670ea96e0423,78.0,23.0,16.749196,0.6130371818181818,0.5669633548686106,0.08695651795841226,0.17391303591682453,0.399999920000016,0.0,0.5384615384615384,19.0
67181da4e8da,77.0,23.0,35.768057,1.3528785454545458,1.4630380689282843,0.08695651795841226,0.1304347769376184,0.49999987500003124,0.0,0.5384615384615384,19.0
673e220d5b46,78.0,23.0,8.914636,0.31730845454545453,0.24523877504873204,0.08695651795841226,0.17391303591682453,0.399999920000016,0.0,0.5384615384615384,19.0
6759eeb37dd7,16.0,7.0,68.559703,3.2524205,7.954069129542281,0.4285713673469475,0.0,0.0,0.0,0.2857142857142857,6.0
6777fc9f3ab4,41.0,19.0,7.751097,0.24296044444444437,0.06297208638121032,0.0,0.0,1.9999980000020001,0.0,0.5588235294117647,16.0
677d1485ed87,78.0,23.0,6.989183,0.2463531818181818,0.2536126517406372,0.08695651795841226,0.17391303591682453,0.399999920000016,0.0,0.5384615384615384,19.0
67bf363f2519,41.0,19.0,17.63926,0.6811566111111111,0.11638287776742806,0.0,0.0,1.9999980000020001,0.0,0.5588235294117647,16.0
67bf85999e3f,16.0,7.0,68.838828,3.2599195000000005,7.973046332175068,0.4285713673469475,0.0,0.0,0.0,0.2857142857142857,6.0
67c09001b172,78.0,23.0,32.180128,1.182819045454545,1.0638364345314635,0.08695651795841226,0.17391303591682453,0.399999920000016,0.0,0.5384615384615384,19.0
67d19d422c4d,78.0,23.0,38.438913,1.4540405454545455,1.9524343034498226,0.08695651795841226,0.17391303591682453,0.399999920000016,0.0,0.5384615384615384,19.0
67d8a4cb5eb4,77.0,23.0,152.099788,6.452592636363637,24.05496257478807,0.08695651795841226,0.17391303591682453,0.399999920000016,0.0,0.5384615384615384,19.0
67ea2d19c2d5,78.0,23.0,38.545604,1.4682598636363635,1.4484820173711677,0.08695651795841226,0.17391303591682453,0.399999920000016,0.0,0.5384615384615384,19.0
68003c3090a5,41.0,19.0,34.934259,1.309012111111111,0.15071001603074335,0.0,0.0,1.9999980000020001,0.0,0.5588235294117647,16.0
6802cb8ecf83,7.0,1.0,2.6522170000000003,0.0,0.0,0.0,0.0,1.9999980000020001,0.0,1.0,1.0
681f4264fb31,78.0,23.0,28.879396,1.076187318181818,1.12765737585409,0.08695651795841226,0.17391303591682453,0.399999920000016,0.0,0.5384615384615384,19.0
690bad810e9d,78.0,23.0,13.459085,0.488173909090909,0.40409082480892,0.08695651795841226,0.17391303591682453,0.399999920000016,0.0,0.5384615384615384,19.0
693b6739ef90,18.0,10.0,2.780007,0.16153777777777778,0.1496281698308993,0.299999970000003,0.0,0.0,0.0,0.15384615384615385,12.0
6968bc0be779,78.0,23.0,27.63888,1.029623090909091,1.0228302294687688,0.08695651795841226,0.17391303591682453,0.399999920000016,0.0,0.5384615384615384,19.0
69774f99ddae,16.0,7.0,10.05706,0.46948166666666663,1.1381932447853775,0.4285713673469475,0.0,0.0,0.0,0.2857142857142857,6.0
6987886f52c9,41.0,19.0,20.861454,0.8022303333333334,0.13622437698064435,0.0,0.0,1.9999980000020001,0.0,0.5588235294117647,16.0
69b3fbcb7798,78.0,23.0,11.455012,0.40571131818181816,0.3240106674502563,0.08695651795841226,0.17391303591682453,0.399999920000016,0.0,0.5384615384615384,19.0
69e8d0c6b1fb,9.0,2.0,17.266632,0.126162,,0.0,0.499999750000125,0.0,0.0,0.75,2.0
6a505e09d2ac,78.0,23.0,7.108149,0.2451974090909091,0.14533020226847584,0.08695651795841226,0.17391303591682453,0.399999920000016,0.0,0.5384615384615384,19.0
6a6f24c6b868,78.0,23.0,42.234959,1.5729358181818183,1.916909270070608,0.08695651795841226,0.17391303591682453,0.399999920000016,0.0,0.5384615384615384,19.0
6aa88d167ea9,78.0,23.0,14.288609,0.5256175454545455,0.4213440939689857,0.08695651795841226,0.17391303591682453,0.399999920000016,0.0,0.5384615384615384,19.0
6aff9bb70901,31.0,14.0,55.464511,0.8371316923076921,2.4285928377186647,0.21428569897959293,0.0,0.0,0.0,0.2857142857142857,11.0
6b13337f2849,78.0,23.0,8.500897,0.2979213636363636,0.20323482450733718,0.08695651795841226,0.17391303591682453,0.399999920000016,0.0,0.5384615384615384,19.0
6b23b20272f6,78.0,23.0,38.550177,1.412313,1.4824506368823727,0.08695651795841226,0.17391303591682453,0.399999920000016,0.0,0.5384615384615384,19.0
6b243e438e40,41.0,19.0,18.587821,0.7508792222222223,0.07196362298824853,0.0,0.0,1.9999980000020001,0.0,0.5588235294117647,16.0
6b29811f99f6,16.0,7.0,12.494923,0.5674635,1.3732106125343992,0.4285713673469475,0.0,0.0,0.0,0.2857142857142857,6.0
6bbae0d967f0,78.0,23.0,25.825866,0.9571085454545453,0.9334298756228087,0.08695651795841226,0.17391303591682453,0.399999920000016,0.0,0.5384615384615384,19.0
6bbbef3f5a7e,16.0,7.0,20.748467,0.9837456666666667,2.3960516371681697,0.4285713673469475,0.0,0.0,0.0,0.2857142857142857,6.0
6bc8c6d8814c,78.0,23.0,9.167665,0.32421436363636363,0.22924058334745293,0.08695651795841226,0.17391303591682453,0.399999920000016,0.0,0.5384615384615384,19.0
6bd8107e7fcd,78.0,23.0,6.811586,0.23182813636363633,0.13335480327460683,0.08695651795841226,0.17391303591682453,0.399999920000016,0.0,0.5384615384615384,19.0
6be1ca76e200,78.0,23.0,43.639351,1.5948880454545458,1.7530804901115797,0.08695651795841226,0.17391303591682453,0.399999920000016,0.0,0.5384615384615384,19.0
6bf66b28661c,41.0,19.0,8.324746,0.30074761111111115,0.06483706716081734,0.0,0.0,1.9999980000020001,0.0,0.5588235294117647,16.0
6c03384826d3,78.0,23.0,36.391186,1.3710505454545454,1.343713747539533,0.08695651795841226,0.17391303591682453,0.399999920000016,0.0,0.5384615384615384,19.0
6c5814df6cbf,78.0,23.0,41.764905,1.5643970000000003,1.5798398460749115,0.08695651795841226,0.17391303591682453,0.399999920000016,0.0,0.5384615384615384,19.0
6c5cbca816f9,78.0,23.0,13.919147,0.5089555909090909,0.4378162425893027,0.08695651795841226,0.17391303591682453,0.399999920000016,0.0,0.5384615384615384,19.0
6c6f6e568b8b,42.0,19.0,41.840157,1.4910737777777778,0.8928482063708226,0.0,0.0,1.9999980000020001,0.0,0.5588235294117647,16.0
6ca720785ffa,18.0,10.0,2.075239,0.11672355555555557,0.10719561734874135,0.299999970000003,0.0,0.0,0.0,0.15384615384615385,12.0
6cd52e674c5e,41.0,19.0,22.2844,0.8388563888888889,0.06881172769926298,0.0,0.0,1.9999980000020001,0.0,0.5588235294117647,16.0
6d4ade958858,78.0,23.0,29.619369,1.0888002272727273,1.1011927469884184,0.08695651795841226,0.17391303591682453,0.399999920000016,0.0,0.5384615384615384,19.0
6d892caf6071,41.0,19.0,22.663622,0.8314138888888888,0.19343221021082746,0.0,0.0,1.9999980000020001,0.0,0.5588235294117647,16.0
6d9cfc0a4190,77.0,23.0,6.71325,0.23203836363636363,0.11682767160286635,0.08695651795841226,0.1304347769376184,0.49999987500003124,0.0,0.5384615384615384,19.0
6db13d6adc69,16.0,7.0,68.403422,3.2439231666666664,7.932002340888192,0.4285713673469475,0.0,0.0,0.0,0.2857142857142857,6.0
6db28393988c,78.0,23.0,13.893834,0.503479409090909,0.48326151369790105,0.08695651795841226,0.17391303591682453,0.399999920000016,0.0,0.5384615384615384,19.0
6df848f153a2,77.0,23.0,7.191142,0.24797804545454546,0.12577411644935885,0.08695651795841226,0.1304347769376184,0.49999987500003124,0.0,0.5384615384615384,19.0
6e1dcf2a72fb,16.0,7.0,68.676863,3.254604666666667,7.959038119210353,0.4285713673469475,0.0,0.0,0.0,0.2857142857142857,6.0
6e25e2843f9d,78.0,23.0,34.047278,1.2460126363636364,1.4177147506635475,0.08695651795841226,0.17391303591682453,0.399999920000016,0.0,0.5384615384615384,19.0
6e6a20bdcb21,78.0,23.0,5.524147,0.18158481818181818,0.07660766289449017,0.08695651795841226,0.17391303591682453,0.399999920000016,0.0,0.5384615384615384,19.0
6ead98a704f6,78.0,23.0,31.889052,1.2014358181818183,1.2716451295937063,0.08695651795841226,0.17391303591682453,0.399999920000016,0.0,0.5384615384615384,19.0
6eafe15018a1,16.0,7.0,12.400968,0.5543079999999999,1.3297796249881406,0.4285713673469475,0.0,0.0,0.0,0.2857142857142857,6.0
6eb1ef454b71,78.0,23.0,8.170848,0.28829309090909094,0.21241812191320733,0.08695651795841226,0.17391303591682453,0.399999920000016,0.0,0.5384615384615384,19.0
6ec38121714f,18.0,10.0,2.450294,0.1389381111111111,0.11914095238565584,0.299999970000003,0.0,0.0,0.0,0.15384615384615385,12.0
6ece97d284a9,78.0,23.0,5.838289,0.19696,0.09759079060766222,0.08695651795841226,0.17391303591682453,0.399999920000016,0.0,0.5384615384615384,19.0
6ee91c8ce7ca,78.0,23.0,31.690958,1.1503041363636364,1.0940101557856414,0.08695651795841226,0.17391303591682453,0.399999920000016,0.0,0.5384615384615384,19.0
6eef95eac351,41.0,19.0,4.61929,0.14641438888888889,0.030978419777301303,0.0,0.0,1.9999980000020001,0.0,0.5588235294117647,16.0
6ef12507dc8e,78.0,23.0,33.572709,1.242521681818182,1.2618272448088688,0.08695651795841226,0.17391303591682453,0.399999920000016,0.0,0.5384615384615384,19.0
6ef63158880a,78.0,23.0,11.67922,0.4192665454545454,0.32236071223172563,0.08695651795841226,0.17391303591682453,0.399999920000016,0.0,0.5384615384615384,19.0
6f0800f20065,78.0,23.0,24.57685,0.9130970454545454,0.8800639819176285,0.08695651795841226,0.17391303591682453,0.399999920000016,0.0,0.5384615384615384,19.0
6f1e131e3a43,77.0,23.0,18.611679,0.7332501818181818,1.064489217858953,0.08695651795841226,0.1304347769376184,0.49999987500003124,0.0,0.5384615384615384,19.0
6f59c1128555,41.0,19.0,33.344978,1.2931309444444445,0.3004199363206096,0.0,0.0,1.9999980000020001,0.0,0.5588235294117647,16.0
6fb50700a48f,78.0,23.0,17.14851,0.6296836818181818,0.547435231787146,0.08695651795841226,0.17391303591682453,0.399999920000016,0.0,0.5384615384615384,19.0
6fc1a5cb1caa,78.0,23.0,5.966656,0.20372049999999994,0.09058223544947326,0.08695651795841226,0.17391303591682453,0.399999920000016,0.0,0.5384615384615384,19.0
6fc2c8a2f75f,10.0,5.0,4.917911,0.12764150000000002,0.00963183674072604,0.0,0.0,1.9999980000020001,0.0,0.19999999999999996,5.0
6fcdc47d9f0a,78.0,23.0,35.158188,1.329385590909091,1.3381648374288628,0.08695651795841226,0.17391303591682453,0.399999920000016,0.0,0.5384615384615384,19.0
703267ad8637,79.0,23.0,37.476182,1.3799919090909092,1.396967311033812,0.08695651795841226,0.21739129489603065,0.33333327777778704,0.0,0.5384615384615384,19.0
70568d8f8e72,78.0,23.0,20.89018,0.7698240454545455,0.7316125602013207,0.08695651795841226,0.17391303591682453,0.399999920000016,0.0,0.5384615384615384,19.0
705e6c5070fb,78.0,23.0,34.196026,1.2827270909090909,1.3230377663825996,0.08695651795841226,0.17391303591682453,0.399999920000016,0.0,0.5384615384615384,19.0
706cf8bd001a,18.0,10.0,0.635262,0.030161444444444446,0.023007489607251325,0.299999970000003,0.0,0.0,0.0,0.15384615384615385,12.0
707450e5f73c,78.0,23.0,16.752826,0.6098129090909091,0.5579252912122528,0.08695651795841226,0.17391303591682453,0.399999920000016,0.0,0.5384615384615384,19.0
70810de11a32,78.0,23.0,43.907008,1.6524932727272728,2.302535939645494,0.08695651795841226,0.17391303591682453,0.399999920000016,0.0,0.5384615384615384,19.0
70bd89db642c,78.0,23.0,13.181801,0.4710907727272726,0.33834321450308297,0.08695651795841226,0.17391303591682453,0.399999920000016,0.0,0.5384615384615384,19.0
70caa856b267,78.0,23.0,29.139482,1.0164632272727272,0.9961592164573146,0.08695651795841226,0.17391303591682453,0.399999920000016,0.0,0.5384615384615384,19.0
70f31f1cec83,78.0,23.0,12.915123,0.4859425454545455,0.6902762765250645,0.08695651795841226,0.17391303591682453,0.399999920000016,0.0,0.5384615384615384,19.0
7106496003cb,77.0,23.0,49.289148,1.7739167272727272,2.4130210226474196,0.08695651795841226,0.1304347769376184,0.49999987500003124,0.0,0.5384615384615384,19.0
712453bd5606,78.0,23.0,11.730072,0.42382345454545456,0.3080549112020263,0.08695651795841226,0.17391303591682453,0.399999920000016,0.0,0.5384615384615384,19.0
7197aa62b8ae,78.0,23.0,18.707932,0.6854361818181818,0.6307526799307118,0.08695651795841226,0.17391303591682453,0.399999920000016,0.0,0.5384615384615384,19.0
71a9001ef98d,78.0,23.0,18.127845,0.6601284545454544,0.5966495711118663,0.08695651795841226,0.17391303591682453,0.399999920000016,0.0,0.5384615384615384,19.0
71beb1a52c61,80.0,23.0,36.341194,1.3722123636363635,1.559236433829516,0.08695651795841226,0.2608695538752368,0.285714244897965,0.0,0.5384615384615384,19.0
71bf1a54217c,78.0,23.0,30.562806,1.1399900454545457,1.163780689807085,0.08695651795841226,0.17391303591682453,0.399999920000016,0.0,0.5384615384615384,19.0
71d7c661fb7a,76.0,23.0,35.915925,1.3566851363636365,1.4137027338660058,0.08695651795841226,0.08695651795841226,0.6666664444445185,0.0,0.5384615384615384,19.0
7207f9f809a9,78.0,23.0,42.034811,1.4742767727272728,1.4175908229632121,0.08695651795841226,0.17391303591682453,0.399999920000016,0.0,0.5384615384615384,19.0
720f8212231b,78.0,23.0,47.398989,1.7705577272727273,1.7109048903579587,0.08695651795841226,0.17391303591682453,0.399999920000016,0.0,0.5384615384615384,19.0
7229b0750a79,78.0,23.0,27.914722,1.036375409090909,1.0294800511250077,0.08695651795841226,0.17391303591682453,0.399999920000016,0.0,0.5384615384615384,19.0
72b312494035,78.0,23.0,48.15096,1.791486681818182,1.8679707998515747,0.08695651795841226,0.17391303591682453,0.399999920000016,0.0,0.5384615384615384,19.0
7314f506fe53,78.0,23.0,17.916656,0.6526842727272727,0.6057421654369977,0.08695651795841226,0.17391303591682453,0.399999920000016,0.0,0.5384615384615384,19.0
73a56022f725,78.0,23.0,6.423677,0.2216977272727273,0.10487617189682126,0.08695651795841226,0.17391303591682453,0.399999920000016,0.0,0.5384615384615384,19.0
73d325a4ee40,78.0,23.0,18.140252,0.6618407727272728,0.6114638867149595,0.08695651795841226,0.17391303591682453,0.399999920000016,0.0,0.5384615384615384,19.0
73d773b891c5,78.0,23.0,29.31955,1.0748677727272729,1.0725764873491677,0.08695651795841226,0.17391303591682453,0.399999920000016,0.0,0.5384615384615384,19.0
73debca5cf8c,78.0,23.0,24.297006,0.8971728181818182,0.8591309837636123,0.08695651795841226,0.17391303591682453,0.399999920000016,0.0,0.5384615384615384,19.0
7405d1987e24,41.0,19.0,17.554633,0.7154491666666667,0.06884830693227813,0.0,0.0,1.9999980000020001,0.0,0.5588235294117647,16.0
742b58fd8367,75.0,23.0,18.186146,0.6980898181818183,1.2867377913684201,0.08695651795841226,0.04347825897920613,0.99999950000025,0.0,0.5384615384615384,19.0
74418d0bdb3d,78.0,23.0,37.876068,1.4078939545454547,1.4467297417027092,0.08695651795841226,0.17391303591682453,0.399999920000016,0.0,0.5384615384615384,19.0
746c29a12baf,78.0,23.0,25.187376,0.9342327727272728,0.9046443742985383,0.08695651795841226,0.17391303591682453,0.399999920000016,0.0,0.5384615384615384,19.0
74738d09c790,10.0,5.0,5.355882,0.43533175,0.05252877160423609,0.0,0.0,1.9999980000020001,0.0,0.19999999999999996,5.0
747b12ef7b24,41.0,19.0,29.673975,1.1772479999999999,0.14219101946656537,0.0,0.0,1.9999980000020001,0.0,0.5588235294117647,16.0
74b14a3a23a7,78.0,23.0,7.559259,0.26224472727272724,0.12197663063460022,0.08695651795841226,0.17391303591682453,0.399999920000016,0.0,0.5384615384615384,19.0
74bb8d03f61d,78.0,23.0,7.453862,0.22176881818181818,0.1184379102168592,0.08695651795841226,0.17391303591682453,0.399999920000016,0.0,0.5384615384615384,19.0
74c452f4b79c,78.0,23.0,31.625263,1.1710850454545456,1.167917715916236,0.08695651795841226,0.17391303591682453,0.399999920000016,0.0,0.5384615384615384,19.0
754199265b14,78.0,23.0,19.397361,0.710157590909091,0.6478563345654917,0.08695651795841226,0.17391303591682453,0.399999920000016,0.0,0.5384615384615384,19.0
7546d82af22d,78.0,23.0,31.725558,1.1783341363636364,1.1847457439379454,0.08695651795841226,0.17391303591682453,0.399999920000016,0.0,0.5384615384615384,19.0
75bd446c831f,78.0,23.0,6.134208,0.2059092727272727,0.11184173404677139,0.08695651795841226,0.17391303591682453,0.399999920000016,0.0,0.5384615384615384,19.0
768bcc519e16,16.0,7.0,68.271302,3.2229038333333335,7.873945719627267,0.4285713673469475,0.0,0.0,0.0,0.2857142857142857,6.0
76b584427d3d,78.0,23.0,15.807572,0.5811199545454545,0.5210237053025403,0.08695651795841226,0.17391303591682453,0.399999920000016,0.0,0.5384615384615384,19.0
76bd90f44dd0,8.0,1.0,3.698015,0.0,0.0,0.0,0.0,2.9999970000030003,0.0,1.0,1.0
76ca6b415b6d,24.0,12.0,9.340864,0.3308069090909091,1.0680339385797115,0.2499999791666684,0.0,0.0,0.0,0.16666666666666663,11.0
76fd3a63fe2f,78.0,23.0,8.804297,0.3047595454545455,0.20381303280112653,0.08695651795841226,0.17391303591682453,0.399999920000016,0.0,0.5384615384615384,19.0
7714e480f27e,41.0,19.0,42.28589,1.7312584444444445,0.5821996058533455,0.0,0.0,1.9999980000020001,0.0,0.5588235294117647,16.0
7716fda8f678,10.0,5.0,6.261769,0.9643214999999999,0.12026500333430334,0.0,0.0,1.9999980000020001,0.0,0.19999999999999996,5.0
77384dd5f05a,9.0,1.0,1.31925,0.0,0.0,0.0,0.9999990000010001,0.99999950000025,0.0,0.5,2.0
774eb9db866f,78.0,23.0,33.267051,1.2363810909090909,1.239269317767642,0.08695651795841226,0.17391303591682453,0.399999920000016,0.0,0.5384615384615384,19.0
776d1b72ccea,80.0,23.0,35.771874,1.330239409090909,1.3265946624196663,0.08695651795841226,0.2608695538752368,0.285714244897965,0.0,0.5384615384615384,19.0
77988514a3ad,78.0,23.0,6.639707,0.23020136363636362,0.11311115097803469,0.08695651795841226,0.17391303591682453,0.399999920000016,0.0,0.5384615384615384,19.0
779c54fae78b,78.0,23.0,7.365153,0.25855150000000005,0.17813472243187445,0.08695651795841226,0.17391303591682453,0.399999920000016,0.0,0.5384615384615384,19.0
77b4c8e0ead6,18.0,10.0,15.378685,1.2653906666666666,1.8330725461108324,0.299999970000003,0.0,0.0,0.0,0.15384615384615385,12.0
77c466d375b5,78.0,23.0,5.898721,0.195807,0.10570382592841547,0.08695651795841226,0.17391303591682453,0.399999920000016,0.0,0.5384615384615384,19.0
77ee2e5a36de,78.0,23.0,18.58366,0.6814192727272728,0.630408195415379,0.08695651795841226,0.17391303591682453,0.399999920000016,0.0,0.5384615384615384,19.0
7816ea96bb80,78.0,23.0,10.786662,0.38184,0.2924727076965188,0.08695651795841226,0.17391303591682453,0.399999920000016,0.0,0.5384615384615384,19.0
782da5ccae57,78.0,23.0,25.588976,0.9459943636363636,0.9185937709783074,0.08695651795841226,0.17391303591682453,0.399999920000016,0.0,0.5384615384615384,19.0
785274c1487f,16.0,7.0,68.400249,3.2421951666666664,7.925250143158824,0.4285713673469475,0.0,0.0,0.0,0.2857142857142857,6.0
78702e338b62,78.0,23.0,33.566363,1.2523978181818185,1.114772000333685,0.08695651795841226,0.17391303591682453,0.399999920000016,0.0,0.5384615384615384,19.0
7885fc42d7f4,16.0,7.0,67.92141,3.2335116666666663,7.906777495288929,0.4285713673469475,0.0,0.0,0.0,0.2857142857142857,6.0
78a271bc4672,41.0,19.0,31.398621,1.2002668333333333,0.15844186250232573,0.0,0.0,1.9999980000020001,0.0,0.5588235294117647,16.0
78cf876be4a9,78.0,23.0,29.314392,1.076108590909091,1.0529459927851703,0.08695651795841226,0.17391303591682453,0.399999920000016,0.0,0.5384615384615384,19.0
78e027976210,78.0,23.0,17.033212,0.6253531818181818,0.5554525612163247,0.08695651795841226,0.17391303591682453,0.399999920000016,0.0,0.5384615384615384,19.0
78edad89e48d,78.0,23.0,32.225516,1.1984046363636363,1.2013165014084517,0.08695651795841226,0.17391303591682453,0.399999920000016,0.0,0.5384615384615384,19.0
78f49f99abfb,78.0,23.0,21.727293,0.8034527727272728,0.7472979406983493,0.08695651795841226,0.17391303591682453,0.399999920000016,0.0,0.5384615384615384,19.0
7902be1173d4,78.0,23.0,33.834182,1.2547361363636365,1.288120244930806,0.08695651795841226,0.17391303591682453,0.399999920000016,0.0,0.5384615384615384,19.0
790592d2676f,78.0,23.0,6.661907,0.22863,0.11948748336521436,0.08695651795841226,0.17391303591682453,0.399999920000016,0.0,0.5384615384615384,19.0
791891ec2e50,78.0,23.0,13.540102,0.5050705454545454,0.40020071444567806,0.08695651795841226,0.17391303591682453,0.399999920000016,0.0,0.5384615384615384,19.0
791ded039953,41.0,19.0,17.055162,0.6512534444444444,0.11075819297286489,0.0,0.0,1.9999980000020001,0.0,0.5588235294117647,16.0
79612877dd15,80.0,23.0,32.583234,1.2142486363636362,1.1966982742760957,0.08695651795841226,0.2608695538752368,0.285714244897965,0.0,0.5384615384615384,19.0
79ab9f010379,78.0,23.0,31.344489,1.1596960909090908,1.1709889963457187,0.08695651795841226,0.17391303591682453,0.399999920000016,0.0,0.5384615384615384,19.0
79b701f97e9e,78.0,23.0,30.691196,1.1429569090909093,1.1662716368276553,0.08695651795841226,0.17391303591682453,0.399999920000016,0.0,0.5384615384615384,19.0
79fe434e2583,16.0,7.0,9.633078,0.444493,1.0765132959938766,0.4285713673469475,0.0,0.0,0.0,0.2857142857142857,6.0
7a138560aa9b,78.0,23.0,56.807362,1.5634215909090907,1.7233187543342243,0.08695651795841226,0.17391303591682453,0.399999920000016,0.0,0.5384615384615384,19.0
7a2f2e52af24,7.0,1.0,5.231728,0.0,0.0,0.0,0.0,1.9999980000020001,0.0,1.0,1.0
7a46eea28a03,78.0,23.0,38.381631,1.4196354999999998,1.8742966890829247,0.08695651795841226,0.17391303591682453,0.399999920000016,0.0,0.5384615384615384,19.0
7a5481c57e25,41.0,19.0,30.056454,1.1839887777777778,0.1895010722501266,0.0,0.0,1.9999980000020001,0.0,0.5588235294117647,16.0
7a55993cdee3,41.0,19.0,24.194118,0.9580312222222221,0.22391131932624195,0.0,0.0,1.9999980000020001,0.0,0.5588235294117647,16.0
7a6a2027d045,78.0,23.0,5.952449,0.19424572727272726,0.0908435998679582,0.08695651795841226,0.17391303591682453,0.399999920000016,0.0,0.5384615384615384,19.0
7acbb61f5990,78.0,23.0,53.861234,2.027589545454546,2.2930211170816452,0.08695651795841226,0.17391303591682453,0.399999920000016,0.0,0.5384615384615384,19.0
7aef0f4b19eb,78.0,23.0,31.656165,1.1687586818181819,1.128489042029984,0.08695651795841226,0.17391303591682453,0.399999920000016,0.0,0.5384615384615384,19.0
7b0e4e78e03e,78.0,23.0,16.369627,0.6015326363636363,0.5107171895502903,0.08695651795841226,0.17391303591682453,0.399999920000016,0.0,0.5384615384615384,19.0
7b1a4c5748e1,78.0,23.0,22.292162,0.8216652272727274,0.8169864925382172,0.08695651795841226,0.17391303591682453,0.399999920000016,0.0,0.5384615384615384,19.0
7b64aebe0174,41.0,19.0,28.944922,1.1563617222222222,0.14770845164508659,0.0,0.0,1.9999980000020001,0.0,0.5588235294117647,16.0
7b90b6c48190,16.0,7.0,68.574064,3.260895833333333,7.976655708096506,0.4285713673469475,0.0,0.0,0.0,0.2857142857142857,6.0
7b92c602dffd,78.0,23.0,30.258516,1.1215098181818184,1.0546748232878242,0.08695651795841226,0.17391303591682453,0.399999920000016,0.0,0.5384615384615384,19.0
7be39e01b2f2,77.0,23.0,23.72541,0.5068207727272728,0.5797474522377688,0.08695651795841226,0.1304347769376184,0.49999987500003124,0.0,0.5384615384615384,19.0
7c2d16ed35c7,78.0,23.0,38.880849,1.4520697727272731,1.5065920411640472,0.08695651795841226,0.17391303591682453,0.399999920000016,0.0,0.5384615384615384,19.0
7c593c141dab,78.0,23.0,30.976772,1.154239363636364,1.177794001817342,0.08695651795841226,0.17391303591682453,0.399999920000016,0.0,0.5384615384615384,19.0
7c862489e655,78.0,23.0,15.806103,0.5767505,0.5035703496595704,0.08695651795841226,0.17391303591682453,0.399999920000016,0.0,0.5384615384615384,19.0
7c8cfcf4bf0a,78.0,23.0,37.82334,1.3779987272727274,1.4404954306053437,0.08695651795841226,0.17391303591682453,0.399999920000016,0.0,0.5384615384615384,19.0
7c9542f3ed25,78.0,23.0,25.830633,0.9473833181818183,0.9299264731401586,0.08695651795841226,0.17391303591682453,0.399999920000016,0.0,0.5384615384615384,19.0
7ca069b58497,78.0,23.0,21.25896,0.7817628636363637,0.7398977680738703,0.08695651795841226,0.17391303591682453,0.399999920000016,0.0,0.5384615384615384,19.0
7cb3a52099c9,78.0,23.0,31.854612,1.1839167272727271,1.2023817116954316,0.08695651795841226,0.17391303591682453,0.399999920000016,0.0,0.5384615384615384,19.0
7cc9e3a6ac52,78.0,23.0,6.676374,0.22816563636363635,0.12844200773280096,0.08695651795841226,0.17391303591682453,0.399999920000016,0.0,0.5384615384615384,19.0
7ccb22f90c03,106.0,50.0,171.49942,3.3839746938775512,7.660809887795627,0.0,0.0,2.9999970000030003,0.0,0.98,2.0
7cda87cfb940,78.0,23.0,5.8692720000000005,0.1962839090909091,0.10148985277493044,0.08695651795841226,0.17391303591682453,0.399999920000016,0.0,0.5384615384615384,19.0
7ce034922277,78.0,23.0,8.657369,0.30473950000000005,0.19921749122139756,0.08695651795841226,0.17391303591682453,0.399999920000016,0.0,0.5384615384615384,19.0
7cfbba5b0d19,78.0,23.0,39.966261,1.4871256363636363,1.4322649244013597,0.08695651795841226,0.17391303591682453,0.399999920000016,0.0,0.5384615384615384,19.0
7cfe0733336b,42.0,19.0,44.544269,1.9960452222222225,1.3669215691968128,0.0,0.0,1.9999980000020001,0.0,0.5588235294117647,16.0
7cff5cec325f,78.0,23.0,6.118666,0.20631200000000002,0.12723777851760554,0.08695651795841226,0.17391303591682453,0.399999920000016,0.0,0.5384615384615384,19.0
7d046718de6f,78.0,23.0,31.215117,1.170473409090909,1.2041110773044572,0.08695651795841226,0.17391303591682453,0.399999920000016,0.0,0.5384615384615384,19.0
7d0e83aea228,76.0,23.0,7.849533,0.26523263636363636,0.15042000868221192,0.08695651795841226,0.08695651795841226,0.6666664444445185,0.0,0.5384615384615384,19.0
7d2da8733ceb,78.0,23.0,5.746136,0.19136859090909092,0.11299361518146528,0.08695651795841226,0.17391303591682453,0.399999920000016,0.0,0.5384615384615384,19.0
7d39acd9e067,41.0,19.0,40.146148,1.5860515000000002,0.4955377140832501,0.0,0.0,1.9999980000020001,0.0,0.5588235294117647,16.0
7d917bebd490,78.0,23.0,25.783448,0.9577295454545454,0.9813888825688742,0.08695651795841226,0.17391303591682453,0.399999920000016,0.0,0.5384615384615384,19.0
7db950179c99,78.0,23.0,7.041079,0.2179405,0.12232135474145842,0.08695651795841226,0.17391303591682453,0.399999920000016,0.0,0.5384615384615384,19.0
7e09b8c13d73,78.0,23.0,29.192706,1.0836495454545456,1.0619386435630123,0.08695651795841226,0.17391303591682453,0.399999920000016,0.0,0.5384615384615384,19.0
7e18bb8efd14,78.0,23.0,25.953988,0.9680377272727273,0.9166767271760055,0.08695651795841226,0.17391303591682453,0.399999920000016,0.0,0.5384615384615384,19.0
7e35f4dfd8e5,78.0,23.0,8.568055,0.3018106818181818,0.18908687095804264,0.08695651795841226,0.17391303591682453,0.399999920000016,0.0,0.5384615384615384,19.0
7e414f79d609,78.0,23.0,43.504228,1.6191561818181819,1.4306904819543682,0.08695651795841226,0.17391303591682453,0.399999920000016,0.0,0.5384615384615384,19.0
7e6fd97a2902,18.0,10.0,2.725619,0.15885422222222223,0.14582670168112025,0.299999970000003,0.0,0.0,0.0,0.15384615384615385,12.0
7e977747e1d4,77.0,23.0,15.827777,0.5867999545454546,0.5041877624131592,0.08695651795841226,0.1304347769376184,0.49999987500003124,0.0,0.5384615384615384,19.0
7eabdb08a1d4,78.0,23.0,18.231706,0.6717461818181817,0.6146195642828199,0.08695651795841226,0.17391303591682453,0.399999920000016,0.0,0.5384615384615384,19.0
7eb8bbbf1368,16.0,7.0,12.708008,0.582225,1.409771830073931,0.4285713673469475,0.0,0.0,0.0,0.2857142857142857,6.0
7ec9f40b7418,41.0,19.0,5.94572,0.1845147777777778,0.045419774937349444,0.0,0.0,1.9999980000020001,0.0,0.5588235294117647,16.0
7ed4a12e9f64,41.0,19.0,22.922288,0.895746,0.12395766877826149,0.0,0.0,1.9999980000020001,0.0,0.5588235294117647,16.0
7effc7f17078,78.0,23.0,9.023065,0.3165504090909091,0.26217367941439473,0.08695651795841226,0.17391303591682453,0.399999920000016,0.0,0.5384615384615384,19.0
7f161d39c6c6,78.0,23.0,41.165217,1.5161267272727272,1.4210701885654842,0.08695651795841226,0.17391303591682453,0.399999920000016,0.0,0.5384615384615384,19.0
7f2f4f4590ec,78.0,23.0,8.505307,0.2989166818181818,0.18016750293239323,0.08695651795841226,0.17391303591682453,0.399999920000016,0.0,0.5384615384615384,19.0
7f6ae1828c21,78.0,23.0,29.269084,1.0875661363636362,1.0762467964812361,0.08695651795841226,0.17391303591682453,0.399999920000016,0.0,0.5384615384615384,19.0
7fbca63ec3de,78.0,23.0,15.895921,0.5809986363636365,0.5111590510051917,0.08695651795841226,0.17391303591682453,0.399999920000016,0.0,0.5384615384615384,19.0
7fef2267a47e,41.0,19.0,11.460064,0.4251189444444445,0.11719364260084912,0.0,0.0,1.9999980000020001,0.0,0.5588235294117647,16.0
803f6aac5554,77.0,23.0,31.995462,1.1884587727272728,1.2175460838723708,0.08695651795841226,0.1304347769376184,0.49999987500003124,0.0,0.5384615384615384,19.0
80475ba6be15,79.0,23.0,33.952593,1.1916352272727273,1.1998912577108984,0.08695651795841226,0.21739129489603065,0.33333327777778704,0.0,0.5384615384615384,19.0
80679e06de5a,79.0,23.0,32.333169,1.1973751363636362,1.1668035298015114,0.08695651795841226,0.21739129489603065,0.33333327777778704,0.0,0.5384615384615384,19.0
808790161015,41.0,19.0,57.507924,2.1706687222222225,1.5937472566411013,0.0,0.0,1.9999980000020001,0.0,0.5588235294117647,16.0
808ebf9890d8,78.0,23.0,38.216927,1.4341254545454545,1.454900904700933,0.08695651795841226,0.17391303591682453,0.399999920000016,0.0,0.5384615384615384,19.0
811fdb65a9f9,41.0,19.0,11.070298,0.4125943333333333,0.09145943735050302,0.0,0.0,1.9999980000020001,0.0,0.5588235294117647,16.0
814e71d1d4b7,41.0,19.0,33.508872,1.296877888888889,0.8941651465595544,0.0,0.0,1.9999980000020001,0.0,0.5588235294117647,16.0
8190c4195996,78.0,23.0,5.856477,0.19282449999999995,0.09861803240195643,0.08695651795841226,0.17391303591682453,0.399999920000016,0.0,0.5384615384615384,19.0
81968fef70c7,78.0,23.0,36.612401,1.3126621818181816,1.2857454475754204,0.08695651795841226,0.17391303591682453,0.399999920000016,0.0,0.5384615384615384,19.0
81a47dd21e27,79.0,23.0,41.560891,1.500273136363636,1.499609445989896,0.08695651795841226,0.21739129489603065,0.33333327777778704,0.0,0.5384615384615384,19.0
81dc919a6b2f,78.0,23.0,14.446421,0.5504091363636363,0.6749421867658842,0.08695651795841226,0.17391303591682453,0.399999920000016,0.0,0.5384615384615384,19.0
8204a277ca71,77.0,23.0,25.053614,0.929589,0.878496888485153,0.08695651795841226,0.1304347769376184,0.49999987500003124,0.0,0.5384615384615384,19.0
8210178fda1b,78.0,23.0,22.245342,0.8282528181818183,0.8333583134710987,0.08695651795841226,0.17391303591682453,0.399999920000016,0.0,0.5384615384615384,19.0
8210c0494bb9,41.0,19.0,23.204053,0.9011636111111111,0.13835206835892558,0.0,0.0,1.9999980000020001,0.0,0.5588235294117647,16.0
8219b306cce7,41.0,19.0,5.65102,0.192488,0.049400604335431794,0.0,0.0,1.9999980000020001,0.0,0.5588235294117647,16.0
82223f3af500,78.0,23.0,31.019647,1.1480709545454546,1.162350352443886,0.08695651795841226,0.17391303591682453,0.399999920000016,0.0,0.5384615384615384,19.0
82661cb96b66,41.0,19.0,13.976601,0.5280516111111111,0.09693810273701271,0.0,0.0,1.9999980000020001,0.0,0.5588235294117647,16.0
82a05c20618c,16.0,7.0,68.608896,3.2236348333333336,7.881460716369457,0.4285713673469475,0.0,0.0,0.0,0.2857142857142857,6.0
82cbcb36994c,16.0,7.0,8.328944,0.39910833333333334,0.9647698423756137,0.4285713673469475,0.0,0.0,0.0,0.2857142857142857,6.0
82ee14348d59,78.0,23.0,21.830037,0.8240335909090909,0.9205123999347247,0.08695651795841226,0.17391303591682453,0.399999920000016,0.0,0.5384615384615384,19.0
830d07848323,78.0,23.0,8.494351,0.29875045454545457,0.21876929482376703,0.08695651795841226,0.17391303591682453,0.399999920000016,0.0,0.5384615384615384,19.0
8318b6f6c848,78.0,23.0,14.867335,0.5398398181818181,0.5196017149141059,0.08695651795841226,0.17391303591682453,0.399999920000016,0.0,0.5384615384615384,19.0
832d47d23d86,78.0,23.0,31.051069,1.1531871363636361,1.161941102729406,0.08695651795841226,0.17391303591682453,0.399999920000016,0.0,0.5384615384615384,19.0
833d78009d51,78.0,23.0,15.927239,0.582065909090909,0.5128073443279241,0.08695651795841226,0.17391303591682453,0.399999920000016,0.0,0.5384615384615384,19.0
83415fc467f1,41.0,19.0,26.3527,1.0355873333333332,0.14223449337253313,0.0,0.0,1.9999980000020001,0.0,0.5588235294117647,16.0
834e4f5a77ab,16.0,7.0,68.086301,3.2246121666666667,7.884477810710496,0.4285713673469475,0.0,0.0,0.0,0.2857142857142857,6.0
836920d54c5c,78.0,23.0,21.010739,0.7665372727272728,0.6618727060997657,0.08695651795841226,0.17391303591682453,0.399999920000016,0.0,0.5384615384615384,19.0
83893b26ccf6,16.0,7.0,20.129104,1.0027516666666665,2.4466618508004463,0.4285713673469475,0.0,0.0,0.0,0.2857142857142857,6.0
838970e44c03,78.0,23.0,31.267286,1.154633681818182,1.1815228345279214,0.08695651795841226,0.17391303591682453,0.399999920000016,0.0,0.5384615384615384,19.0
838c12d5b617,78.0,23.0,29.026238,1.1068672272727271,1.3551357506659067,0.08695651795841226,0.17391303591682453,0.399999920000016,0.0,0.5384615384615384,19.0
83bc9dc7f3d6,41.0,19.0,31.046578,1.2434717222222222,0.15480431710989032,0.0,0.0,1.9999980000020001,0.0,0.5588235294117647,16.0
83be59002285,78.0,23.0,6.032261,0.1985335,0.12022552395384346,0.08695651795841226,0.17391303591682453,0.399999920000016,0.0,0.5384615384615384,19.0
83c48063e99e,78.0,23.0,25.771246,0.9489285,0.9378503327996195,0.08695651795841226,0.17391303591682453,0.399999920000016,0.0,0.5384615384615384,19.0
83cc3c7c97c4,78.0,23.0,6.343746,0.21642759090909092,0.12482840357777975,0.08695651795841226,0.17391303591682453,0.399999920000016,0.0,0.5384615384615384,19.0
83e1a14ca88a,79.0,23.0,33.013173,1.1903293181818182,1.203717950248091,0.08695651795841226,0.21739129489603065,0.33333327777778704,0.0,0.5384615384615384,19.0
8407e5218d77,16.0,7.0,68.007695,3.2219955000000002,7.878351003503,0.4285713673469475,0.0,0.0,0.0,0.2857142857142857,6.0
842b23be07ef,78.0,23.0,31.875293,1.2057974545454544,1.4363727935475832,0.08695651795841226,0.17391303591682453,0.399999920000016,0.0,0.5384615384615384,19.0
843be52d9862,78.0,23.0,26.193702,0.9567169545454545,0.8928420875230522,0.08695651795841226,0.17391303591682453,0.399999920000016,0.0,0.5384615384615384,19.0
84439ace2c08,78.0,23.0,5.691502,0.18775072727272726,0.092426826521711,0.08695651795841226,0.17391303591682453,0.399999920000016,0.0,0.5384615384615384,19.0
8445ede11b23,10.0,5.0,9.423591,1.1842454999999998,0.5262624844748737,0.0,0.0,1.9999980000020001,0.0,0.19999999999999996,5.0
847cb3405a17,78.0,23.0,34.701076,1.287130181818182,1.3019943477878424,0.08695651795841226,0.17391303591682453,0.399999920000016,0.0,0.5384615384615384,19.0
847d868822b4,106.0,50.0,239.137157,4.805513244897958,10.572713922249712,0.0,0.0,2.9999970000030003,0.0,0.98,2.0
8481773d93de,78.0,23.0,31.876006,1.1844753636363636,1.2008049502453622,0.08695651795841226,0.17391303591682453,0.399999920000016,0.0,0.5384615384615384,19.0
84bcb0d045c8,78.0,23.0,7.092939,0.2399226363636364,0.13661875043574134,0.08695651795841226,0.17391303591682453,0.399999920000016,0.0,0.5384615384615384,19.0
8515715d505b,78.0,23.0,33.125885,1.2260959999999999,1.3000406698470555,0.08695651795841226,0.17391303591682453,0.399999920000016,0.0,0.5384615384615384,19.0
852c7d61fcf0,78.0,23.0,35.960062,1.3201974090909092,1.4438461457585023,0.08695651795841226,0.17391303591682453,0.399999920000016,0.0,0.5384615384615384,19.0
853af7241e7b,41.0,19.0,5.313566,0.1785645,0.0405748364749704,0.0,0.0,1.9999980000020001,0.0,0.5588235294117647,16.0
8557f8fc3bed,16.0,7.0,68.765377,3.2441953333333338,7.931025468016117,0.4285713673469475,0.0,0.0,0.0,0.2857142857142857,6.0
85596129427d,78.0,23.0,31.778596,1.1788719545454547,1.1942965153900065,0.08695651795841226,0.17391303591682453,0.399999920000016,0.0,0.5384615384615384,19.0
85a159b77968,79.0,23.0,25.480801,0.9444956818181818,0.8895939265816141,0.08695651795841226,0.21739129489603065,0.33333327777778704,0.0,0.5384615384615384,19.0
85ed99f80056,78.0,23.0,41.211888,1.4830474090909092,1.742256132915202,0.08695651795841226,0.17391303591682453,0.399999920000016,0.0,0.5384615384615384,19.0
85ff9a4030e4,41.0,19.0,34.140661,1.3936955,0.39884058294235075,0.0,0.0,1.9999980000020001,0.0,0.5588235294117647,16.0
862521d73fca,78.0,23.0,36.123791,1.3186622272727275,1.6439560317553952,0.08695651795841226,0.17391303591682453,0.399999920000016,0.0,0.5384615384615384,19.0
864791a63e76,79.0,23.0,23.570276,0.8609932727272729,0.8777150461008013,0.08695651795841226,0.21739129489603065,0.33333327777778704,0.0,0.5384615384615384,19.0
868b4630e31c,79.0,23.0,30.516212,1.1412555454545454,1.2505530430788545,0.08695651795841226,0.21739129489603065,0.33333327777778704,0.0,0.5384615384615384,19.0
869c363a9210,78.0,23.0,33.51253,1.2479216818181815,1.4480573535142862,0.08695651795841226,0.17391303591682453,0.399999920000016,0.0,0.5384615384615384,19.0
87113c5cb4cd,16.0,7.0,68.5105,3.269724666666667,7.996806787411252,0.4285713673469475,0.0,0.0,0.0,0.2857142857142857,6.0
87240123a22e,76.0,23.0,6.874608,0.22986468181818182,0.1409305058241342,0.08695651795841226,0.08695651795841226,0.6666664444445185,0.0,0.5384615384615384,19.0
874c18192168,78.0,23.0,41.375708,1.2091968636363637,1.2360461593521765,0.08695651795841226,0.17391303591682453,0.399999920000016,0.0,0.5384615384615384,19.0
875ab3c0bc8d,78.0,23.0,22.177141,0.821915681818182,0.9157434895095786,0.08695651795841226,0.17391303591682453,0.399999920000016,0.0,0.5384615384615384,19.0
8767cc304eb8,78.0,23.0,25.72661,0.9615567272727273,0.8733327425968476,0.08695651795841226,0.17391303591682453,0.399999920000016,0.0,0.5384615384615384,19.0
87836724fb14,78.0,23.0,11.921016999999999,0.4286919545454545,0.35887027007123046,0.08695651795841226,0.17391303591682453,0.399999920000016,0.0,0.5384615384615384,19.0
87961e54bb25,16.0,7.0,68.394922,3.2400386666666665,7.921427180425599,0.4285713673469475,0.0,0.0,0.0,0.2857142857142857,6.0
87b5628fd7fb,10.0,5.0,16.489242,1.89767525,0.3891697251169255,0.0,0.0,1.9999980000020001,0.0,0.19999999999999996,5.0
87c5bb761533,78.0,23.0,20.102764,0.7344676818181818,0.6888438612112454,0.08695651795841226,0.17391303591682453,0.399999920000016,0.0,0.5384615384615384,19.0
87de28e19efb,79.0,23.0,7.21628,0.2555719545454545,0.13405789596555706,0.08695651795841226,0.21739129489603065,0.33333327777778704,0.0,0.5384615384615384,19.0
87fba96c1312,78.0,23.0,24.276335,0.8991761818181817,0.8484369079635369,0.08695651795841226,0.17391303591682453,0.399999920000016,0.0,0.5384615384615384,19.0
87ff29bab1e4,78.0,23.0,8.382504,0.24095259090909088,0.13650256081451334,0.08695651795841226,0.17391303591682453,0.399999920000016,0.0,0.5384615384615384,19.0
880feb6d53bd,9.0,1.0,4.165638,0.0,0.0,0.0,0.9999990000010001,0.99999950000025,0.0,0.5,2.0
8838c8a2d3b7,41.0,19.0,12.442723,0.4663105,0.08642917367570227,0.0,0.0,1.9999980000020001,0.0,0.5588235294117647,16.0
88549e2bc7a7,78.0,23.0,16.698546,0.6054455,0.557555218565988,0.08695651795841226,0.17391303591682453,0.399999920000016,0.0,0.5384615384615384,19.0
8877e07768dc,78.0,23.0,34.879333,1.297001090909091,1.1661811258009098,0.08695651795841226,0.17391303591682453,0.399999920000016,0.0,0.5384615384615384,19.0
889d23ebf4e2,16.0,7.0,12.565199,0.5844818333333334,1.409865590548605,0.4285713673469475,0.0,0.0,0.0,0.2857142857142857,6.0
88b95c4931db,78.0,23.0,32.707458,1.1822740454545455,1.1956448927567032,0.08695651795841226,0.17391303591682453,0.399999920000016,0.0,0.5384615384615384,19.0
88c409a6db3b,41.0,19.0,18.966616,0.7723656666666667,0.11324213784058425,0.0,0.0,1.9999980000020001,0.0,0.5588235294117647,16.0
88e711c30bf7,78.0,23.0,6.001855,0.20326036363636357,0.10681723536224338,0.08695651795841226,0.17391303591682453,0.399999920000016,0.0,0.5384615384615384,19.0
88f9bddfc230,41.0,19.0,28.651229999999998,1.1201738888888888,0.17153791615743147,0.0,0.0,1.9999980000020001,0.0,0.5588235294117647,16.0
89261a3ef956,77.0,23.0,30.157195,1.1296288181818184,1.050730439170799,0.08695651795841226,0.1304347769376184,0.49999987500003124,0.0,0.5384615384615384,19.0
8942c8431442,78.0,23.0,34.317976,1.2768383181818181,1.2965569445890284,0.08695651795841226,0.17391303591682453,0.399999920000016,0.0,0.5384615384615384,19.0
89b6e73f4c63,41.0,19.0,5.69449,0.18547638888888887,0.050679076124569095,0.0,0.0,1.9999980000020001,0.0,0.5588235294117647,16.0
89c2b80a9c23,78.0,23.0,25.850026,0.9490086363636362,0.9256713614298463,0.08695651795841226,0.17391303591682453,0.399999920000016,0.0,0.5384615384615384,19.0
89f24c38c145,78.0,23.0,12.979244,0.46952309090909095,0.37317772752210543,0.08695651795841226,0.17391303591682453,0.399999920000016,0.0,0.5384615384615384,19.0
8a2cda9c514d,21.0,10.0,2.044036,0.06455399999999999,0.07909796760505292,0.299999970000003,0.0,2.9999970000030003,0.7499998125000469,0.15384615384615385,12.0
8a4b7f814a59,78.0,23.0,10.972142,0.39688963636363633,0.28939264554704675,0.08695651795841226,0.17391303591682453,0.399999920000016,0.0,0.5384615384615384,19.0
8a4c283a0410,78.0,23.0,13.716181,0.49705340909090895,0.42696524659950613,0.08695651795841226,0.17391303591682453,0.399999920000016,0.0,0.5384615384615384,19.0
8a4df3c32199,10.0,5.0,8.141871,1.00963775,0.04097732133245579,0.0,0.0,1.9999980000020001,0.0,0.19999999999999996,5.0
8a6007b1cf1f,41.0,19.0,53.25855,1.8795801666666665,0.6652939404311318,0.0,0.0,1.9999980000020001,0.0,0.5588235294117647,16.0
8a626e00671c,79.0,23.0,29.797702,1.118362409090909,1.1333574796907284,0.08695651795841226,0.21739129489603065,0.33333327777778704,0.0,0.5384615384615384,19.0
8a7f7e3812da,67.0,19.0,26.381831,1.0191779444444444,0.29629312477609904,0.10526315235457093,0.26315788088642733,0.33333327777778704,0.0,0.5151515151515151,17.0
8a956c14d1a0,78.0,23.0,10.318371,0.36528995454545454,0.2747779202929552,0.08695651795841226,0.17391303591682453,0.399999920000016,0.0,0.5384615384615384,19.0
8aaaec87c38f,78.0,23.0,13.187788,0.47476122727272735,0.40091819065311185,0.08695651795841226,0.17391303591682453,0.399999920000016,0.0,0.5384615384615384,19.0
8ae65251baa6,78.0,23.0,25.808559,0.9534164545454544,0.9380726178357982,0.08695651795841226,0.17391303591682453,0.399999920000016,0.0,0.5384615384615384,19.0
8ae913005de9,16.0,7.0,12.440266,0.5702088333333333,1.3831247094126278,0.4285713673469475,0.0,0.0,0.0,0.2857142857142857,6.0
8aedb48a450a,78.0,23.0,8.394831,0.2942005909090909,0.1934291056957387,0.08695651795841226,0.17391303591682453,0.399999920000016,0.0,0.5384615384615384,19.0
8afa41776377,78.0,23.0,33.608111,1.2531697272727274,1.139920070895039,0.08695651795841226,0.17391303591682453,0.399999920000016,0.0,0.5384615384615384,19.0
8afd75d7c9b0,77.0,23.0,33.048565,1.238019409090909,1.1927395900634112,0.08695651795841226,0.1304347769376184,0.49999987500003124,0.0,0.5384615384615384,19.0
8afd790bda90,18.0,10.0,1.991643,0.11280855555555555,0.09979988507397079,0.299999970000003,0.0,0.0,0.0,0.15384615384615385,12.0
8b099d7c5ccf,41.0,19.0,20.03236,0.8531356666666666,0.06935703061779425,0.0,0.0,1.9999980000020001,0.0,0.5588235294117647,16.0
8b0bdc330d19,78.0,23.0,21.499928,0.8107918636363638,0.8869933881665472,0.08695651795841226,0.17391303591682453,0.399999920000016,0.0,0.5384615384615384,19.0
8b409b9e4190,41.0,19.0,23.792736,0.9497769444444446,0.10024638641365947,0.0,0.0,1.9999980000020001,0.0,0.5588235294117647,16.0
8b709c50bba8,78.0,23.0,22.166816,0.8350138181818182,0.9383895740756957,0.08695651795841226,0.17391303591682453,0.399999920000016,0.0,0.5384615384615384,19.0
8ba37f38abb9,78.0,23.0,6.674545,0.22937081818181818,0.12313855149833551,0.08695651795841226,0.17391303591682453,0.399999920000016,0.0,0.5384615384615384,19.0
8bc105ee193a,41.0,19.0,18.484829,0.7488744444444444,0.07659966607377854,0.0,0.0,1.9999980000020001,0.0,0.5588235294117647,16.0
8be2fda955c3,78.0,23.0,32.008602,1.1901533636363637,1.41416963700438,0.08695651795841226,0.17391303591682453,0.399999920000016,0.0,0.5384615384615384,19.0
8beedd859419,41.0,19.0,14.29445,0.519848,0.09423895609316464,0.0,0.0,1.9999980000020001,0.0,0.5588235294117647,16.0
8c24f377457c,10.0,5.0,7.158501,0.6911155,0.003027727475626993,0.0,0.0,1.9999980000020001,0.0,0.19999999999999996,5.0
8c3ca9f0ec1b,41.0,19.0,49.891449,2.007681333333333,0.9866399777175413,0.0,0.0,1.9999980000020001,0.0,0.5588235294117647,16.0
8c5243ad853e,78.0,23.0,29.408503,1.0954895,1.1031186772837986,0.08695651795841226,0.17391303591682453,0.399999920000016,0.0,0.5384615384615384,19.0
8c68f4eedf0b,78.0,23.0,16.108523,0.5877071818181817,0.5388082116260661,0.08695651795841226,0.17391303591682453,0.399999920000016,0.0,0.5384615384615384,19.0
8c955a3fa8be,78.0,23.0,34.679972,1.2845909090909091,1.3497922251900178,0.08695651795841226,0.17391303591682453,0.399999920000016,0.0,0.5384615384615384,19.0
8cef8158d007,76.0,23.0,27.895103,1.0372638636363636,0.9723252800018106,0.08695651795841226,0.08695651795841226,0.6666664444445185,0.0,0.5384615384615384,19.0
8cf504e67e63,78.0,23.0,12.172218,0.44219381818181813,0.33965793397947214,0.08695651795841226,0.17391303591682453,0.399999920000016,0.0,0.5384615384615384,19.0
8cf6cebfceae,78.0,23.0,17.776477,0.6597890909090909,0.6174242696230934,0.08695651795841226,0.17391303591682453,0.399999920000016,0.0,0.5384615384615384,19.0
8d0dba3c9fd8,41.0,19.0,36.121159,1.4219870000000001,0.22511327973946546,0.0,0.0,1.9999980000020001,0.0,0.5588235294117647,16.0
8d62e9fdce7f,78.0,23.0,41.036673,1.5754080909090908,1.7288924446650786,0.08695651795841226,0.17391303591682453,0.399999920000016,0.0,0.5384615384615384,19.0
8d6fe6393e22,79.0,23.0,25.567236,0.9552114090909093,0.8519161071534517,0.08695651795841226,0.21739129489603065,0.33333327777778704,0.0,0.5384615384615384,19.0
8da070994142,78.0,23.0,5.428953,0.1746970909090909,0.08688420446335132,0.08695651795841226,0.17391303591682453,0.399999920000016,0.0,0.5384615384615384,19.0
8df775d5ba55,41.0,19.0,19.577228,0.7553561666666667,0.12146215098648923,0.0,0.0,1.9999980000020001,0.0,0.5588235294117647,16.0
8e08e8986fac,78.0,23.0,33.262621,1.2304731818181815,1.2528414300847583,0.08695651795841226,0.17391303591682453,0.399999920000016,0.0,0.5384615384615384,19.0
8e114cf047a7,78.0,23.0,24.97307,0.9271504545454546,0.8847375906227373,0.08695651795841226,0.17391303591682453,0.399999920000016,0.0,0.5384615384615384,19.0
8e17225e67a8,78.0,23.0,31.411323,1.1655395909090909,1.181465755022877,0.08695651795841226,0.17391303591682453,0.399999920000016,0.0,0.5384615384615384,19.0
8e32c81e94be,41.0,19.0,16.911757,0.7340855555555555,0.06360861691831883,0.0,0.0,1.9999980000020001,0.0,0.5588235294117647,16.0
8e47e7ca3714,78.0,23.0,8.889034,0.30636727272727265,0.2519919620112972,0.08695651795841226,0.17391303591682453,0.399999920000016,0.0,0.5384615384615384,19.0
8e696ea27d23,78.0,23.0,35.916576,1.361652590909091,1.727251824733831,0.08695651795841226,0.17391303591682453,0.399999920000016,0.0,0.5384615384615384,19.0
8e7c818e5714,79.0,23.0,20.144107,0.7499594545454543,0.6381595508606298,0.08695651795841226,0.21739129489603065,0.33333327777778704,0.0,0.5384615384615384,19.0
8e9f4cdb6690,16.0,7.0,68.191344,3.2239733333333334,7.887594450396006,0.4285713673469475,0.0,0.0,0.0,0.2857142857142857,6.0
8ea7c438709e,78.0,23.0,10.445114,0.36906240909090915,0.2801610699062508,0.08695651795841226,0.17391303591682453,0.399999920000016,0.0,0.5384615384615384,19.0
8eab1449b929,76.0,23.0,12.874603,0.49921686363636364,0.7663007909221012,0.08695651795841226,0.08695651795841226,0.6666664444445185,0.0,0.5384615384615384,19.0
8ebc798d1d48,78.0,23.0,15.534586000000001,0.5600798181818182,0.5059368126611067,0.08695651795841226,0.17391303591682453,0.399999920000016,0.0,0.5384615384615384,19.0
8ec2576aabb7,41.0,19.0,5.345038,0.18272355555555558,0.05233014647097027,0.0,0.0,1.9999980000020001,0.0,0.5588235294117647,16.0
8eec42d18fdc,78.0,23.0,5.883441,0.1994163636363636,0.10526711608798126,0.08695651795841226,0.17391303591682453,0.399999920000016,0.0,0.5384615384615384,19.0
8f3a41295797,78.0,23.0,40.261269,1.170260090909091,1.2327475129504095,0.08695651795841226,0.17391303591682453,0.399999920000016,0.0,0.5384615384615384,19.0
8f698b96c56a,78.0,23.0,40.96997,1.4953322272727272,1.9061908305530348,0.08695651795841226,0.17391303591682453,0.399999920000016,0.0,0.5384615384615384,19.0
8fdf16f5e6ab,41.0,19.0,13.172548,0.5380192222222222,0.0749801252870743,0.0,0.0,1.9999980000020001,0.0,0.5588235294117647,16.0
8fe12fa0db12,41.0,19.0,6.005549,0.1862963333333333,0.04545624756905066,0.0,0.0,1.9999980000020001,0.0,0.5588235294117647,16.0
8fe5c617c986,78.0,23.0,15.386213,0.5443775909090909,0.4483720794952781,0.08695651795841226,0.17391303591682453,0.399999920000016,0.0,0.5384615384615384,19.0
906c194b375c,78.0,23.0,31.764434,1.1578951363636365,1.164936409006877,0.08695651795841226,0.17391303591682453,0.399999920000016,0.0,0.5384615384615384,19.0
907966e0296a,78.0,23.0,31.279108,1.1591066818181819,1.201945426739714,0.08695651795841226,0.17391303591682453,0.399999920000016,0.0,0.5384615384615384,19.0
908b77fe94b2,78.0,23.0,25.427008,0.9463844090909089,0.9992984161847731,0.08695651795841226,0.17391303591682453,0.399999920000016,0.0,0.5384615384615384,19.0
90c31cfdc77d,78.0,23.0,32.821278,1.2321799090909094,1.1739592618602317,0.08695651795841226,0.17391303591682453,0.399999920000016,0.0,0.5384615384615384,19.0
90cbc1859eb1,78.0,23.0,6.054067,0.1983127727272727,0.09073149421910565,0.08695651795841226,0.17391303591682453,0.399999920000016,0.0,0.5384615384615384,19.0
90dd0d4642f8,78.0,23.0,34.152644,1.2911741818181819,1.2896847922922,0.08695651795841226,0.17391303591682453,0.399999920000016,0.0,0.5384615384615384,19.0
90f046071f7c,78.0,23.0,29.015599,1.0751255454545454,1.0501309960292586,0.08695651795841226,0.17391303591682453,0.399999920000016,0.0,0.5384615384615384,19.0
910a64709075,78.0,23.0,15.919744,0.5805696363636363,0.5561712380608576,0.08695651795841226,0.17391303591682453,0.399999920000016,0.0,0.5384615384615384,19.0
9110533da6f4,78.0,23.0,6.454575,0.21212895454545452,0.12797845295966903,0.08695651795841226,0.17391303591682453,0.399999920000016,0.0,0.5384615384615384,19.0
91237c0ec503,41.0,19.0,15.361868,0.5852083888888889,0.1015006770178168,0.0,0.0,1.9999980000020001,0.0,0.5588235294117647,16.0
913e3ff7c624,78.0,23.0,32.135257,1.2014158636363634,1.4151649761281677,0.08695651795841226,0.17391303591682453,0.399999920000016,0.0,0.5384615384615384,19.0
916710bbdedb,78.0,23.0,6.27789,0.21668395454545453,0.10426116009671156,0.08695651795841226,0.17391303591682453,0.399999920000016,0.0,0.5384615384615384,19.0
9183111e4589,78.0,23.0,6.898759,0.24165781818181822,0.11510371490121682,0.08695651795841226,0.17391303591682453,0.399999920000016,0.0,0.5384615384615384,19.0
91d05e8e3250,41.0,19.0,18.091563,0.7321385555555556,0.06501905752408489,0.0,0.0,1.9999980000020001,0.0,0.5588235294117647,16.0
91f8dd2a2cc4,41.0,19.0,11.373134,0.4181355555555556,0.11879886009614653,0.0,0.0,1.9999980000020001,0.0,0.5588235294117647,16.0
9239121a7645,78.0,23.0,23.070776,0.8543363636363638,1.0014287609432047,0.08695651795841226,0.17391303591682453,0.399999920000016,0.0,0.5384615384615384,19.0
9240e617bfc9,10.0,5.0,7.88587,0.9546105,0.04845363653707193,0.0,0.0,1.9999980000020001,0.0,0.19999999999999996,5.0
9281fb6a9a6a,16.0,7.0,12.568948,0.590377,1.432157627616178,0.4285713673469475,0.0,0.0,0.0,0.2857142857142857,6.0
92914744d629,78.0,23.0,38.919394,1.5068872272727274,2.0498671410149374,0.08695651795841226,0.17391303591682453,0.399999920000016,0.0,0.5384615384615384,19.0
92d1190d7842,78.0,23.0,32.757551,1.1829287727272726,1.181449181279094,0.08695651795841226,0.17391303591682453,0.399999920000016,0.0,0.5384615384615384,19.0
930f00cc008d,41.0,19.0,28.842744,1.149097222222222,0.1372979105601502,0.0,0.0,1.9999980000020001,0.0,0.5588235294117647,16.0
931fcc08a797,41.0,19.0,20.802666,0.8675432777777777,0.27879790247033687,0.0,0.0,1.9999980000020001,0.0,0.5588235294117647,16.0
9337fd07d8f3,78.0,23.0,33.441887,1.258790181818182,1.1686124288027857,0.08695651795841226,0.17391303591682453,0.399999920000016,0.0,0.5384615384615384,19.0
934c29c7de51,78.0,23.0,48.58037,1.7681884090909086,2.1128312130516935,0.08695651795841226,0.17391303591682453,0.399999920000016,0.0,0.5384615384615384,19.0
935a1d5155ea,78.0,23.0,14.856234,0.539045,0.5102178995331309,0.08695651795841226,0.17391303591682453,0.399999920000016,0.0,0.5384615384615384,19.0
937edc3a4d2b,78.0,23.0,34.522099,1.2851284090909088,1.3118058653332547,0.08695651795841226,0.17391303591682453,0.399999920000016,0.0,0.5384615384615384,19.0
93e315c621d7,19.0,10.0,3.896777,0.14864755555555553,0.13405797263974184,0.299999970000003,0.0,0.9999990000010001,0.499999750000125,0.15384615384615385,12.0
94fc733a5067,78.0,23.0,31.328714,1.1636186363636363,1.181169131785902,0.08695651795841226,0.17391303591682453,0.399999920000016,0.0,0.5384615384615384,19.0
9554be49cb83,78.0,23.0,30.494233,1.109194681818182,1.133669212229933,0.08695651795841226,0.17391303591682453,0.399999920000016,0.0,0.5384615384615384,19.0
95b512503e50,10.0,5.0,7.120975,0.98912,0.11638277494830011,0.0,0.0,1.9999980000020001,0.0,0.19999999999999996,5.0
95bbc6e93c7d,41.0,19.0,18.067995,0.6932208888888889,0.12061704482607408,0.0,0.0,1.9999980000020001,0.0,0.5588235294117647,16.0
96c5dc01ea30,78.0,23.0,28.551555,1.0558075,1.0422573900746468,0.08695651795841226,0.17391303591682453,0.399999920000016,0.0,0.5384615384615384,19.0
9711c84cc11e,41.0,19.0,22.957752,0.8855083333333335,0.14397798150902022,0.0,0.0,1.9999980000020001,0.0,0.5588235294117647,16.0
97159e609e14,78.0,23.0,32.173666,1.1950418636363638,1.1841667665135158,0.08695651795841226,0.17391303591682453,0.399999920000016,0.0,0.5384615384615384,19.0
972313565b10,78.0,23.0,34.727649,1.2886367272727273,1.3204259773691425,0.08695651795841226,0.17391303591682453,0.399999920000016,0.0,0.5384615384615384,19.0
974b8098d470,78.0,23.0,11.135887,0.39588263636363635,0.3214476520366286,0.08695651795841226,0.17391303591682453,0.399999920000016,0.0,0.5384615384615384,19.0
97740d280cd2,78.0,23.0,28.629953,1.0625858636363636,1.058067169274162,0.08695651795841226,0.17391303591682453,0.399999920000016,0.0,0.5384615384615384,19.0
97a956cb6195,10.0,5.0,8.487908000000001,0.9185145,0.07385946698291293,0.0,0.0,1.9999980000020001,0.0,0.19999999999999996,5.0
97bea5ebfc5e,16.0,7.0,12.747160000000001,0.580062,1.4109841906045582,0.4285713673469475,0.0,0.0,0.0,0.2857142857142857,6.0
97ed2cb04da9,19.0,10.0,2.398889,0.10269311111111111,0.0923806971808024,0.299999970000003,0.0,0.9999990000010001,0.499999750000125,0.15384615384615385,12.0
9811633caa59,78.0,23.0,27.735199,1.0283952272727273,1.0271533140898237,0.08695651795841226,0.17391303591682453,0.399999920000016,0.0,0.5384615384615384,19.0
9854e3e108d9,78.0,23.0,47.130007,1.7742533636363638,2.1221526429331936,0.08695651795841226,0.17391303591682453,0.399999920000016,0.0,0.5384615384615384,19.0
986883b8773c,78.0,23.0,32.511723,1.2049098181818183,1.2620265547295497,0.08695651795841226,0.17391303591682453,0.399999920000016,0.0,0.5384615384615384,19.0
9869b21136a7,78.0,23.0,39.629638,1.4360147727272727,1.4840342332378973,0.08695651795841226,0.17391303591682453,0.399999920000016,0.0,0.5384615384615384,19.0
987fdd65eb94,41.0,19.0,25.311551,1.0581886111111112,0.08901321734184059,0.0,0.0,1.9999980000020001,0.0,0.5588235294117647,16.0
98ba1cc5252c,10.0,5.0,7.770121,1.08709,0.041041701824688824,0.0,0.0,1.9999980000020001,0.0,0.19999999999999996,5.0
98fae4c2d903,16.0,7.0,12.143004,0.5700681666666666,1.381910788577094,0.4285713673469475,0.0,0.0,0.0,0.2857142857142857,6.0
9901b27d2374,78.0,23.0,11.649812,0.41519836363636353,0.32897702888304925,0.08695651795841226,0.17391303591682453,0.399999920000016,0.0,0.5384615384615384,19.0
991567ac4c3d,41.0,19.0,14.865278,0.5622405555555556,0.10093156485706903,0.0,0.0,1.9999980000020001,0.0,0.5588235294117647,16.0
993be2e8a1f6,78.0,23.0,8.796531,0.3083845,0.24317651928916828,0.08695651795841226,0.17391303591682453,0.399999920000016,0.0,0.5384615384615384,19.0
9961997f7584,78.0,23.0,15.848447,0.5762745454545454,0.5004776317429398,0.08695651795841226,0.17391303591682453,0.399999920000016,0.0,0.5384615384615384,19.0
996d31fa7700,78.0,23.0,32.086375,1.1966518181818182,1.2761819390790206,0.08695651795841226,0.17391303591682453,0.399999920000016,0.0,0.5384615384615384,19.0
997ac9e99a66,41.0,19.0,6.184959,0.1530795,0.03459516677097778,0.0,0.0,1.9999980000020001,0.0,0.5588235294117647,16.0
99d7870b7e7d,78.0,23.0,32.80138,1.2340826363636364,1.241088718333972,0.08695651795841226,0.17391303591682453,0.399999920000016,0.0,0.5384615384615384,19.0
9a062bb90963,78.0,23.0,33.555512,1.242362272727273,1.282766436949907,0.08695651795841226,0.17391303591682453,0.399999920000016,0.0,0.5384615384615384,19.0
9a786e74d8e2,78.0,23.0,19.035139,0.7006184545454546,0.6732850044216206,0.08695651795841226,0.17391303591682453,0.399999920000016,0.0,0.5384615384615384,19.0
9a7cd6e5227a,10.0,5.0,20.572191,3.2119910000000003,4.020118039692948,0.0,0.0,1.9999980000020001,0.0,0.19999999999999996,5.0
9abf2503f412,78.0,23.0,42.867182,1.4537621363636362,1.4450747375851172,0.08695651795841226,0.17391303591682453,0.399999920000016,0.0,0.5384615384615384,19.0
9b03ba78d2e0,79.0,23.0,31.601048,1.1899334090909088,1.3034872354271412,0.08695651795841226,0.21739129489603065,0.33333327777778704,0.0,0.5384615384615384,19.0
9b2736826fc5,78.0,23.0,6.822953,0.23296454545454545,0.12990545211503682,0.08695651795841226,0.17391303591682453,0.399999920000016,0.0,0.5384615384615384,19.0
9b4378722ca1,10.0,5.0,5.107065,0.63954175,0.08106649532893763,0.0,0.0,1.9999980000020001,0.0,0.19999999999999996,5.0
9b48d2af9d79,78.0,23.0,32.397087,1.2066921818181817,1.2656823297957145,0.08695651795841226,0.17391303591682453,0.399999920000016,0.0,0.5384615384615384,19.0
9b4fa69a1f9e,16.0,7.0,68.819297,3.2478765000000003,7.929603433347617,0.4285713673469475,0.0,0.0,0.0,0.2857142857142857,6.0
9b5e576020ec,78.0,23.0,21.583029,0.8093147727272728,0.8680288485121488,0.08695651795841226,0.17391303591682453,0.399999920000016,0.0,0.5384615384615384,19.0
9b8c71f826a5,78.0,23.0,6.45116,0.22367863636363633,0.11992264378520387,0.08695651795841226,0.17391303591682453,0.399999920000016,0.0,0.5384615384615384,19.0
9bbe1d98f09d,78.0,23.0,25.362873,0.941040090909091,0.8893945784915612,0.08695651795841226,0.17391303591682453,0.399999920000016,0.0,0.5384615384615384,19.0
9bca05f1e1a8,16.0,7.0,68.996661,3.259547833333334,7.971509903428295,0.4285713673469475,0.0,0.0,0.0,0.2857142857142857,6.0
9bd6530ad8cc,79.0,23.0,38.00646,1.4039687272727273,1.6940924170985134,0.08695651795841226,0.21739129489603065,0.33333327777778704,0.0,0.5384615384615384,19.0
9bdf51c047d6,19.0,10.0,1.6860810000000002,0.06457155555555555,0.05733517704060726,0.299999970000003,0.0,0.9999990000010001,0.499999750000125,0.15384615384615385,12.0
9c16cfa7849a,14.0,6.0,48.706156,0.0055876,0.0013714021292093724,0.49999991666668053,0.0,0.0,0.0,0.16666666666666663,6.0
9c300aa52779,78.0,23.0,27.349013,1.008823681818182,1.0177968637131023,0.08695651795841226,0.17391303591682453,0.399999920000016,0.0,0.5384615384615384,19.0
9c85295efbd3,78.0,23.0,6.025498,0.19924886363636365,0.0934362041085714,0.08695651795841226,0.17391303591682453,0.399999920000016,0.0,0.5384615384615384,19.0
9cb1ccea8217,78.0,23.0,33.185048,1.193480318181818,1.1918363668225596,0.08695651795841226,0.17391303591682453,0.399999920000016,0.0,0.5384615384615384,19.0
9d097e505802,78.0,23.0,30.729069,1.135281818181818,1.0924103404156829,0.08695651795841226,0.17391303591682453,0.399999920000016,0.0,0.5384615384615384,19.0
9d09abee033d,41.0,19.0,18.460661,0.712776,0.12102223171943632,0.0,0.0,1.9999980000020001,0.0,0.5588235294117647,16.0
9d2080c9a28b,78.0,23.0,6.0671289999999996,0.20180168181818184,0.12591243859746584,0.08695651795841226,0.17391303591682453,0.399999920000016,0.0,0.5384615384615384,19.0
9d69731cdd63,78.0,23.0,27.980001,1.0330846818181818,1.0246125604546188,0.08695651795841226,0.17391303591682453,0.399999920000016,0.0,0.5384615384615384,19.0
9d79880ab14d,78.0,23.0,5.857405,0.19121300000000002,0.09246343441547455,0.08695651795841226,0.17391303591682453,0.399999920000016,0.0,0.5384615384615384,19.0
9daa6cedac98,21.0,8.0,187.064769,0.903856,0.05809965846428587,0.0,0.0,1.9999980000020001,0.0,0.36363636363636365,8.0
9db4be92ce51,77.0,23.0,8.871344,0.31868318181818184,0.19208803919102063,0.08695651795841226,0.1304347769376184,0.49999987500003124,0.0,0.5384615384615384,19.0
9df525465d3e,78.0,23.0,6.280558,0.20951154545454545,0.11596958504577098,0.08695651795841226,0.17391303591682453,0.399999920000016,0.0,0.5384615384615384,19.0
9e4a9de360b1,78.0,23.0,32.334628,1.181035590909091,1.175013165117236,0.08695651795841226,0.17391303591682453,0.399999920000016,0.0,0.5384615384615384,19.0
9e6910d08a30,41.0,19.0,29.402172,1.1137407777777777,0.2745646315013591,0.0,0.0,1.9999980000020001,0.0,0.5588235294117647,16.0
9edd7c804b05,78.0,23.0,29.733275,1.1012440000000001,1.115425506069235,0.08695651795841226,0.17391303591682453,0.399999920000016,0.0,0.5384615384615384,19.0
9ee319417f96,78.0,23.0,10.134283,0.3594705909090909,0.28022432453553364,0.08695651795841226,0.17391303591682453,0.399999920000016,0.0,0.5384615384615384,19.0
9f59f9e1c2af,78.0,23.0,6.814644,0.2399085909090909,0.1292319087995203,0.08695651795841226,0.17391303591682453,0.399999920000016,0.0,0.5384615384615384,19.0
9f61f348159a,78.0,23.0,13.091309,0.4897043181818182,0.4456784821831591,0.08695651795841226,0.17391303591682453,0.399999920000016,0.0,0.5384615384615384,19.0
9f642ad62c40,78.0,23.0,14.385731,0.5205068181818181,0.4472920883806971,0.08695651795841226,0.17391303591682453,0.399999920000016,0.0,0.5384615384615384,19.0
9f80073ed271,77.0,23.0,26.51576,0.9956164090909089,0.9697983937115933,0.08695651795841226,0.1304347769376184,0.49999987500003124,0.0,0.5384615384615384,19.0
9f973ff3dcd9,79.0,23.0,8.21499,0.28909263636363636,0.1829842875246645,0.08695651795841226,0.21739129489603065,0.33333327777778704,0.0,0.5384615384615384,19.0
9fbab621151d,77.0,23.0,16.761205,0.6124484090909091,0.4929487713318561,0.08695651795841226,0.1304347769376184,0.49999987500003124,0.0,0.5384615384615384,19.0
9fd99a1e5e08,78.0,23.0,31.609587,1.1808893636363635,1.2807048494725584,0.08695651795841226,0.17391303591682453,0.399999920000016,0.0,0.5384615384615384,19.0
9ffec95e0806,78.0,23.0,5.455703,0.17942795454545454,0.09758367612244,0.08695651795841226,0.17391303591682453,0.399999920000016,0.0,0.5384615384615384,19.0
a034d5f5d409,78.0,23.0,30.5201,1.1353832727272726,1.174902689029107,0.08695651795841226,0.17391303591682453,0.399999920000016,0.0,0.5384615384615384,19.0
a05261d8e1c7,41.0,19.0,18.763552,0.7695349444444445,0.07328884199439288,0.0,0.0,1.9999980000020001,0.0,0.5588235294117647,16.0
a06e0d5c04fa,78.0,23.0,11.081331,0.3956326818181818,0.30464143522061293,0.08695651795841226,0.17391303591682453,0.399999920000016,0.0,0.5384615384615384,19.0
a09523783bd8,78.0,23.0,18.504307,0.6789687727272727,0.5953893193105173,0.08695651795841226,0.17391303591682453,0.399999920000016,0.0,0.5384615384615384,19.0
a0bac008fd0f,41.0,19.0,19.316808,0.7877814444444444,0.0922769915062141,0.0,0.0,1.9999980000020001,0.0,0.5588235294117647,16.0
a0ff87f26352,78.0,23.0,29.762049,1.1009835909090908,1.1960256453536382,0.08695651795841226,0.17391303591682453,0.399999920000016,0.0,0.5384615384615384,19.0
a10e00236dbe,78.0,23.0,21.760337,0.8059371363636365,0.8923227183526786,0.08695651795841226,0.17391303591682453,0.399999920000016,0.0,0.5384615384615384,19.0
a14905e81812,76.0,23.0,30.251715,1.1400936363636365,1.1692898794252187,0.08695651795841226,0.08695651795841226,0.6666664444445185,0.0,0.5384615384615384,19.0
a17696fd6022,78.0,23.0,36.097801,1.3334002727272727,1.313862899489469,0.08695651795841226,0.17391303591682453,0.399999920000016,0.0,0.5384615384615384,19.0
a17a44380cc3,78.0,23.0,40.559526,1.5049555909090906,1.8259464469042495,0.08695651795841226,0.17391303591682453,0.399999920000016,0.0,0.5384615384615384,19.0
a17ba4965110,78.0,23.0,27.584066,1.0200339999999999,1.02303879538964,0.08695651795841226,0.17391303591682453,0.399999920000016,0.0,0.5384615384615384,19.0
a17e1d09bf7f,16.0,7.0,12.328744,0.5705386666666666,1.3835004364538042,0.4285713673469475,0.0,0.0,0.0,0.2857142857142857,6.0
a19033ea36b2,77.0,23.0,30.377779,1.1227486363636365,1.2315159829844466,0.08695651795841226,0.1304347769376184,0.49999987500003124,0.0,0.5384615384615384,19.0
a1d4df5e8607,78.0,23.0,6.201435,0.20605318181818186,0.11037813601461388,0.08695651795841226,0.17391303591682453,0.399999920000016,0.0,0.5384615384615384,19.0
a1d543e2aeee,41.0,19.0,6.764297,0.24015305555555555,0.05651971643956201,0.0,0.0,1.9999980000020001,0.0,0.5588235294117647,16.0
a203e1b8f5ff,51.0,15.0,25.154314,1.1961951428571427,0.5584404012166875,0.13333332444444504,0.06666666222222252,0.99999950000025,0.0,0.4642857142857143,16.0
a20d3540d3e1,78.0,23.0,26.366723,0.9644469090909091,0.9471921364279499,0.08695651795841226,0.17391303591682453,0.399999920000016,0.0,0.5384615384615384,19.0
a216b1ce15d3,78.0,23.0,26.111871,0.9601959545454547,0.9191485124291977,0.08695651795841226,0.17391303591682453,0.399999920000016,0.0,0.5384615384615384,19.0
a2290309a66d,78.0,23.0,15.751099,0.5735072727272726,0.4982792618647635,0.08695651795841226,0.17391303591682453,0.399999920000016,0.0,0.5384615384615384,19.0
a2a2798366a5,78.0,23.0,32.217618,1.2025020909090909,1.219587715258918,0.08695651795841226,0.17391303591682453,0.399999920000016,0.0,0.5384615384615384,19.0
a2c0a2a78272,78.0,23.0,19.056191,0.6991024545454546,0.645534291549531,0.08695651795841226,0.17391303591682453,0.399999920000016,0.0,0.5384615384615384,19.0
a2c1186a815a,78.0,23.0,29.23211,1.081891590909091,1.074711059355586,0.08695651795841226,0.17391303591682453,0.399999920000016,0.0,0.5384615384615384,19.0
a31b536f5ff5,78.0,23.0,29.328694,1.0863746363636364,1.0950321767914073,0.08695651795841226,0.17391303591682453,0.399999920000016,0.0,0.5384615384615384,19.0
a363fe27fec6,10.0,5.0,6.937295,1.00842075,0.34865092581011453,0.0,0.0,1.9999980000020001,0.0,0.19999999999999996,5.0
a3707487fc01,78.0,23.0,6.118027,0.21075322727272724,0.111833064801295,0.08695651795841226,0.17391303591682453,0.399999920000016,0.0,0.5384615384615384,19.0
a37bd72ec74c,10.0,5.0,8.124599,0.384164,0.0036980459705092832,0.0,0.0,1.9999980000020001,0.0,0.19999999999999996,5.0
a388030b512f,78.0,23.0,6.474867,0.22435127272727273,0.12446968484359928,0.08695651795841226,0.17391303591682453,0.399999920000016,0.0,0.5384615384615384,19.0
a3ae39041880,41.0,19.0,10.906826,0.4010053888888889,0.08269165024932999,0.0,0.0,1.9999980000020001,0.0,0.5588235294117647,16.0
a3bab9f4edb1,78.0,23.0,5.567337,0.18502059090909093,0.08915715938384366,0.08695651795841226,0.17391303591682453,0.399999920000016,0.0,0.5384615384615384,19.0
a3bfa17c5126,10.0,5.0,6.214755,0.78674475,0.023820057533865575,0.0,0.0,1.9999980000020001,0.0,0.19999999999999996,5.0
a3fba216a594,78.0,23.0,10.497962,0.3730363636363636,0.2819227535361154,0.08695651795841226,0.17391303591682453,0.399999920000016,0.0,0.5384615384615384,19.0
a421e5f81d50,78.0,23.0,6.9784880000000005,0.24523686363636363,0.11142842011772804,0.08695651795841226,0.17391303591682453,0.399999920000016,0.0,0.5384615384615384,19.0
a42b6333bbfb,78.0,23.0,16.859767,0.6212556818181818,0.6268469916602939,0.08695651795841226,0.17391303591682453,0.399999920000016,0.0,0.5384615384615384,19.0
a433e6478ac9,41.0,19.0,13.744625,0.5181941666666666,0.1085555095674152,0.0,0.0,1.9999980000020001,0.0,0.5588235294117647,16.0
a43db8ad80c9,78.0,23.0,29.834877,1.1206952727272725,1.1341493515354175,0.08695651795841226,0.17391303591682453,0.399999920000016,0.0,0.5384615384615384,19.0
a47c57a90726,78.0,23.0,34.041412,1.2717115,1.348699039555553,0.08695651795841226,0.17391303591682453,0.399999920000016,0.0,0.5384615384615384,19.0
a49637267977,78.0,23.0,34.411225,1.2904270909090907,1.5138068532321614,0.08695651795841226,0.17391303591682453,0.399999920000016,0.0,0.5384615384615384,19.0
a4a240a5cd2b,16.0,7.0,12.645365,0.5794594999999999,1.4098616398490669,0.4285713673469475,0.0,0.0,0.0,0.2857142857142857,6.0
a4d246a54bc6,78.0,23.0,6.435734,0.2229441818181818,0.11285298674640568,0.08695651795841226,0.17391303591682453,0.399999920000016,0.0,0.5384615384615384,19.0
a502769b380c,41.0,19.0,5.402466,0.18490572222222224,0.043428445662756644,0.0,0.0,1.9999980000020001,0.0,0.5588235294117647,16.0
a5378d58aaa3,41.0,19.0,35.424103,1.4033517222222223,0.1856802932160563,0.0,0.0,1.9999980000020001,0.0,0.5588235294117647,16.0
a56877268128,78.0,23.0,28.193133,1.0508744545454543,1.0173035964831234,0.08695651795841226,0.17391303591682453,0.399999920000016,0.0,0.5384615384615384,19.0
a56e8aac7d8a,78.0,23.0,5.75248,0.19489390909090912,0.09073943944845546,0.08695651795841226,0.17391303591682453,0.399999920000016,0.0,0.5384615384615384,19.0
a587b218155c,41.0,19.0,11.069742,0.4032271666666667,0.08324027559685983,0.0,0.0,1.9999980000020001,0.0,0.5588235294117647,16.0
a58d9f7733c1,6.0,1.0,131.659141,0.0,0.0,0.0,0.0,1.9999980000020001,0.0,0.5,2.0
a5b5791fbb48,78.0,23.0,31.571819,1.169773409090909,1.1938389780356502,0.08695651795841226,0.17391303591682453,0.399999920000016,0.0,0.5384615384615384,19.0
a5c8b2ad10e9,41.0,19.0,24.788978,1.028287722222222,0.10039560667139924,0.0,0.0,1.9999980000020001,0.0,0.5588235294117647,16.0
a5fd205f7c26,78.0,23.0,32.694046,1.2141900909090908,1.185133418065739,0.08695651795841226,0.17391303591682453,0.399999920000016,0.0,0.5384615384615384,19.0
a64db526d3c2,78.0,23.0,31.241709,1.1572453181818183,1.1496972207924339,0.08695651795841226,0.17391303591682453,0.399999920000016,0.0,0.5384615384615384,19.0
a68db31ec316,78.0,23.0,46.512361,1.6517281363636362,1.4990579704070754,0.08695651795841226,0.17391303591682453,0.399999920000016,0.0,0.5384615384615384,19.0
a6e745e6c721,41.0,19.0,19.627336,0.83973,0.07094546711797899,0.0,0.0,1.9999980000020001,0.0,0.5588235294117647,16.0
a70a0f53b5b9,10.0,5.0,2.544741,0.184079,0.007720066105071034,0.0,0.0,1.9999980000020001,0.0,0.19999999999999996,5.0
a719f7ad4425,41.0,19.0,5.462532,0.18894827777777776,0.04642237325434105,0.0,0.0,1.9999980000020001,0.0,0.5588235294117647,16.0
a763cabc3bd9,9.0,1.0,1.829027,0.0,0.0,0.0,0.9999990000010001,0.99999950000025,0.0,0.5,2.0
a76aa322d057,78.0,23.0,6.456822,0.2148140909090909,0.11885692220677573,0.08695651795841226,0.17391303591682453,0.399999920000016,0.0,0.5384615384615384,19.0
a775384ce857,41.0,19.0,5.55072,0.18584888888888887,0.04650490633178508,0.0,0.0,1.9999980000020001,0.0,0.5588235294117647,16.0
a7903922a69d,41.0,19.0,21.748306,0.8464787222222223,0.12926326102766608,0.0,0.0,1.9999980000020001,0.0,0.5588235294117647,16.0
a7b282558883,78.0,23.0,12.030533,0.4333267727272727,0.34825155427704046,0.08695651795841226,0.17391303591682453,0.399999920000016,0.0,0.5384615384615384,19.0
a7b3760ae75d,78.0,23.0,38.702528,1.449144681818182,1.6646317305086513,0.08695651795841226,0.17391303591682453,0.399999920000016,0.0,0.5384615384615384,19.0
a7c5779a7d5e,78.0,23.0,6.095461,0.20861595454545456,0.0861291132796058,0.08695651795841226,0.17391303591682453,0.399999920000016,0.0,0.5384615384615384,19.0
a7e1e3b249c3,78.0,23.0,17.313638,0.6322,0.5872678040596535,0.08695651795841226,0.17391303591682453,0.399999920000016,0.0,0.5384615384615384,19.0
a82bad0dc9aa,78.0,23.0,21.487181,0.8073807272727271,0.8822874681636842,0.08695651795841226,0.17391303591682453,0.399999920000016,0.0,0.5384615384615384,19.0
a83c03155b6b,78.0,23.0,29.22808,1.0764376363636363,1.0790332565169065,0.08695651795841226,0.17391303591682453,0.399999920000016,0.0,0.5384615384615384,19.0
a83cd83b9010,78.0,23.0,29.175203,1.0759795454545455,1.0744803067704838,0.08695651795841226,0.17391303591682453,0.399999920000016,0.0,0.5384615384615384,19.0
a83e79f722fb,10.0,5.0,9.737204,1.368235,0.3454142136276387,0.0,0.0,1.9999980000020001,0.0,0.19999999999999996,5.0
a854b597bc19,78.0,23.0,28.411659,1.0539899545454547,1.0243388394364659,0.08695651795841226,0.17391303591682453,0.399999920000016,0.0,0.5384615384615384,19.0
a90c37959752,78.0,23.0,18.079234,0.6615759090909091,0.5971807140723746,0.08695651795841226,0.17391303591682453,0.399999920000016,0.0,0.5384615384615384,19.0
a94325c87bac,78.0,23.0,17.72301,0.6540826818181819,0.5763338507502472,0.08695651795841226,0.17391303591682453,0.399999920000016,0.0,0.5384615384615384,19.0
a962a43116ed,41.0,19.0,28.715713,1.1243446666666668,0.1700170450178106,0.0,0.0,1.9999980000020001,0.0,0.5588235294117647,16.0
a97c6f62b91c,78.0,23.0,32.521231,1.202109681818182,1.2143147614923517,0.08695651795841226,0.17391303591682453,0.399999920000016,0.0,0.5384615384615384,19.0
a9a389737052,16.0,7.0,12.505072,0.5923691666666667,1.436246359925541,0.4285713673469475,0.0,0.0,0.0,0.2857142857142857,6.0
a9b77b372f45,78.0,23.0,21.817631,0.8146067727272727,0.8960593486096526,0.08695651795841226,0.17391303591682453,0.399999920000016,0.0,0.5384615384615384,19.0
a9c9652e3e59,78.0,23.0,6.824962,0.24084568181818178,0.12350837104091224,0.08695651795841226,0.17391303591682453,0.399999920000016,0.0,0.5384615384615384,19.0
a9db09c06e93,16.0,7.0,12.208201,0.559546,1.3607980972449953,0.4285713673469475,0.0,0.0,0.0,0.2857142857142857,6.0
a9e3e39a32d4,78.0,23.0,19.020281,0.6883858636363636,0.6152355741526048,0.08695651795841226,0.17391303591682453,0.399999920000016,0.0,0.5384615384615384,19.0
aa11840380ef,78.0,23.0,43.229472,1.6611876818181819,2.1676731865874586,0.08695651795841226,0.17391303591682453,0.399999920000016,0.0,0.5384615384615384,19.0
aa4cedb25a29,41.0,19.0,29.13714,1.2184716666666666,0.37786396769332364,0.0,0.0,1.9999980000020001,0.0,0.5588235294117647,16.0
aa842056e26b,41.0,19.0,27.091215,1.123619,0.1031189555273851,0.0,0.0,1.9999980000020001,0.0,0.5588235294117647,16.0
aa876e3cf6ae,16.0,7.0,12.597715,0.5732861666666667,1.3808048132212485,0.4285713673469475,0.0,0.0,0.0,0.2857142857142857,6.0
aa957f36e917,78.0,23.0,5.91346,0.19733931818181816,0.08822010470753379,0.08695651795841226,0.17391303591682453,0.399999920000016,0.0,0.5384615384615384,19.0
aa9a2893568a,77.0,23.0,20.684664,0.7645492727272726,0.7387885526702406,0.08695651795841226,0.1304347769376184,0.49999987500003124,0.0,0.5384615384615384,19.0
aaab022e79b7,78.0,23.0,12.869696,0.4634340909090909,0.3799286707852646,0.08695651795841226,0.17391303591682453,0.399999920000016,0.0,0.5384615384615384,19.0
aabca23d45eb,16.0,7.0,12.508068,0.5621835000000001,1.3488962945296796,0.4285713673469475,0.0,0.0,0.0,0.2857142857142857,6.0
aaca70033276,16.0,7.0,12.622399,0.5831148333333334,1.4141126135096056,0.4285713673469475,0.0,0.0,0.0,0.2857142857142857,6.0
aacf53fd5a7d,41.0,19.0,12.445011,0.4659231666666666,0.08660632473524701,0.0,0.0,1.9999980000020001,0.0,0.5588235294117647,16.0
aadcf655f961,78.0,23.0,24.341136,0.8962588636363638,0.8473644715296332,0.08695651795841226,0.17391303591682453,0.399999920000016,0.0,0.5384615384615384,19.0
aaef55199135,41.0,19.0,8.219171,0.29534561111111113,0.061446827505469544,0.0,0.0,1.9999980000020001,0.0,0.5588235294117647,16.0
aafa90f45458,16.0,7.0,12.346143,0.5621038333333334,1.362867315162913,0.4285713673469475,0.0,0.0,0.0,0.2857142857142857,6.0
ab0603ae9dec,77.0,23.0,30.882205,1.1322625,1.056747067914089,0.08695651795841226,0.1304347769376184,0.49999987500003124,0.0,0.5384615384615384,19.0
ab173c3bfd8c,78.0,23.0,5.826066,0.19694922727272726,0.09160866227597424,0.08695651795841226,0.17391303591682453,0.399999920000016,0.0,0.5384615384615384,19.0
ab270456bfaf,78.0,23.0,33.537961,1.2404222272727274,1.2432416726671767,0.08695651795841226,0.17391303591682453,0.399999920000016,0.0,0.5384615384615384,19.0
ab3e05d7b126,78.0,23.0,32.052662,1.194690090909091,1.2115763816087624,0.08695651795841226,0.17391303591682453,0.399999920000016,0.0,0.5384615384615384,19.0
ab874316b442,78.0,23.0,24.043538,0.8882650454545455,0.8458676395549342,0.08695651795841226,0.17391303591682453,0.399999920000016,0.0,0.5384615384615384,19.0
ab95128f2e48,78.0,23.0,5.946291,0.19466468181818183,0.0853879747568966,0.08695651795841226,0.17391303591682453,0.399999920000016,0.0,0.5384615384615384,19.0
aba54f5fc0ea,78.0,23.0,21.766445,0.8159103181818181,0.9432595872382102,0.08695651795841226,0.17391303591682453,0.399999920000016,0.0,0.5384615384615384,19.0
abb31daa9468,78.0,23.0,11.427664,0.41203422727272726,0.37059050825571827,0.08695651795841226,0.17391303591682453,0.399999920000016,0.0,0.5384615384615384,19.0
abb600f1d259,78.0,23.0,6.193835,0.20504563636363635,0.10150742025588241,0.08695651795841226,0.17391303591682453,0.399999920000016,0.0,0.5384615384615384,19.0
abd2e5d0eff3,77.0,23.0,5.500229,0.1844161818181818,0.09118779836382475,0.08695651795841226,0.1304347769376184,0.49999987500003124,0.0,0.5384615384615384,19.0
abdc77c3b70f,78.0,23.0,15.982875,0.5788454545454546,0.536602270021087,0.08695651795841226,0.17391303591682453,0.399999920000016,0.0,0.5384615384615384,19.0
abf00eb162c9,10.0,2.0,181.748315,2.879933,,0.0,0.0,1.9999980000020001,0.0,0.16666666666666663,6.0
ac494ce16760,78.0,23.0,6.556128,0.2254355,0.11190305460137828,0.08695651795841226,0.17391303591682453,0.399999920000016,0.0,0.5384615384615384,19.0
ac6c4c1ed0f3,78.0,23.0,6.057147,0.20617127272727273,0.10295409267481068,0.08695651795841226,0.17391303591682453,0.399999920000016,0.0,0.5384615384615384,19.0
ac79b13a4d01,31.0,14.0,193.290853,2.483968384615385,6.861477718425912,0.21428569897959293,0.0,0.0,0.0,0.2857142857142857,11.0
ac7d6d79faa1,16.0,7.0,68.49167,3.234121,7.910305822801771,0.4285713673469475,0.0,0.0,0.0,0.2857142857142857,6.0
ac9b82aef03b,78.0,23.0,16.890274,0.6160727727272728,0.551058274060698,0.08695651795841226,0.17391303591682453,0.399999920000016,0.0,0.5384615384615384,19.0
aca044c87ead,78.0,23.0,44.596048,1.639043681818182,1.781411392439644,0.08695651795841226,0.17391303591682453,0.399999920000016,0.0,0.5384615384615384,19.0
acb8e9fa86f1,78.0,23.0,19.39356,0.7033302272727274,0.6474619917453461,0.08695651795841226,0.17391303591682453,0.399999920000016,0.0,0.5384615384615384,19.0
acb9b29fc551,79.0,23.0,16.882208,0.6204931363636362,0.5323249929144428,0.08695651795841226,0.21739129489603065,0.33333327777778704,0.0,0.5384615384615384,19.0
acc22a31e11c,9.0,2.0,17.284351,0.128989,,0.0,0.499999750000125,0.0,0.0,0.75,2.0
acfc1a714c17,78.0,23.0,17.912951,0.6524163181818181,0.5897582662155406,0.08695651795841226,0.17391303591682453,0.399999920000016,0.0,0.5384615384615384,19.0
ad574c1b5cd1,77.0,23.0,16.069894,0.6069905000000001,0.507952026003839,0.08695651795841226,0.1304347769376184,0.49999987500003124,0.0,0.5384615384615384,19.0
ad783ea469ff,78.0,23.0,31.547085,1.1604296363636364,1.1836709544586703,0.08695651795841226,0.17391303591682453,0.399999920000016,0.0,0.5384615384615384,19.0
adae676ce227,78.0,23.0,25.777816,0.9519098181818181,0.9287242104164103,0.08695651795841226,0.17391303591682453,0.399999920000016,0.0,0.5384615384615384,19.0
ade80ecd93d9,77.0,23.0,33.538696,1.2494253181818178,1.3137702209731525,0.08695651795841226,0.1304347769376184,0.49999987500003124,0.0,0.5384615384615384,19.0
adfd5e540e62,41.0,19.0,23.986726,0.9330160555555556,0.16218901915048606,0.0,0.0,1.9999980000020001,0.0,0.5588235294117647,16.0
aeb5391881ef,78.0,23.0,32.339977,1.2016389545454547,1.2054559609243094,0.08695651795841226,0.17391303591682453,0.399999920000016,0.0,0.5384615384615384,19.0
aebedd45dade,78.0,23.0,30.732343,1.131212090909091,1.1114292133149963,0.08695651795841226,0.17391303591682453,0.399999920000016,0.0,0.5384615384615384,19.0
aeda5ec4d68b,41.0,19.0,8.448459,0.3082077777777778,0.06170899441310906,0.0,0.0,1.9999980000020001,0.0,0.5588235294117647,16.0
aef004d0119b,41.0,19.0,36.033783,1.4690582222222224,0.1615016463815391,0.0,0.0,1.9999980000020001,0.0,0.5588235294117647,16.0
aef94c57aedb,41.0,19.0,32.843372,1.3109323888888889,0.28727407523030707,0.0,0.0,1.9999980000020001,0.0,0.5588235294117647,16.0
af3b6d5b8382,78.0,23.0,6.631898,0.23036059090909095,0.1284775119505945,0.08695651795841226,0.17391303591682453,0.399999920000016,0.0,0.5384615384615384,19.0
af62e8da3769,78.0,23.0,6.253461,0.21426309090909088,0.11545031975451567,0.08695651795841226,0.17391303591682453,0.399999920000016,0.0,0.5384615384615384,19.0
af99c2365e59,16.0,7.0,68.220391,3.237075666666667,7.917337982871003,0.4285713673469475,0.0,0.0,0.0,0.2857142857142857,6.0
afb725eda0c9,78.0,23.0,7.199136,0.2575021363636364,0.1463025431931723,0.08695651795841226,0.17391303591682453,0.399999920000016,0.0,0.5384615384615384,19.0
afba71c56241,78.0,23.0,8.71317,0.3063735909090909,0.19129087591604946,0.08695651795841226,0.17391303591682453,0.399999920000016,0.0,0.5384615384615384,19.0
afd1ffb90874,77.0,23.0,17.471516,0.6420297272727272,0.6072357433990119,0.08695651795841226,0.1304347769376184,0.49999987500003124,0.0,0.5384615384615384,19.0
afd86666e425,78.0,23.0,27.800429,1.0287263181818183,1.0152777472739447,0.08695651795841226,0.17391303591682453,0.399999920000016,0.0,0.5384615384615384,19.0
afda0471623f,78.0,23.0,28.251802,1.0469086818181816,1.0404679249864268,0.08695651795841226,0.17391303591682453,0.399999920000016,0.0,0.5384615384615384,19.0
afec2683e865,77.0,23.0,43.081841,1.2892136818181819,1.2725266186740603,0.08695651795841226,0.1304347769376184,0.49999987500003124,0.0,0.5384615384615384,19.0
b00733d53b14,78.0,23.0,5.724898,0.19533631818181824,0.10918578770080986,0.08695651795841226,0.17391303591682453,0.399999920000016,0.0,0.5384615384615384,19.0
b07901efb864,77.0,23.0,29.39948,1.082871136363636,1.1611642380807905,0.08695651795841226,0.1304347769376184,0.49999987500003124,0.0,0.5384615384615384,19.0
b07e661b3e04,78.0,23.0,6.587938,0.22338618181818182,0.11546877250772851,0.08695651795841226,0.17391303591682453,0.399999920000016,0.0,0.5384615384615384,19.0
b0886d6644f0,78.0,23.0,30.023992,1.109974,1.0966409440226355,0.08695651795841226,0.17391303591682453,0.399999920000016,0.0,0.5384615384615384,19.0
b0c4dfafa3a0,78.0,23.0,32.88271,1.2164700909090909,1.241679208835124,0.08695651795841226,0.17391303591682453,0.399999920000016,0.0,0.5384615384615384,19.0
b0c5f43f099a,78.0,23.0,34.951365,1.3217224545454547,1.4060525662047372,0.08695651795841226,0.17391303591682453,0.399999920000016,0.0,0.5384615384615384,19.0
b0d63d57f6c6,16.0,7.0,12.426916,0.558757,1.354816553056243,0.4285713673469475,0.0,0.0,0.0,0.2857142857142857,6.0
b1031edaf8da,78.0,23.0,5.531803,0.18503095454545457,0.09363098980393458,0.08695651795841226,0.17391303591682453,0.399999920000016,0.0,0.5384615384615384,19.0
b13a38c7795f,78.0,23.0,39.230674,1.5171837272727273,1.822133968782944,0.08695651795841226,0.17391303591682453,0.399999920000016,0.0,0.5384615384615384,19.0
b168b1ea600f,41.0,19.0,12.279648,0.45372155555555566,0.08653218860749227,0.0,0.0,1.9999980000020001,0.0,0.5588235294117647,16.0
b17b734e8907,41.0,19.0,5.376816,0.18446461111111112,0.0478303922702106,0.0,0.0,1.9999980000020001,0.0,0.5588235294117647,16.0
b1c3cef9705e,78.0,23.0,11.418767,0.3983935,0.3238836519754101,0.08695651795841226,0.17391303591682453,0.399999920000016,0.0,0.5384615384615384,19.0
b1d188e974a2,78.0,23.0,30.133575,1.1215142272727274,1.106417284863387,0.08695651795841226,0.17391303591682453,0.399999920000016,0.0,0.5384615384615384,19.0
b1d5fde72df8,42.0,19.0,75.262656,3.279590055555555,3.047397686772659,0.0,0.0,1.9999980000020001,0.0,0.5588235294117647,16.0
b23d6d7ded14,78.0,23.0,34.534384,1.2687484545454546,1.430958602616466,0.08695651795841226,0.17391303591682453,0.399999920000016,0.0,0.5384615384615384,19.0
b24409700bab,78.0,23.0,28.149942,1.0377694090909093,1.030576537393773,0.08695651795841226,0.17391303591682453,0.399999920000016,0.0,0.5384615384615384,19.0
b261aea02e2b,41.0,19.0,6.5527750000000005,0.19303,0.04708809110092925,0.0,0.0,1.9999980000020001,0.0,0.5588235294117647,16.0
b27371790b32,78.0,23.0,36.730038,1.3791599545454547,1.5502164221381194,0.08695651795841226,0.17391303591682453,0.399999920000016,0.0,0.5384615384615384,19.0
b2be4b6a496e,41.0,19.0,6.75636,0.23869622222222223,0.10522957530229159,0.0,0.0,1.9999980000020001,0.0,0.5588235294117647,16.0
b2d3e50879b1,78.0,23.0,6.134996,0.20729054545454548,0.11313258479102224,0.08695651795841226,0.17391303591682453,0.399999920000016,0.0,0.5384615384615384,19.0
b2dc44b018ef,78.0,23.0,6.521678,0.22295118181818177,0.11649752989395931,0.08695651795841226,0.17391303591682453,0.399999920000016,0.0,0.5384615384615384,19.0
b2f8d78e6be9,78.0,23.0,5.767582,0.19435045454545452,0.08689181448145036,0.08695651795841226,0.17391303591682453,0.399999920000016,0.0,0.5384615384615384,19.0
b30c238cb490,78.0,23.0,28.341242,1.0519820454545457,1.068431626867,0.08695651795841226,0.17391303591682453,0.399999920000016,0.0,0.5384615384615384,19.0
b319dc01be63,78.0,23.0,6.188267,0.2065600909090909,0.09162521795097008,0.08695651795841226,0.17391303591682453,0.399999920000016,0.0,0.5384615384615384,19.0
b3341dd2c2da,78.0,23.0,31.627358,1.1711791818181818,1.1949938220096783,0.08695651795841226,0.17391303591682453,0.399999920000016,0.0,0.5384615384615384,19.0
b35b34ef3de7,78.0,23.0,31.193891,1.1573564545454547,1.1913148892260153,0.08695651795841226,0.17391303591682453,0.399999920000016,0.0,0.5384615384615384,19.0
b373daa1f373,78.0,23.0,56.354113,2.121789363636364,2.3957574506952226,0.08695651795841226,0.17391303591682453,0.399999920000016,0.0,0.5384615384615384,19.0
b3a3396d97eb,78.0,23.0,26.020242,0.9648315909090909,0.9476857362271253,0.08695651795841226,0.17391303591682453,0.399999920000016,0.0,0.5384615384615384,19.0
b3baac8a52eb,78.0,23.0,42.683315,1.5774317272727272,1.7049986460635926,0.08695651795841226,0.17391303591682453,0.399999920000016,0.0,0.5384615384615384,19.0
b411cd647e2d,10.0,5.0,12.043704,1.542436,0.27279985705397036,0.0,0.0,1.9999980000020001,0.0,0.19999999999999996,5.0
b41ee5112ca1,78.0,23.0,32.090868,1.1940836363636362,1.22795793428178,0.08695651795841226,0.17391303591682453,0.399999920000016,0.0,0.5384615384615384,19.0
b486e9b2a95d,78.0,23.0,5.627358,0.18561822727272725,0.08148460270968627,0.08695651795841226,0.17391303591682453,0.399999920000016,0.0,0.5384615384615384,19.0
b48c7a9f0498,78.0,23.0,26.245275,0.9690613181818183,0.9646336560208398,0.08695651795841226,0.17391303591682453,0.399999920000016,0.0,0.5384615384615384,19.0
b4c427e17683,41.0,19.0,14.432878,0.550259,0.09443046900232996,0.0,0.0,1.9999980000020001,0.0,0.5588235294117647,16.0
b515a7716ae8,16.0,7.0,68.397715,3.2366813333333333,7.91293106837899,0.4285713673469475,0.0,0.0,0.0,0.2857142857142857,6.0
b535b7799def,78.0,23.0,7.432966,0.2597135454545455,0.1361226399558334,0.08695651795841226,0.17391303591682453,0.399999920000016,0.0,0.5384615384615384,19.0
b53ac185ea18,16.0,7.0,55.39065,2.6530126666666667,6.484696677219302,0.4285713673469475,0.0,0.0,0.0,0.2857142857142857,6.0
b55fb2603c16,78.0,23.0,8.632956,0.2980813636363636,0.21805494088123437,0.08695651795841226,0.17391303591682453,0.399999920000016,0.0,0.5384615384615384,19.0
b5b91696a66c,78.0,23.0,5.751778,0.19363245454545452,0.09839573859855405,0.08695651795841226,0.17391303591682453,0.399999920000016,0.0,0.5384615384615384,19.0
b5d362504146,78.0,23.0,6.507026,0.22258236363636363,0.11224336206252718,0.08695651795841226,0.17391303591682453,0.399999920000016,0.0,0.5384615384615384,19.0
b5d57ac8d18c,16.0,7.0,68.39127,3.239531,7.921352525808834,0.4285713673469475,0.0,0.0,0.0,0.2857142857142857,6.0
b5f0a7300a2a,78.0,23.0,8.400892,0.29724977272727277,0.1852060819085007,0.08695651795841226,0.17391303591682453,0.399999920000016,0.0,0.5384615384615384,19.0
b5f65f16763c,78.0,23.0,37.184134,1.4009360454545456,1.3776130559202917,0.08695651795841226,0.17391303591682453,0.399999920000016,0.0,0.5384615384615384,19.0
b63fd5319a65,78.0,23.0,6.309321,0.2166325909090909,0.11545165713577307,0.08695651795841226,0.17391303591682453,0.399999920000016,0.0,0.5384615384615384,19.0
b65e96d2991c,78.0,23.0,20.317584,0.7476636818181818,0.6874654097487299,0.08695651795841226,0.17391303591682453,0.399999920000016,0.0,0.5384615384615384,19.0
b680454aaac2,78.0,23.0,18.68958,0.6851205,0.6141553154425655,0.08695651795841226,0.17391303591682453,0.399999920000016,0.0,0.5384615384615384,19.0
b681632e28cc,16.0,7.0,68.26054,3.216288833333333,7.857971797728327,0.4285713673469475,0.0,0.0,0.0,0.2857142857142857,6.0
b682a46b546a,78.0,23.0,9.009683,0.30764477272727275,0.2312301210369346,0.08695651795841226,0.17391303591682453,0.399999920000016,0.0,0.5384615384615384,19.0
b68b8b574b9f,10.0,5.0,7.039608,0.96542625,0.009871315257688138,0.0,0.0,1.9999980000020001,0.0,0.19999999999999996,5.0
b7093afe3972,18.0,12.0,22.780244,1.6255770909090912,1.2620343063807302,0.0,0.0,1.9999980000020001,0.0,0.25,10.0
b73904779af6,78.0,23.0,15.83605,0.575458909090909,0.513780736788695,0.08695651795841226,0.17391303591682453,0.399999920000016,0.0,0.5384615384615384,19.0
b7449a9b7c97,78.0,23.0,24.361079,0.8983685454545455,1.0112696325828536,0.08695651795841226,0.17391303591682453,0.399999920000016,0.0,0.5384615384615384,19.0
b75cbeea9a03,78.0,23.0,26.127461,0.9702731818181818,0.9292615928309569,0.08695651795841226,0.17391303591682453,0.399999920000016,0.0,0.5384615384615384,19.0
b776a64b3495,78.0,23.0,34.465171,1.2399639999999998,1.1724096742480339,0.08695651795841226,0.17391303591682453,0.399999920000016,0.0,0.5384615384615384,19.0
b7e0f150fbce,78.0,23.0,30.538104,1.1305523636363637,1.136306278472974,0.08695651795841226,0.17391303591682453,0.399999920000016,0.0,0.5384615384615384,19.0
b7f6e8cb82a9,78.0,23.0,6.340384,0.22014854545454546,0.12537859571550908,0.08695651795841226,0.17391303591682453,0.399999920000016,0.0,0.5384615384615384,19.0
b7f72fda8105,17.0,7.0,12.544604,0.5669826666666667,1.3775446354061516,0.4285713673469475,0.1428571224489825,0.0,0.0,0.2857142857142857,6.0
b83735da9b99,78.0,23.0,15.354544,0.5561187727272726,0.4984801273505516,0.08695651795841226,0.17391303591682453,0.399999920000016,0.0,0.5384615384615384,19.0
b8652d9449b4,78.0,23.0,30.753573,1.121833,1.0998182209363163,0.08695651795841226,0.17391303591682453,0.399999920000016,0.0,0.5384615384615384,19.0
b87565c5b0e8,78.0,23.0,29.27902,1.0886619090909093,1.061738988024113,0.08695651795841226,0.17391303591682453,0.399999920000016,0.0,0.5384615384615384,19.0
b88a0a3bc0fc,78.0,23.0,14.060462,0.5140965000000001,0.5445260377513772,0.08695651795841226,0.17391303591682453,0.399999920000016,0.0,0.5384615384615384,19.0
b8a42fd021ed,78.0,23.0,24.632518,0.9103695454545453,0.8754312537625439,0.08695651795841226,0.17391303591682453,0.399999920000016,0.0,0.5384615384615384,19.0
b8c538ace754,78.0,23.0,6.524219,0.22570600000000002,0.1163057092039276,0.08695651795841226,0.17391303591682453,0.399999920000016,0.0,0.5384615384615384,19.0
b91618714e53,78.0,23.0,18.117018,0.6652339545454545,0.5989860547444583,0.08695651795841226,0.17391303591682453,0.399999920000016,0.0,0.5384615384615384,19.0
b9233257c9f1,78.0,23.0,6.014735,0.20431881818181816,0.10140178120330756,0.08695651795841226,0.17391303591682453,0.399999920000016,0.0,0.5384615384615384,19.0
b97afbd44b38,78.0,23.0,25.34311,0.9397250454545454,0.8973092121640268,0.08695651795841226,0.17391303591682453,0.399999920000016,0.0,0.5384615384615384,19.0
b98ddee335a7,16.0,7.0,12.338188,0.576014,1.389072811784897,0.4285713673469475,0.0,0.0,0.0,0.2857142857142857,6.0
b9a0ff5bd894,78.0,23.0,24.747624,0.9163139545454544,0.868038485648423,0.08695651795841226,0.17391303591682453,0.399999920000016,0.0,0.5384615384615384,19.0
b9d4191e1a50,78.0,23.0,10.427461,0.3697714545454545,0.2857841400415834,0.08695651795841226,0.17391303591682453,0.399999920000016,0.0,0.5384615384615384,19.0
ba074caab92b,78.0,23.0,15.979974,0.5804216363636365,0.5090396416499402,0.08695651795841226,0.17391303591682453,0.399999920000016,0.0,0.5384615384615384,19.0
ba8ab0eae56f,78.0,23.0,49.463122,1.833561681818182,1.836559825452893,0.08695651795841226,0.17391303591682453,0.399999920000016,0.0,0.5384615384615384,19.0
bab7ab5018f3,78.0,23.0,6.9082740000000005,0.24315631818181818,0.14627182242477657,0.08695651795841226,0.17391303591682453,0.399999920000016,0.0,0.5384615384615384,19.0
bac067beda7a,41.0,19.0,19.405156,0.7296330555555556,0.11991932224353868,0.0,0.0,1.9999980000020001,0.0,0.5588235294117647,16.0
bb1f0e52943d,78.0,23.0,34.385816,1.2798772272727275,1.323203083817048,0.08695651795841226,0.17391303591682453,0.399999920000016,0.0,0.5384615384615384,19.0
bb36a9b6f582,78.0,23.0,6.562457,0.2263289545454545,0.12778127559734076,0.08695651795841226,0.17391303591682453,0.399999920000016,0.0,0.5384615384615384,19.0
bb4029dc8126,78.0,23.0,16.908199,0.6180014545454545,0.5432342610460608,0.08695651795841226,0.17391303591682453,0.399999920000016,0.0,0.5384615384615384,19.0
bb40538c104c,41.0,19.0,37.63564,1.4873918333333331,0.28599827108388365,0.0,0.0,1.9999980000020001,0.0,0.5588235294117647,16.0
bc0a14138ca6,78.0,23.0,8.016267,0.2934641818181819,0.2345556206190024,0.08695651795841226,0.17391303591682453,0.399999920000016,0.0,0.5384615384615384,19.0
bc8b50f44dcd,16.0,7.0,12.352015,0.5470315,1.3278421309230628,0.4285713673469475,0.0,0.0,0.0,0.2857142857142857,6.0
bca4627e4e36,78.0,23.0,14.777049,0.5346385454545456,0.4236452342026765,0.08695651795841226,0.17391303591682453,0.399999920000016,0.0,0.5384615384615384,19.0
bcb8a49a5e3d,78.0,23.0,13.292768,0.49104522727272726,0.40925491350396315,0.08695651795841226,0.17391303591682453,0.399999920000016,0.0,0.5384615384615384,19.0
bcbbb6620c69,78.0,23.0,6.045733,0.20553718181818184,0.10430162713228186,0.08695651795841226,0.17391303591682453,0.399999920000016,0.0,0.5384615384615384,19.0
bcf6ea585e6c,78.0,23.0,6.668281,0.22505827272727277,0.13220543378652777,0.08695651795841226,0.17391303591682453,0.399999920000016,0.0,0.5384615384615384,19.0
bd07a011114d,78.0,23.0,26.073253,0.9714340454545453,0.9181786465315049,0.08695651795841226,0.17391303591682453,0.399999920000016,0.0,0.5384615384615384,19.0
bd0af9f3c820,41.0,19.0,53.163166,2.1707668333333334,1.7871724628961756,0.0,0.0,1.9999980000020001,0.0,0.5588235294117647,16.0
bd28e9a3a40c,78.0,23.0,8.272787,0.28992718181818183,0.202849898235273,0.08695651795841226,0.17391303591682453,0.399999920000016,0.0,0.5384615384615384,19.0
bd4a7ffa51b0,79.0,23.0,18.472655,0.6730746363636363,0.6057945190621704,0.08695651795841226,0.21739129489603065,0.33333327777778704,0.0,0.5384615384615384,19.0
bd7c5ac48bda,10.0,5.0,3.40311,0.11453075,0.008287669450253587,0.0,0.0,1.9999980000020001,0.0,0.19999999999999996,5.0
bdce2d54a5f6,78.0,23.0,29.558716,1.0988063636363636,1.0787034783933704,0.08695651795841226,0.17391303591682453,0.399999920000016,0.0,0.5384615384615384,19.0
bdef312d18bd,78.0,23.0,34.56795,1.2964470454545456,1.2704596983606435,0.08695651795841226,0.17391303591682453,0.399999920000016,0.0,0.5384615384615384,19.0
bdf7c3817dbe,80.0,23.0,45.122151,1.7511305454545456,2.138241655020862,0.08695651795841226,0.2608695538752368,0.285714244897965,0.0,0.5384615384615384,19.0
bdfe1a963c12,78.0,23.0,6.224855,0.21101263636363637,0.12727727142197612,0.08695651795841226,0.17391303591682453,0.399999920000016,0.0,0.5384615384615384,19.0
be51bba139b6,78.0,23.0,18.08691,0.6630836363636364,0.6071119063548056,0.08695651795841226,0.17391303591682453,0.399999920000016,0.0,0.5384615384615384,19.0
be78c22a5909,78.0,23.0,37.577405,1.397869681818182,1.3800156212383765,0.08695651795841226,0.17391303591682453,0.399999920000016,0.0,0.5384615384615384,19.0
be8ce58f85e0,18.0,10.0,2.982005,0.17453122222222223,0.1560976147277544,0.299999970000003,0.0,0.0,0.0,0.15384615384615385,12.0
be9122b2bc92,77.0,23.0,30.279317,0.9373847727272726,0.869420722752686,0.08695651795841226,0.1304347769376184,0.49999987500003124,0.0,0.5384615384615384,19.0
be9d370a4cea,41.0,19.0,21.120286,0.8197826666666665,0.12855632725637062,0.0,0.0,1.9999980000020001,0.0,0.5588235294117647,16.0
bea5e7f40cc9,78.0,23.0,33.585518,1.2581445909090907,1.2547007727169233,0.08695651795841226,0.17391303591682453,0.399999920000016,0.0,0.5384615384615384,19.0
beb140b19ce2,16.0,7.0,53.019321,2.6476848333333334,6.472154657330043,0.4285713673469475,0.0,0.0,0.0,0.2857142857142857,6.0
bedb5efe41ca,78.0,23.0,27.547774,1.0201606818181819,1.0216481524124859,0.08695651795841226,0.17391303591682453,0.399999920000016,0.0,0.5384615384615384,19.0
bef72ff91ff1,78.0,23.0,30.657268,1.1304969090909092,1.137894731528608,0.08695651795841226,0.17391303591682453,0.399999920000016,0.0,0.5384615384615384,19.0
bf1553f2a0da,78.0,23.0,38.467595,1.4509495909090908,1.4893681526885234,0.08695651795841226,0.17391303591682453,0.399999920000016,0.0,0.5384615384615384,19.0
bf159e1f8342,78.0,23.0,40.615704,1.4391392272727273,1.407811703899486,0.08695651795841226,0.17391303591682453,0.399999920000016,0.0,0.5384615384615384,19.0
bf42bc354225,41.0,19.0,21.325104,0.8324696666666667,0.11562677981281998,0.0,0.0,1.9999980000020001,0.0,0.5588235294117647,16.0
bf7b2f4a958e,78.0,23.0,32.416606,1.1955265454545456,1.2818361780458205,0.08695651795841226,0.17391303591682453,0.399999920000016,0.0,0.5384615384615384,19.0
bf7d7c3a6479,41.0,19.0,36.022053,1.4067022777777778,0.30398207957006584,0.0,0.0,1.9999980000020001,0.0,0.5588235294117647,16.0
bf7e8927e65c,78.0,23.0,13.179736,0.47815845454545464,0.4141408691409617,0.08695651795841226,0.17391303591682453,0.399999920000016,0.0,0.5384615384615384,19.0
bfddfc1dbfb4,78.0,23.0,15.876626,0.5753054545454547,0.4978447374433813,0.08695651795841226,0.17391303591682453,0.399999920000016,0.0,0.5384615384615384,19.0
bfe137b6ad26,16.0,7.0,68.538876,3.2315125000000005,7.900924217653192,0.4285713673469475,0.0,0.0,0.0,0.2857142857142857,6.0
c00e9659b36d,77.0,23.0,6.728682,0.23448018181818184,0.18912108269159617,0.08695651795841226,0.1304347769376184,0.49999987500003124,0.0,0.5384615384615384,19.0
c039300cd049,79.0,23.0,30.55837,1.134736,1.2273487422912854,0.08695651795841226,0.21739129489603065,0.33333327777778704,0.0,0.5384615384615384,19.0
c0671a1c14f9,78.0,23.0,30.897883,1.143895318181818,1.146221757008543,0.08695651795841226,0.17391303591682453,0.399999920000016,0.0,0.5384615384615384,19.0
c07834bfa033,16.0,7.0,12.518354,0.5842313333333333,1.4150628369539873,0.4285713673469475,0.0,0.0,0.0,0.2857142857142857,6.0
c09dbf86f848,41.0,19.0,27.853929,1.093961888888889,0.16030765359692478,0.0,0.0,1.9999980000020001,0.0,0.5588235294117647,16.0
c0a3946c6482,41.0,19.0,54.521892,2.196842833333333,1.2679541201424698,0.0,0.0,1.9999980000020001,0.0,0.5588235294117647,16.0
c0f1a9b574b3,78.0,23.0,9.868243,0.3473552727272727,0.25381366644547243,0.08695651795841226,0.17391303591682453,0.399999920000016,0.0,0.5384615384615384,19.0
c0fc61f01e50,16.0,7.0,53.716847,2.565295,6.269163886886289,0.4285713673469475,0.0,0.0,0.0,0.2857142857142857,6.0
c0ff00a198a2,78.0,23.0,31.254436,1.1531002727272723,1.1838945636684994,0.08695651795841226,0.17391303591682453,0.399999920000016,0.0,0.5384615384615384,19.0
c10ed8219a9b,78.0,23.0,15.849618,0.5778123636363636,0.5414781875836819,0.08695651795841226,0.17391303591682453,0.399999920000016,0.0,0.5384615384615384,19.0
c118819212b9,78.0,23.0,6.45647,0.20918736363636362,0.1322725570614546,0.08695651795841226,0.17391303591682453,0.399999920000016,0.0,0.5384615384615384,19.0
c165f6e703c2,78.0,23.0,20.478595,0.7496725454545454,0.6919920850313058,0.08695651795841226,0.17391303591682453,0.399999920000016,0.0,0.5384615384615384,19.0
c1b64851632a,78.0,23.0,5.774455,0.19312922727272727,0.10180525073133358,0.08695651795841226,0.17391303591682453,0.399999920000016,0.0,0.5384615384615384,19.0
c1bcf4d60a83,41.0,19.0,30.739348,1.158941611111111,0.38766769400489787,0.0,0.0,1.9999980000020001,0.0,0.5588235294117647,16.0
c1fccc823ee0,78.0,23.0,11.887087,0.4281205000000001,0.3337081760213555,0.08695651795841226,0.17391303591682453,0.399999920000016,0.0,0.5384615384615384,19.0
c2071dc0adec,16.0,7.0,12.821298,0.5959500000000001,1.447704669575532,0.4285713673469475,0.0,0.0,0.0,0.2857142857142857,6.0
c20d7a16cce5,41.0,19.0,12.391304,0.46590955555555547,0.09864961824989325,0.0,0.0,1.9999980000020001,0.0,0.5588235294117647,16.0
c212e132abc8,41.0,19.0,25.813425,0.8446232222222222,0.12526070405102901,0.0,0.0,1.9999980000020001,0.0,0.5588235294117647,16.0
c266d170eb48,78.0,23.0,26.346317,0.9778345909090909,0.9563206586886688,0.08695651795841226,0.17391303591682453,0.399999920000016,0.0,0.5384615384615384,19.0
c27b64dd909d,18.0,10.0,2.168632,0.12067433333333333,0.11054064887293723,0.299999970000003,0.0,0.0,0.0,0.15384615384615385,12.0
c29eb6f04077,78.0,23.0,16.674435,0.6064462727272727,0.5559139912135417,0.08695651795841226,0.17391303591682453,0.399999920000016,0.0,0.5384615384615384,19.0
c2bfa9497389,77.0,23.0,33.196691,1.2254897272727272,1.2243711250418348,0.08695651795841226,0.1304347769376184,0.49999987500003124,0.0,0.5384615384615384,19.0
c31f1939f18f,78.0,23.0,128.696631,4.653370636363636,6.926647231039694,0.08695651795841226,0.17391303591682453,0.399999920000016,0.0,0.5384615384615384,19.0
c3d19ac6e501,79.0,23.0,33.181532,1.2294324545454547,1.215257298333811,0.08695651795841226,0.21739129489603065,0.33333327777778704,0.0,0.5384615384615384,19.0
c3d6af21d9d6,78.0,23.0,20.934087,0.7663686363636363,0.7297769293743805,0.08695651795841226,0.17391303591682453,0.399999920000016,0.0,0.5384615384615384,19.0
c3e5a6b50fa0,41.0,19.0,39.107907,1.6493960555555556,1.565132072263006,0.0,0.0,1.9999980000020001,0.0,0.5588235294117647,16.0
c3e82381ee84,79.0,23.0,31.951428,1.183224318181818,1.1350718166163336,0.08695651795841226,0.21739129489603065,0.33333327777778704,0.0,0.5384615384615384,19.0
c4368c9c6718,78.0,23.0,36.809594,1.3978573636363636,1.4483941308749508,0.08695651795841226,0.17391303591682453,0.399999920000016,0.0,0.5384615384615384,19.0
c447b9fe28ce,78.0,23.0,5.545339,0.1862197272727273,0.08853242654809314,0.08695651795841226,0.17391303591682453,0.399999920000016,0.0,0.5384615384615384,19.0
c45a8f004935,16.0,7.0,13.124953,0.6156275,1.4915478071018373,0.4285713673469475,0.0,0.0,0.0,0.2857142857142857,6.0
c46423dc8b17,78.0,23.0,45.50152,1.6757664999999997,1.8923547869703492,0.08695651795841226,0.17391303591682453,0.399999920000016,0.0,0.5384615384615384,19.0
c46b8a5f6493,78.0,23.0,28.777648,1.0656392727272728,1.038156882824886,0.08695651795841226,0.17391303591682453,0.399999920000016,0.0,0.5384615384615384,19.0
c472726bed4e,78.0,23.0,6.337851,0.21799854545454547,0.11566466040721722,0.08695651795841226,0.17391303591682453,0.399999920000016,0.0,0.5384615384615384,19.0
c472cdff6df5,78.0,23.0,5.885264,0.19858186363636363,0.09534837941005277,0.08695651795841226,0.17391303591682453,0.399999920000016,0.0,0.5384615384615384,19.0
c475a8748d4e,41.0,19.0,42.563531,1.737374,0.36548862958687806,0.0,0.0,1.9999980000020001,0.0,0.5588235294117647,16.0
c493184d64d9,78.0,23.0,27.546077,1.0242869545454545,1.0265519556599112,0.08695651795841226,0.17391303591682453,0.399999920000016,0.0,0.5384615384615384,19.0
c498e3b7a070,41.0,19.0,21.690555,0.8670490555555556,0.08188051738210644,0.0,0.0,1.9999980000020001,0.0,0.5588235294117647,16.0
c49fef4397be,78.0,23.0,31.8403,1.1901820454545453,1.2539845259294558,0.08695651795841226,0.17391303591682453,0.399999920000016,0.0,0.5384615384615384,19.0
c4bf2d356eaa,78.0,23.0,14.443279,0.5237735,0.41594503482606016,0.08695651795841226,0.17391303591682453,0.399999920000016,0.0,0.5384615384615384,19.0
c4f711c18400,78.0,23.0,31.972665,1.2008438181818182,1.3038996122548858,0.08695651795841226,0.17391303591682453,0.399999920000016,0.0,0.5384615384615384,19.0
c51e7ccae250,78.0,23.0,33.705275,1.2544690454545453,1.2684215892764963,0.08695651795841226,0.17391303591682453,0.399999920000016,0.0,0.5384615384615384,19.0
c53f115d6500,78.0,23.0,10.700520000000001,0.3807173636363636,0.28310822305134486,0.08695651795841226,0.17391303591682453,0.399999920000016,0.0,0.5384615384615384,19.0
c551d346226a,78.0,23.0,6.199637,0.21186627272727276,0.109144426488672,0.08695651795841226,0.17391303591682453,0.399999920000016,0.0,0.5384615384615384,19.0
c5582ce0f737,16.0,7.0,68.255448,3.2342585000000006,7.898784500872645,0.4285713673469475,0.0,0.0,0.0,0.2857142857142857,6.0
c55ea34ea626,80.0,23.0,17.496774,0.6352843181818182,0.5974448335828958,0.08695651795841226,0.2608695538752368,0.285714244897965,0.0,0.5384615384615384,19.0
c56a795e2563,78.0,23.0,15.904016,0.5825117727272727,0.5011954917311334,0.08695651795841226,0.17391303591682453,0.399999920000016,0.0,0.5384615384615384,19.0
c57b9ae472cb,78.0,23.0,128.30625,4.716221454545454,6.0323607356139695,0.08695651795841226,0.17391303591682453,0.399999920000016,0.0,0.5384615384615384,19.0
c582ef84e1d2,78.0,23.0,12.585389,0.4499596818181819,0.3673715507219446,0.08695651795841226,0.17391303591682453,0.399999920000016,0.0,0.5384615384615384,19.0
c58abc551541,78.0,23.0,31.0546,1.1487585454545455,1.1596920072226784,0.08695651795841226,0.17391303591682453,0.399999920000016,0.0,0.5384615384615384,19.0
c5dc778ac2ce,78.0,23.0,16.244957,0.5940162272727272,0.518403044783178,0.08695651795841226,0.17391303591682453,0.399999920000016,0.0,0.5384615384615384,19.0
c5e2dc62afae,78.0,23.0,18.010754,0.6603550454545455,0.5919126069786282,0.08695651795841226,0.17391303591682453,0.399999920000016,0.0,0.5384615384615384,19.0
c5ecf7e4f25d,78.0,23.0,32.549115,1.2339500454545453,1.1743169451111521,0.08695651795841226,0.17391303591682453,0.399999920000016,0.0,0.5384615384615384,19.0
c6114890102a,41.0,19.0,26.088812,1.0198244444444444,0.14282807629381153,0.0,0.0,1.9999980000020001,0.0,0.5588235294117647,16.0
c6227e098346,78.0,23.0,31.01066,1.1545381363636364,1.173471905458665,0.08695651795841226,0.17391303591682453,0.399999920000016,0.0,0.5384615384615384,19.0
c637d9154d6a,78.0,23.0,21.294664,0.7977287272727274,0.8952516206785868,0.08695651795841226,0.17391303591682453,0.399999920000016,0.0,0.5384615384615384,19.0
c64904b91649,79.0,23.0,7.937833,0.27682404545454536,0.15764991828807245,0.08695651795841226,0.21739129489603065,0.33333327777778704,0.0,0.5384615384615384,19.0
c6b36f10b971,78.0,23.0,8.261128,0.24922086363636362,0.13800557182136675,0.08695651795841226,0.17391303591682453,0.399999920000016,0.0,0.5384615384615384,19.0
c6b64438d279,78.0,23.0,8.528683000000001,0.2837302727272728,0.21472044779448682,0.08695651795841226,0.17391303591682453,0.399999920000016,0.0,0.5384615384615384,19.0
c6efe3c9cca4,41.0,19.0,21.078372,0.8680995555555556,0.06620026935721124,0.0,0.0,1.9999980000020001,0.0,0.5588235294117647,16.0
c6fdefd5f69a,16.0,7.0,12.734485,0.5881878333333334,1.4277180973121293,0.4285713673469475,0.0,0.0,0.0,0.2857142857142857,6.0
c73ce814474c,78.0,23.0,73.153687,2.497885181818182,4.493081078049477,0.08695651795841226,0.17391303591682453,0.399999920000016,0.0,0.5384615384615384,19.0
c74452d7274a,80.0,23.0,21.403656,0.7956889999999999,0.6820282659388274,0.08695651795841226,0.2608695538752368,0.285714244897965,0.0,0.5384615384615384,19.0
c746af162a2a,78.0,23.0,30.868693,1.1641095,1.0505595749261551,0.08695651795841226,0.17391303591682453,0.399999920000016,0.0,0.5384615384615384,19.0
c75d1a68a8da,78.0,23.0,25.844513,0.9501640909090909,0.9237353429614902,0.08695651795841226,0.17391303591682453,0.399999920000016,0.0,0.5384615384615384,19.0
c789642165a4,16.0,7.0,68.197291,3.2235998333333336,7.838158714588943,0.4285713673469475,0.0,0.0,0.0,0.2857142857142857,6.0
c78d82b51ec5,31.0,8.0,160.461155,1.9824319999999997,3.8916002749919385,0.12499998437500197,0.0,2.9999970000030003,0.499999750000125,0.36363636363636365,8.0
c81a1409f959,77.0,23.0,11.463409,0.40750368181818186,0.3124764144057057,0.08695651795841226,0.1304347769376184,0.49999987500003124,0.0,0.5384615384615384,19.0
c88d8af0fea2,79.0,23.0,6.652171,0.22745868181818182,0.13461703982333997,0.08695651795841226,0.21739129489603065,0.33333327777778704,0.0,0.5384615384615384,19.0
c8b87a10ac2d,41.0,19.0,32.556953,1.305621,0.28329882794446204,0.0,0.0,1.9999980000020001,0.0,0.5588235294117647,16.0
c8c30800fce2,78.0,23.0,6.270359,0.21397331818181817,0.10895665449569356,0.08695651795841226,0.17391303591682453,0.399999920000016,0.0,0.5384615384615384,19.0
c905f7a13504,41.0,19.0,33.085493,1.2019686111111112,0.5067901715586904,0.0,0.0,1.9999980000020001,0.0,0.5588235294117647,16.0
c940ecc9b9d1,79.0,23.0,30.905284,1.1464624545454545,1.1352426000789322,0.08695651795841226,0.21739129489603065,0.33333327777778704,0.0,0.5384615384615384,19.0
c994b183b857,78.0,23.0,43.777499,1.654876,2.087831485939031,0.08695651795841226,0.17391303591682453,0.399999920000016,0.0,0.5384615384615384,19.0
c9b7b86564c1,78.0,23.0,5.616931,0.18594718181818182,0.10569177364872341,0.08695651795841226,0.17391303591682453,0.399999920000016,0.0,0.5384615384615384,19.0
c9c20891d5bc,78.0,23.0,16.041754,0.5858710909090908,0.5236906575544392,0.08695651795841226,0.17391303591682453,0.399999920000016,0.0,0.5384615384615384,19.0
c9d881f2b3fb,16.0,7.0,11.087758000000001,0.4857305,1.1742166306951627,0.4285713673469475,0.0,0.0,0.0,0.2857142857142857,6.0
ca193703d106,16.0,7.0,68.763238,3.250840166666667,7.948646682828453,0.4285713673469475,0.0,0.0,0.0,0.2857142857142857,6.0
ca388a96e79d,18.0,10.0,1.446275,0.09665122222222221,0.1319990882002389,0.299999970000003,0.0,0.0,0.0,0.15384615384615385,12.0
ca4283c3ba16,10.0,5.0,5.698506,0.61960225,0.06599316915345604,0.0,0.0,1.9999980000020001,0.0,0.19999999999999996,5.0
ca44828da68a,16.0,7.0,52.938064,2.5698803333333333,6.281841308136768,0.4285713673469475,0.0,0.0,0.0,0.2857142857142857,6.0
ca5cc9ccfe2d,78.0,23.0,27.187322,1.0029848181818182,0.9941689203868745,0.08695651795841226,0.17391303591682453,0.399999920000016,0.0,0.5384615384615384,19.0
caad798f71de,78.0,23.0,11.713753,0.41782145454545444,0.29659439390645254,0.08695651795841226,0.17391303591682453,0.399999920000016,0.0,0.5384615384615384,19.0
caaebec81e80,78.0,23.0,27.589889,1.019908590909091,1.0295539474305255,0.08695651795841226,0.17391303591682453,0.399999920000016,0.0,0.5384615384615384,19.0
cab323b414c5,78.0,23.0,6.201426,0.208096,0.11791006862455648,0.08695651795841226,0.17391303591682453,0.399999920000016,0.0,0.5384615384615384,19.0
cad452c2f397,78.0,23.0,26.005873,0.9558092727272726,0.9263748720279898,0.08695651795841226,0.17391303591682453,0.399999920000016,0.0,0.5384615384615384,19.0
cad7cbc4a832,78.0,23.0,5.899944,0.19938177272727273,0.09860080887861578,0.08695651795841226,0.17391303591682453,0.399999920000016,0.0,0.5384615384615384,19.0
cae811871bdb,78.0,23.0,5.945883,0.19979872727272727,0.09960313292652605,0.08695651795841226,0.17391303591682453,0.399999920000016,0.0,0.5384615384615384,19.0
caf30d133b17,41.0,19.0,29.799227,1.1759998333333332,0.16255668254606565,0.0,0.0,1.9999980000020001,0.0,0.5588235294117647,16.0
caf3aa02e73f,78.0,23.0,31.736381,1.1788166363636363,1.198083828740454,0.08695651795841226,0.17391303591682453,0.399999920000016,0.0,0.5384615384615384,19.0
caf410007ce0,80.0,23.0,44.272489,1.6837278181818185,1.5073174370701663,0.08695651795841226,0.2608695538752368,0.285714244897965,0.0,0.5384615384615384,19.0
cb2ed82a950f,41.0,19.0,28.894497,1.1377236111111109,0.15169103088656266,0.0,0.0,1.9999980000020001,0.0,0.5588235294117647,16.0
cb36fbeafc97,16.0,7.0,12.52798,0.5951609999999999,1.4409936449990333,0.4285713673469475,0.0,0.0,0.0,0.2857142857142857,6.0
cb4628e05351,78.0,23.0,28.752295,1.058333,1.0500299785822442,0.08695651795841226,0.17391303591682453,0.399999920000016,0.0,0.5384615384615384,19.0
cb7642fa0ea6,41.0,19.0,29.634579,1.1224200555555557,0.19020862970324182,0.0,0.0,1.9999980000020001,0.0,0.5588235294117647,16.0
cb8aa2e494fc,78.0,23.0,31.694625,1.1885918636363637,1.3045782247156428,0.08695651795841226,0.17391303591682453,0.399999920000016,0.0,0.5384615384615384,19.0
cbd95503b407,78.0,23.0,33.180563,1.2345848181818182,1.2567169584172062,0.08695651795841226,0.17391303591682453,0.399999920000016,0.0,0.5384615384615384,19.0
cbf19a865f4d,78.0,23.0,15.774357,0.5829537272727273,0.4440975900069908,0.08695651795841226,0.17391303591682453,0.399999920000016,0.0,0.5384615384615384,19.0
cbf6e8c61c90,78.0,23.0,9.030429,0.31498827272727276,0.22466872448800018,0.08695651795841226,0.17391303591682453,0.399999920000016,0.0,0.5384615384615384,19.0
cbff237a1c92,78.0,23.0,6.716195,0.23077013636363636,0.1500235947332779,0.08695651795841226,0.17391303591682453,0.399999920000016,0.0,0.5384615384615384,19.0
cc06bc0d8776,16.0,7.0,68.078594,3.209660166666667,7.842104211252958,0.4285713673469475,0.0,0.0,0.0,0.2857142857142857,6.0
cc0ac4be7fca,77.0,23.0,19.676878,0.7292542272727272,0.6138777397364996,0.08695651795841226,0.1304347769376184,0.49999987500003124,0.0,0.5384615384615384,19.0
cc5cff7696d6,41.0,19.0,27.321469,1.0572241666666669,0.14776697058912805,0.0,0.0,1.9999980000020001,0.0,0.5588235294117647,16.0
cc749bf80cff,78.0,23.0,36.572386,1.3901967272727274,1.270724243785191,0.08695651795841226,0.17391303591682453,0.399999920000016,0.0,0.5384615384615384,19.0
ccdd25b6fb21,16.0,7.0,52.504686,2.630822833333333,6.428403369809378,0.4285713673469475,0.0,0.0,0.0,0.2857142857142857,6.0
cd254ca10d89,41.0,19.0,12.403515,0.4673784444444445,0.08824847408260662,0.0,0.0,1.9999980000020001,0.0,0.5588235294117647,16.0
cd2ac974e893,41.0,19.0,21.907756,0.7999892777777778,0.14623164643963943,0.0,0.0,1.9999980000020001,0.0,0.5588235294117647,16.0
cd2ed129a2f4,78.0,23.0,18.170951,0.6637840454545455,0.6061919074199803,0.08695651795841226,0.17391303591682453,0.399999920000016,0.0,0.5384615384615384,19.0
cd5da2f7dbe6,78.0,23.0,41.328928,1.2085665454545456,1.2414298686074985,0.08695651795841226,0.17391303591682453,0.399999920000016,0.0,0.5384615384615384,19.0
cd6775b95dac,41.0,19.0,27.090309,1.0644815555555551,0.155106540486445,0.0,0.0,1.9999980000020001,0.0,0.5588235294117647,16.0
cd7da3936824,77.0,23.0,33.552927,1.2579057272727274,1.293556023319114,0.08695651795841226,0.1304347769376184,0.49999987500003124,0.0,0.5384615384615384,19.0
cdcf916a1cef,78.0,23.0,5.881089,0.1968332727272727,0.09988896194140573,0.08695651795841226,0.17391303591682453,0.399999920000016,0.0,0.5384615384615384,19.0
ce14433fa6cc,41.0,19.0,11.02972,0.41346177777777776,0.08088218944028155,0.0,0.0,1.9999980000020001,0.0,0.5588235294117647,16.0
ce1bc410b782,41.0,19.0,30.744926,1.2329678333333334,0.132044250288548,0.0,0.0,1.9999980000020001,0.0,0.5588235294117647,16.0
ce20399a3a45,41.0,19.0,13.946856,0.5810823888888889,0.051494677931903376,0.0,0.0,1.9999980000020001,0.0,0.5588235294117647,16.0
ce377cebaeab,41.0,19.0,28.800137,1.1369486666666666,0.15581692981074635,0.0,0.0,1.9999980000020001,0.0,0.5588235294117647,16.0
ce37cd76c5a6,41.0,19.0,30.527247,1.2464903888888887,0.11681740170838716,0.0,0.0,1.9999980000020001,0.0,0.5588235294117647,16.0
ce3b6aac4f0a,78.0,23.0,5.8244050000000005,0.19790549999999998,0.1299979579153714,0.08695651795841226,0.17391303591682453,0.399999920000016,0.0,0.5384615384615384,19.0
ce5d45cab519,78.0,23.0,32.44483,1.184144,1.1537948831044038,0.08695651795841226,0.17391303591682453,0.399999920000016,0.0,0.5384615384615384,19.0
ce6aeffbc17b,78.0,23.0,5.528729,0.18570122727272728,0.0904654052315458,0.08695651795841226,0.17391303591682453,0.399999920000016,0.0,0.5384615384615384,19.0
ce71fbf116c9,78.0,23.0,9.52413,0.33507945454545457,0.28450677462429064,0.08695651795841226,0.17391303591682453,0.399999920000016,0.0,0.5384615384615384,19.0
ceb40c7d498b,41.0,19.0,25.64453,1.0387288333333335,0.21193254010741805,0.0,0.0,1.9999980000020001,0.0,0.5588235294117647,16.0
cec205a525d7,77.0,23.0,29.469488,1.0927099999999998,1.0513069606369105,0.08695651795841226,0.1304347769376184,0.49999987500003124,0.0,0.5384615384615384,19.0
cecf5f48d485,78.0,23.0,7.367417,0.23529077272727275,0.12308025796819455,0.08695651795841226,0.17391303591682453,0.399999920000016,0.0,0.5384615384615384,19.0
cedc5ba2ad8e,78.0,23.0,35.370276,1.263355590909091,1.4425827599399843,0.08695651795841226,0.17391303591682453,0.399999920000016,0.0,0.5384615384615384,19.0
cee98d830f29,78.0,23.0,38.35632,1.3372924545454548,1.36614164757294,0.08695651795841226,0.17391303591682453,0.399999920000016,0.0,0.5384615384615384,19.0
cef562762256,41.0,19.0,6.481023,0.18761594444444443,0.048285882969799805,0.0,0.0,1.9999980000020001,0.0,0.5588235294117647,16.0
cf0807756e69,78.0,23.0,17.815678,0.6499395454545455,0.6044575660623118,0.08695651795841226,0.17391303591682453,0.399999920000016,0.0,0.5384615384615384,19.0
cf278b36e1c4,78.0,23.0,17.322093,0.644176409090909,0.5126264581391143,0.08695651795841226,0.17391303591682453,0.399999920000016,0.0,0.5384615384615384,19.0
cf653801cd68,41.0,19.0,16.911406,0.6471548888888888,0.12012451681870817,0.0,0.0,1.9999980000020001,0.0,0.5588235294117647,16.0
cf6bc0e639e8,78.0,23.0,48.174387,1.7996575000000001,1.9210631766050241,0.08695651795841226,0.17391303591682453,0.399999920000016,0.0,0.5384615384615384,19.0
cf6d20998843,78.0,23.0,13.281435,0.47882836363636366,0.418466983992712,0.08695651795841226,0.17391303591682453,0.399999920000016,0.0,0.5384615384615384,19.0
cf8aecfacede,77.0,23.0,39.156358,1.4163581363636364,1.5671729463694837,0.08695651795841226,0.1304347769376184,0.49999987500003124,0.0,0.5384615384615384,19.0
cfbbdcc1ea3d,78.0,23.0,18.322376,0.6670956818181817,0.5933452644420034,0.08695651795841226,0.17391303591682453,0.399999920000016,0.0,0.5384615384615384,19.0
cfe27005efe5,78.0,23.0,34.719193,1.2774806363636364,1.1380944272109095,0.08695651795841226,0.17391303591682453,0.399999920000016,0.0,0.5384615384615384,19.0
d016c0d38119,78.0,23.0,39.461557,1.525845409090909,1.4956602410307807,0.08695651795841226,0.17391303591682453,0.399999920000016,0.0,0.5384615384615384,19.0
d036359614a3,78.0,23.0,22.141007,0.8234051363636364,0.8932036384377355,0.08695651795841226,0.17391303591682453,0.399999920000016,0.0,0.5384615384615384,19.0
d05b847c0431,78.0,23.0,30.416019,1.126955318181818,1.1359355182127946,0.08695651795841226,0.17391303591682453,0.399999920000016,0.0,0.5384615384615384,19.0
d0713301395a,78.0,23.0,16.599517,0.6030375909090909,0.5456206435547598,0.08695651795841226,0.17391303591682453,0.399999920000016,0.0,0.5384615384615384,19.0
d0b1d27ee958,16.0,7.0,12.832614,0.5849026666666667,1.4173981104214393,0.4285713673469475,0.0,0.0,0.0,0.2857142857142857,6.0
d0d46ca8a6ca,41.0,19.0,28.722359,1.1351842222222224,0.15595784808970417,0.0,0.0,1.9999980000020001,0.0,0.5588235294117647,16.0
d0eeb2c0f4a1,41.0,19.0,29.867087,1.2161157777777776,0.30377811706661156,0.0,0.0,1.9999980000020001,0.0,0.5588235294117647,16.0
d11a2e79d1c9,78.0,23.0,35.618194,1.308909409090909,1.4059466693694038,0.08695651795841226,0.17391303591682453,0.399999920000016,0.0,0.5384615384615384,19.0
d12b98d62fd8,78.0,23.0,25.012889,0.9162140909090909,0.8221449177048387,0.08695651795841226,0.17391303591682453,0.399999920000016,0.0,0.5384615384615384,19.0
d12da1ab345c,77.0,23.0,46.99489,1.7315239545454546,1.6716500625707829,0.08695651795841226,0.1304347769376184,0.49999987500003124,0.0,0.5384615384615384,19.0
d15383c7e01a,41.0,19.0,16.933516,0.6733322222222221,0.06743833168297543,0.0,0.0,1.9999980000020001,0.0,0.5588235294117647,16.0
d1ae2a4f448a,41.0,19.0,5.810722,0.1985192222222222,0.04824727171263075,0.0,0.0,1.9999980000020001,0.0,0.5588235294117647,16.0
d1af6eefccf7,78.0,23.0,42.505543,1.591511772727273,1.5910749004723916,0.08695651795841226,0.17391303591682453,0.399999920000016,0.0,0.5384615384615384,19.0
d1b5391db24a,78.0,23.0,41.664017,1.5630915454545453,1.8284197255642247,0.08695651795841226,0.17391303591682453,0.399999920000016,0.0,0.5384615384615384,19.0
d1c0c80b59e0,41.0,19.0,31.760928,1.3886316111111112,0.894006554427094,0.0,0.0,1.9999980000020001,0.0,0.5588235294117647,16.0
d1fccb62015a,78.0,23.0,8.66614,0.3080694090909091,0.185550686552132,0.08695651795841226,0.17391303591682453,0.399999920000016,0.0,0.5384615384615384,19.0
d20be768844b,21.0,8.0,116.338726,0.4643761428571428,0.0964685043238268,0.0,0.0,1.9999980000020001,0.0,0.36363636363636365,8.0
d21adb9bf105,78.0,23.0,6.348212,0.21747863636363637,0.12003455237021801,0.08695651795841226,0.17391303591682453,0.399999920000016,0.0,0.5384615384615384,19.0
d21c1e4f9318,7.0,1.0,2.693441,0.0,0.0,0.0,0.0,1.9999980000020001,0.0,1.0,1.0
d250c79f7a0c,78.0,23.0,29.99256,1.131636681818182,1.3474487159237318,0.08695651795841226,0.17391303591682453,0.399999920000016,0.0,0.5384615384615384,19.0
d2617765f2d6,74.0,22.0,6.451216,0.21348109523809522,0.11628061094907644,0.09090908677685969,0.13636363016528952,0.6666664444445185,0.0,0.5263157894736843,19.0
d2c7067d900e,78.0,23.0,31.57342,1.1697598636363638,1.1741286346611135,0.08695651795841226,0.17391303591682453,0.399999920000016,0.0,0.5384615384615384,19.0
d33ef9a96116,78.0,23.0,25.793541,0.9539619545454545,0.9385610084786825,0.08695651795841226,0.17391303591682453,0.399999920000016,0.0,0.5384615384615384,19.0
d3527bf320e4,78.0,23.0,15.765516,0.5725071363636364,0.5127595382982532,0.08695651795841226,0.17391303591682453,0.399999920000016,0.0,0.5384615384615384,19.0
d35ac288791d,78.0,23.0,31.469992,1.16691,1.1819765129042683,0.08695651795841226,0.17391303591682453,0.399999920000016,0.0,0.5384615384615384,19.0
d372e6064e57,41.0,19.0,40.055141,1.5813487222222222,0.4762592421042785,0.0,0.0,1.9999980000020001,0.0,0.5588235294117647,16.0
d3c20649542b,78.0,23.0,12.392625,0.42538890909090915,0.3401494911551893,0.08695651795841226,0.17391303591682453,0.399999920000016,0.0,0.5384615384615384,19.0
d3c2b34cfa51,77.0,23.0,36.009304,1.3206607272727273,1.453151074461689,0.08695651795841226,0.1304347769376184,0.49999987500003124,0.0,0.5384615384615384,19.0
d3d06ae5029a,78.0,23.0,33.047505,1.2249544090909092,1.3791058677860004,0.08695651795841226,0.17391303591682453,0.399999920000016,0.0,0.5384615384615384,19.0
d3dd80a7d6e8,78.0,23.0,34.062147,1.2598380454545455,1.352927389672606,0.08695651795841226,0.17391303591682453,0.399999920000016,0.0,0.5384615384615384,19.0
d3e173dc0e34,78.0,23.0,6.595791,0.22925563636363633,0.16538493815959163,0.08695651795841226,0.17391303591682453,0.399999920000016,0.0,0.5384615384615384,19.0
d3fdac3efe6c,80.0,23.0,16.97984,0.6082424090909092,0.49419882137625726,0.08695651795841226,0.2608695538752368,0.285714244897965,0.0,0.5384615384615384,19.0
d400f68a5ce0,78.0,23.0,16.560558,0.6045834545454545,0.5368219718704061,0.08695651795841226,0.17391303591682453,0.399999920000016,0.0,0.5384615384615384,19.0
d443e91e53e3,78.0,23.0,8.349219,0.29418022727272725,0.19008439346597303,0.08695651795841226,0.17391303591682453,0.399999920000016,0.0,0.5384615384615384,19.0
d4445c01ed86,31.0,14.0,40.694981,0.375801,0.988610468527249,0.21428569897959293,0.0,0.0,0.0,0.2857142857142857,11.0
d45d434fd304,78.0,23.0,20.197512,0.7407510909090909,0.6966329072169323,0.08695651795841226,0.17391303591682453,0.399999920000016,0.0,0.5384615384615384,19.0
d465bba8749a,41.0,19.0,5.744699,0.19494799999999998,0.05041617416359672,0.0,0.0,1.9999980000020001,0.0,0.5588235294117647,16.0
d47bbda7cbdf,78.0,23.0,32.050033,1.1860455454545455,1.2340910504350087,0.08695651795841226,0.17391303591682453,0.399999920000016,0.0,0.5384615384615384,19.0
d4f2cd20268a,78.0,23.0,33.683366,1.2435427272727273,1.2773075477253737,0.08695651795841226,0.17391303591682453,0.399999920000016,0.0,0.5384615384615384,19.0
d4f7e46b7f56,41.0,19.0,7.839609,0.2817618333333333,0.06598574492868985,0.0,0.0,1.9999980000020001,0.0,0.5588235294117647,16.0
d4fd990790dc,78.0,23.0,20.788702,0.7714827727272726,0.6444453250761228,0.08695651795841226,0.17391303591682453,0.399999920000016,0.0,0.5384615384615384,19.0
d520d26e3ebc,42.0,19.0,41.551796,1.4616106666666666,3.1942190037579747,0.0,0.0,1.9999980000020001,0.0,0.5588235294117647,16.0
d53f9c7e5677,7.0,2.0,8.966432,1.465256,,0.0,0.0,1.9999980000020001,0.0,0.5,2.0
d55ee888d55c,78.0,23.0,28.967675,1.0513011363636364,0.9765637702792035,0.08695651795841226,0.17391303591682453,0.399999920000016,0.0,0.5384615384615384,19.0
d5661b196797,78.0,23.0,9.662306,0.3511790454545455,0.22878240344536102,0.08695651795841226,0.17391303591682453,0.399999920000016,0.0,0.5384615384615384,19.0
d574a118c744,9.0,2.0,17.26577,0.123632,,0.0,0.499999750000125,0.0,0.0,0.75,2.0
d5aa9d5604ef,78.0,23.0,43.810196,1.708534,1.842902916666736,0.08695651795841226,0.17391303591682453,0.399999920000016,0.0,0.5384615384615384,19.0
d5f551daad5d,78.0,23.0,46.346867,1.6413668181818182,1.6426066095204446,0.08695651795841226,0.17391303591682453,0.399999920000016,0.0,0.5384615384615384,19.0
d5fcef5c4bf5,78.0,23.0,29.961769,1.1050475000000002,1.0994846016878286,0.08695651795841226,0.17391303591682453,0.399999920000016,0.0,0.5384615384615384,19.0
d5fe8857d59a,78.0,23.0,32.861138,1.2235144090909091,1.2375506335961197,0.08695651795841226,0.17391303591682453,0.399999920000016,0.0,0.5384615384615384,19.0
d612c7416771,78.0,23.0,6.035004,0.20223036363636365,0.11073701194466508,0.08695651795841226,0.17391303591682453,0.399999920000016,0.0,0.5384615384615384,19.0
d6244dfb1ce3,78.0,23.0,5.961779,0.20120259090909096,0.11599042457878812,0.08695651795841226,0.17391303591682453,0.399999920000016,0.0,0.5384615384615384,19.0
d67bf2a88cdd,41.0,19.0,22.71302,0.8475486111111112,0.19545891647310404,0.0,0.0,1.9999980000020001,0.0,0.5588235294117647,16.0
d6a90ede1ddb,78.0,23.0,22.059486,0.8300631363636364,0.8801916232906221,0.08695651795841226,0.17391303591682453,0.399999920000016,0.0,0.5384615384615384,19.0
d6c003fa3c28,78.0,23.0,6.532887,0.22633022727272725,0.11162130144330998,0.08695651795841226,0.17391303591682453,0.399999920000016,0.0,0.5384615384615384,19.0
d6d67a53f49f,78.0,23.0,32.864986,1.1684170000000003,1.2065677462116604,0.08695651795841226,0.17391303591682453,0.399999920000016,0.0,0.5384615384615384,19.0
d6f12a477ce2,78.0,23.0,17.989023,0.6565394545454546,0.5996968481661005,0.08695651795841226,0.17391303591682453,0.399999920000016,0.0,0.5384615384615384,19.0
d6f745af89ca,78.0,23.0,8.324832,0.2885087727272727,0.18328405133352876,0.08695651795841226,0.17391303591682453,0.399999920000016,0.0,0.5384615384615384,19.0
d6f95c479ef6,78.0,23.0,36.550763,1.3840799545454545,1.3526762696722825,0.08695651795841226,0.17391303591682453,0.399999920000016,0.0,0.5384615384615384,19.0
d701fa737af0,78.0,23.0,14.446289,0.5233865454545455,0.4846249109106103,0.08695651795841226,0.17391303591682453,0.399999920000016,0.0,0.5384615384615384,19.0
d752c8c281c1,78.0,23.0,41.811156,1.5459625000000004,1.6297181956806945,0.08695651795841226,0.17391303591682453,0.399999920000016,0.0,0.5384615384615384,19.0
d76ab8c82539,78.0,23.0,35.200764,1.3121992272727274,1.3251181695906338,0.08695651795841226,0.17391303591682453,0.399999920000016,0.0,0.5384615384615384,19.0
d7774143d423,79.0,23.0,7.405253,0.2633393181818182,0.16766896959709354,0.08695651795841226,0.21739129489603065,0.33333327777778704,0.0,0.5384615384615384,19.0
d794cc541ed8,78.0,23.0,6.728206,0.23167959090909085,0.11317561684503093,0.08695651795841226,0.17391303591682453,0.399999920000016,0.0,0.5384615384615384,19.0
d79dd3ec396e,78.0,23.0,31.544299,1.1798321363636364,1.1206302333287324,0.08695651795841226,0.17391303591682453,0.399999920000016,0.0,0.5384615384615384,19.0
d7a9852ffc8b,78.0,23.0,32.056157,1.1883264545454544,1.1858475611718449,0.08695651795841226,0.17391303591682453,0.399999920000016,0.0,0.5384615384615384,19.0
d7e4673e2442,78.0,23.0,32.894488,1.2068105000000002,1.1748235114635708,0.08695651795841226,0.17391303591682453,0.399999920000016,0.0,0.5384615384615384,19.0
d7f82427666a,10.0,5.0,11.295795,0.8559429999999999,0.30572806954656073,0.0,0.0,1.9999980000020001,0.0,0.19999999999999996,5.0
d80571f31df0,79.0,23.0,31.815682,1.171947590909091,1.1831913264125027,0.08695651795841226,0.21739129489603065,0.33333327777778704,0.0,0.5384615384615384,19.0
d8138ec6aa0d,41.0,19.0,4.436638,0.1442772777777778,0.034392006948957256,0.0,0.0,1.9999980000020001,0.0,0.5588235294117647,16.0
d8150a70b9f8,78.0,23.0,31.492904,1.1704875,1.1792276393727559,0.08695651795841226,0.17391303591682453,0.399999920000016,0.0,0.5384615384615384,19.0
d82194ad6e9f,78.0,23.0,14.422532,0.5317806818181819,0.47573908743527793,0.08695651795841226,0.17391303591682453,0.399999920000016,0.0,0.5384615384615384,19.0
d822e14bbc16,41.0,19.0,24.898032,1.0343336666666667,0.09840947972749016,0.0,0.0,1.9999980000020001,0.0,0.5588235294117647,16.0
d82b623313d1,41.0,19.0,30.750371,1.210391,0.18113985130929344,0.0,0.0,1.9999980000020001,0.0,0.5588235294117647,16.0
d83f987f9fd0,79.0,23.0,37.681293,1.4055664090909092,1.2772303996654957,0.08695651795841226,0.21739129489603065,0.33333327777778704,0.0,0.5384615384615384,19.0
d84607a65680,79.0,23.0,47.944086,1.6718678181818183,2.06500771263835,0.08695651795841226,0.21739129489603065,0.33333327777778704,0.0,0.5384615384615384,19.0
d8848d6bbafd,79.0,23.0,35.965805,1.3698919999999999,1.4068063771453276,0.08695651795841226,0.21739129489603065,0.33333327777778704,0.0,0.5384615384615384,19.0
d8c7340694c5,49.0,14.0,18.14187,0.9517733076923077,0.2888401413381298,0.21428569897959293,0.07142856632653098,0.99999950000025,0.0,0.33333333333333337,17.0
d8d62df79497,16.0,7.0,12.209764,0.5691,1.3775142216889087,0.4285713673469475,0.0,0.0,0.0,0.2857142857142857,6.0
d9002b9b0c2c,41.0,19.0,41.347959,1.7007701666666666,0.5014053509814718,0.0,0.0,1.9999980000020001,0.0,0.5588235294117647,16.0
d916847a54ce,78.0,23.0,10.788977,0.40478445454545453,0.6784916740904559,0.08695651795841226,0.17391303591682453,0.399999920000016,0.0,0.5384615384615384,19.0
d91d01f88f79,41.0,19.0,36.26202,1.4737246666666666,0.1944111260989422,0.0,0.0,1.9999980000020001,0.0,0.5588235294117647,16.0
d92b40114b35,78.0,23.0,14.697966,0.5345789545454545,0.46314808754626174,0.08695651795841226,0.17391303591682453,0.399999920000016,0.0,0.5384615384615384,19.0
d943047dee00,41.0,19.0,34.912053,1.4423983333333334,0.5329594860502449,0.0,0.0,1.9999980000020001,0.0,0.5588235294117647,16.0
d9831240209d,21.0,8.0,143.443876,0.6532898571428571,0.0663914712028299,0.0,0.0,1.9999980000020001,0.0,0.36363636363636365,8.0
d9ae96e089b2,16.0,7.0,56.121416,2.6662801666666667,6.511200626894626,0.4285713673469475,0.0,0.0,0.0,0.2857142857142857,6.0
d9dd35334cbd,15.0,5.0,134.663196,0.80875525,0.02143703137680218,0.0,0.0,1.9999980000020001,0.0,0.19999999999999996,5.0
d9fafabbd289,41.0,19.0,17.236553,0.6545749444444444,0.1108605737568709,0.0,0.0,1.9999980000020001,0.0,0.5588235294117647,16.0
da700d22ad11,78.0,23.0,12.588072,0.4553188181818182,0.4038587310978498,0.08695651795841226,0.17391303591682453,0.399999920000016,0.0,0.5384615384615384,19.0
da9ba56a5396,16.0,7.0,68.44986,3.2399815000000003,7.919618804813695,0.4285713673469475,0.0,0.0,0.0,0.2857142857142857,6.0
daae0adccd31,78.0,23.0,20.240862,0.7438300909090909,0.6968416029967889,0.08695651795841226,0.17391303591682453,0.399999920000016,0.0,0.5384615384615384,19.0
db00b978aa8d,78.0,23.0,11.875493,0.4207593636363635,0.31263523118599196,0.08695651795841226,0.17391303591682453,0.399999920000016,0.0,0.5384615384615384,19.0
db1864b0b023,78.0,23.0,43.974952,1.329067909090909,1.5492233182516206,0.08695651795841226,0.17391303591682453,0.399999920000016,0.0,0.5384615384615384,19.0
db3aee45f594,78.0,23.0,29.964837,1.1071322272727273,1.1395740631259657,0.08695651795841226,0.17391303591682453,0.399999920000016,0.0,0.5384615384615384,19.0
db43832879d0,78.0,23.0,11.161637,0.3835937272727273,0.32433627086569417,0.08695651795841226,0.17391303591682453,0.399999920000016,0.0,0.5384615384615384,19.0
db52fa6c8189,78.0,23.0,10.913559,0.38998395454545454,0.2969861121940565,0.08695651795841226,0.17391303591682453,0.399999920000016,0.0,0.5384615384615384,19.0
db58f487e671,78.0,23.0,31.601349,1.1658355454545455,1.1943236267833066,0.08695651795841226,0.17391303591682453,0.399999920000016,0.0,0.5384615384615384,19.0
db5db48c5796,78.0,23.0,6.914966,0.24532272727272722,0.11351251794119734,0.08695651795841226,0.17391303591682453,0.399999920000016,0.0,0.5384615384615384,19.0
db6151044d67,78.0,23.0,32.837126,1.2136257272727273,1.243475325889661,0.08695651795841226,0.17391303591682453,0.399999920000016,0.0,0.5384615384615384,19.0
db6ba939f355,16.0,7.0,12.139086,0.5650373333333333,1.3690833111465008,0.4285713673469475,0.0,0.0,0.0,0.2857142857142857,6.0
db7fe92623f5,78.0,23.0,17.964092,0.654076,0.6121048357487078,0.08695651795841226,0.17391303591682453,0.399999920000016,0.0,0.5384615384615384,19.0
dc11f8632d2d,78.0,23.0,66.647647,2.431224318181818,2.659734522235119,0.08695651795841226,0.17391303591682453,0.399999920000016,0.0,0.5384615384615384,19.0
dc1c95774bcb,78.0,23.0,32.272745,1.2031211363636363,1.1958088550631565,0.08695651795841226,0.17391303591682453,0.399999920000016,0.0,0.5384615384615384,19.0
dc33bbdaec9f,78.0,23.0,16.737124,0.6067587727272726,0.538455037610997,0.08695651795841226,0.17391303591682453,0.399999920000016,0.0,0.5384615384615384,19.0
dc707c06168f,78.0,23.0,8.858145,0.31216531818181814,0.2003524321899231,0.08695651795841226,0.17391303591682453,0.399999920000016,0.0,0.5384615384615384,19.0
dc86029d4d08,78.0,23.0,6.447442,0.2175913636363636,0.11406735975334734,0.08695651795841226,0.17391303591682453,0.399999920000016,0.0,0.5384615384615384,19.0
dc9b1482a0c5,41.0,19.0,18.884367,0.7313689999999999,0.12064319250973582,0.0,0.0,1.9999980000020001,0.0,0.5588235294117647,16.0
dcb1be3bf5fb,8.0,3.0,15.199545,1.2999615,0.15287577898575042,0.0,0.0,1.9999980000020001,0.0,0.33333333333333337,3.0
dcc5526a5873,78.0,23.0,15.452569,0.5584101363636363,0.494878546086122,0.08695651795841226,0.17391303591682453,0.399999920000016,0.0,0.5384615384615384,19.0
dce711192dcd,41.0,19.0,11.052496,0.40255983333333334,0.08768674953173469,0.0,0.0,1.9999980000020001,0.0,0.5588235294117647,16.0
dd2e20763bcc,78.0,23.0,15.852071,0.5750446818181817,0.5042510461918355,0.08695651795841226,0.17391303591682453,0.399999920000016,0.0,0.5384615384615384,19.0
dd41b8d19387,78.0,23.0,6.97849,0.24579813636363632,0.14081516229585891,0.08695651795841226,0.17391303591682453,0.399999920000016,0.0,0.5384615384615384,19.0
dd5570006fef,16.0,7.0,9.723822,0.4225463333333333,1.024089866605986,0.4285713673469475,0.0,0.0,0.0,0.2857142857142857,6.0
dd9c01efb546,10.0,5.0,2.838462,0.12155825,0.002910108746536233,0.0,0.0,1.9999980000020001,0.0,0.19999999999999996,5.0
ddb4dffcb135,41.0,19.0,8.866322,0.30806161111111113,0.06773628910721594,0.0,0.0,1.9999980000020001,0.0,0.5588235294117647,16.0
ddc3019ee4bf,41.0,19.0,26.975962,1.0656553333333332,0.13017352236330776,0.0,0.0,1.9999980000020001,0.0,0.5588235294117647,16.0
de0f32140eb7,78.0,23.0,31.680823,1.1919840454545454,1.283001117446215,0.08695651795841226,0.17391303591682453,0.399999920000016,0.0,0.5384615384615384,19.0
de23cd2c73f7,78.0,23.0,11.599546,0.3965854999999999,0.6670302955040099,0.08695651795841226,0.17391303591682453,0.399999920000016,0.0,0.5384615384615384,19.0
de3555cf4dda,78.0,23.0,6.13274,0.19867063636363635,0.09702293700021242,0.08695651795841226,0.17391303591682453,0.399999920000016,0.0,0.5384615384615384,19.0
de5746658a65,78.0,23.0,38.245256,1.488718,1.96987495084821,0.08695651795841226,0.17391303591682453,0.399999920000016,0.0,0.5384615384615384,19.0
de5d0b915962,78.0,23.0,18.251208,0.6676577727272728,0.5985544079053683,0.08695651795841226,0.17391303591682453,0.399999920000016,0.0,0.5384615384615384,19.0
de73cf3788b0,41.0,19.0,5.869874,0.1853606111111111,0.04998719374957466,0.0,0.0,1.9999980000020001,0.0,0.5588235294117647,16.0
de7b0c6fc084,78.0,23.0,33.371559,1.2128629545454546,1.1837484859559073,0.08695651795841226,0.17391303591682453,0.399999920000016,0.0,0.5384615384615384,19.0
de96035194ed,41.0,19.0,33.19932,1.3099802222222225,0.1868087086827389,0.0,0.0,1.9999980000020001,0.0,0.5588235294117647,16.0
deb65423573e,41.0,19.0,15.9009,0.6522427777777778,0.06273255663768738,0.0,0.0,1.9999980000020001,0.0,0.5588235294117647,16.0
dedc9ba5c314,78.0,23.0,31.044114,1.1473922272727275,1.1579595987170475,0.08695651795841226,0.17391303591682453,0.399999920000016,0.0,0.5384615384615384,19.0
dee763d3bfc5,78.0,23.0,8.634227,0.30728113636363646,0.17492730271806803,0.08695651795841226,0.17391303591682453,0.399999920000016,0.0,0.5384615384615384,19.0
df0d1067838f,16.0,7.0,11.911252,0.5608123333333334,1.359262018004721,0.4285713673469475,0.0,0.0,0.0,0.2857142857142857,6.0
df29fc98bf95,78.0,23.0,21.359656,0.7927137727272728,0.8074589572742814,0.08695651795841226,0.17391303591682453,0.399999920000016,0.0,0.5384615384615384,19.0
df37da71a8d5,78.0,23.0,30.946764,1.1478676363636364,1.1403416036945766,0.08695651795841226,0.17391303591682453,0.399999920000016,0.0,0.5384615384615384,19.0
df4455c2d5a0,41.0,19.0,4.75294,0.1531496111111111,0.037080685832128917,0.0,0.0,1.9999980000020001,0.0,0.5588235294117647,16.0
df7ce60a7723,78.0,23.0,30.174721,1.148905681818182,1.205233733563956,0.08695651795841226,0.17391303591682453,0.399999920000016,0.0,0.5384615384615384,19.0
df7e5b275233,80.0,23.0,23.382129,0.8800933636363637,0.7676876450494535,0.08695651795841226,0.2608695538752368,0.285714244897965,0.0,0.5384615384615384,19.0
df845ca9e77f,79.0,23.0,7.525233,0.2719366363636364,0.14098015396689045,0.08695651795841226,0.21739129489603065,0.33333327777778704,0.0,0.5384615384615384,19.0
df8bebb7741a,78.0,23.0,31.755203,1.1788414999999999,1.1945025754184497,0.08695651795841226,0.17391303591682453,0.399999920000016,0.0,0.5384615384615384,19.0
dfac8332d9b0,77.0,23.0,31.960163,1.1873116818181817,1.154199016247049,0.08695651795841226,0.1304347769376184,0.49999987500003124,0.0,0.5384615384615384,19.0
dfb47463f544,41.0,19.0,24.772733,0.989378611111111,0.09427850419159489,0.0,0.0,1.9999980000020001,0.0,0.5588235294117647,16.0
dff6b9c051db,78.0,23.0,27.386412,1.0151500909090911,1.0130361125470169,0.08695651795841226,0.17391303591682453,0.399999920000016,0.0,0.5384615384615384,19.0
e08baf32572a,78.0,23.0,33.257613,1.216740090909091,1.2339048587932582,0.08695651795841226,0.17391303591682453,0.399999920000016,0.0,0.5384615384615384,19.0
e09ae7fc10b5,78.0,23.0,12.906676000000001,0.4623505,0.4123908977713292,0.08695651795841226,0.17391303591682453,0.399999920000016,0.0,0.5384615384615384,19.0
e09b2caf824d,16.0,7.0,68.202223,3.2313225000000005,7.903914356056972,0.4285713673469475,0.0,0.0,0.0,0.2857142857142857,6.0
e0e37543a1fb,78.0,23.0,21.992508,0.8318936363636364,0.8860441779831644,0.08695651795841226,0.17391303591682453,0.399999920000016,0.0,0.5384615384615384,19.0
e0f4f28653c0,78.0,23.0,39.222269,1.4639711818181822,1.3280959458924155,0.08695651795841226,0.17391303591682453,0.399999920000016,0.0,0.5384615384615384,19.0
e1234cf32372,78.0,23.0,6.042829,0.2035103636363636,0.09511070343179069,0.08695651795841226,0.17391303591682453,0.399999920000016,0.0,0.5384615384615384,19.0
e1276174ecbb,78.0,23.0,5.836302,0.1988354090909091,0.0956597609176642,0.08695651795841226,0.17391303591682453,0.399999920000016,0.0,0.5384615384615384,19.0
e18052c98662,41.0,19.0,34.297615,1.3722082777777778,0.2167735579381249,0.0,0.0,1.9999980000020001,0.0,0.5588235294117647,16.0
e1a0a29c7e06,78.0,23.0,5.476766,0.18286922727272728,0.089669058523913,0.08695651795841226,0.17391303591682453,0.399999920000016,0.0,0.5384615384615384,19.0
e1cc7fddc7a0,16.0,7.0,9.842712,0.45858550000000003,1.109195000377436,0.4285713673469475,0.0,0.0,0.0,0.2857142857142857,6.0
e261d7766ecb,41.0,19.0,12.556113,0.4702676111111111,0.08244852570660563,0.0,0.0,1.9999980000020001,0.0,0.5588235294117647,16.0
e27ab938f6b1,78.0,23.0,7.03149,0.23820563636363634,0.12016050611084265,0.08695651795841226,0.17391303591682453,0.399999920000016,0.0,0.5384615384615384,19.0
e27b02aae029,10.0,5.0,6.7573360000000005,0.8941645,0.005341343432757997,0.0,0.0,1.9999980000020001,0.0,0.19999999999999996,5.0
e29b2a3afa29,78.0,23.0,16.978025,0.6234155,0.5608774428242089,0.08695651795841226,0.17391303591682453,0.399999920000016,0.0,0.5384615384615384,19.0
e2a37a597448,10.0,5.0,7.042412,0.9639397500000001,0.1394172354155564,0.0,0.0,1.9999980000020001,0.0,0.19999999999999996,5.0
e2f5f64fb2a1,41.0,19.0,27.47406,1.0859542222222223,0.1339099065673966,0.0,0.0,1.9999980000020001,0.0,0.5588235294117647,16.0
e2ff9c8c4429,41.0,19.0,30.144839,1.188684722222222,0.16032914837692877,0.0,0.0,1.9999980000020001,0.0,0.5588235294117647,16.0
e31534b7c86b,80.0,23.0,33.082083,1.239811090909091,1.1685552386678546,0.08695651795841226,0.2608695538752368,0.285714244897965,0.0,0.5384615384615384,19.0
e318d154cb0f,78.0,23.0,8.38162,0.29572986363636367,0.19105223004276567,0.08695651795841226,0.17391303591682453,0.399999920000016,0.0,0.5384615384615384,19.0
e36aec59986a,41.0,19.0,12.274655,0.4591306111111111,0.08672568290008979,0.0,0.0,1.9999980000020001,0.0,0.5588235294117647,16.0
e37c2c02e956,78.0,23.0,30.714361,1.1414993181818183,1.1470310644608661,0.08695651795841226,0.17391303591682453,0.399999920000016,0.0,0.5384615384615384,19.0
e3dcc4af0333,41.0,19.0,5.386265,0.18469333333333332,0.049230702235375796,0.0,0.0,1.9999980000020001,0.0,0.5588235294117647,16.0
e4750e7b8c0c,78.0,23.0,19.985734,0.7325257272727274,0.7020229009121177,0.08695651795841226,0.17391303591682453,0.399999920000016,0.0,0.5384615384615384,19.0
e4b080338315,78.0,23.0,21.121058,0.7731065,0.7374504459690028,0.08695651795841226,0.17391303591682453,0.399999920000016,0.0,0.5384615384615384,19.0
e4b877536b75,78.0,23.0,5.549943,0.18408936363636366,0.08047077021801469,0.08695651795841226,0.17391303591682453,0.399999920000016,0.0,0.5384615384615384,19.0
e4d85204546a,78.0,23.0,32.520896,1.2133584090909095,1.2089067788492156,0.08695651795841226,0.17391303591682453,0.399999920000016,0.0,0.5384615384615384,19.0
e4f21b25bca6,78.0,23.0,20.424407,0.7506183636363637,0.7103828960218799,0.08695651795841226,0.17391303591682453,0.399999920000016,0.0,0.5384615384615384,19.0
e50854fcd0d5,78.0,23.0,6.395645,0.21977349999999998,0.09494511327867275,0.08695651795841226,0.17391303591682453,0.399999920000016,0.0,0.5384615384615384,19.0
e56d8a28c695,78.0,23.0,32.287645,1.203541318181818,1.2122296832681576,0.08695651795841226,0.17391303591682453,0.399999920000016,0.0,0.5384615384615384,19.0
e588c274dbba,41.0,19.0,5.830589,0.19371383333333336,0.04778653474044755,0.0,0.0,1.9999980000020001,0.0,0.5588235294117647,16.0
e59590ae1da6,79.0,23.0,31.548703,1.158853409090909,1.1432280316658763,0.08695651795841226,0.21739129489603065,0.33333327777778704,0.0,0.5384615384615384,19.0
e59934bd3737,78.0,23.0,8.719587,0.3074510909090909,0.19279013409081197,0.08695651795841226,0.17391303591682453,0.399999920000016,0.0,0.5384615384615384,19.0
e5c283f48c09,78.0,23.0,25.464937,0.9373304545454547,0.9198344506409177,0.08695651795841226,0.17391303591682453,0.399999920000016,0.0,0.5384615384615384,19.0
e60c4fab2190,78.0,23.0,5.725733,0.19415140909090908,0.08816647190004183,0.08695651795841226,0.17391303591682453,0.399999920000016,0.0,0.5384615384615384,19.0
e61876ef40cb,78.0,23.0,18.3785,0.6742813636363636,0.5994027347881227,0.08695651795841226,0.17391303591682453,0.399999920000016,0.0,0.5384615384615384,19.0
e62ebe68fd15,79.0,23.0,31.490833,1.1850059545454545,1.1140967510071609,0.08695651795841226,0.21739129489603065,0.33333327777778704,0.0,0.5384615384615384,19.0
e653ded8640d,16.0,7.0,68.436183,3.220113833333333,7.8758142448279065,0.4285713673469475,0.0,0.0,0.0,0.2857142857142857,6.0
e663dae8ea81,78.0,23.0,18.714563,0.6748928636363636,0.6300768937461443,0.08695651795841226,0.17391303591682453,0.399999920000016,0.0,0.5384615384615384,19.0
e66495777f6f,80.0,23.0,29.515565,1.0966357727272729,1.081998249390272,0.08695651795841226,0.2608695538752368,0.285714244897965,0.0,0.5384615384615384,19.0
e673fa2bd000,102.0,48.0,244.493299,5.134254553191489,10.076834915293064,0.0,0.0,2.9999970000030003,0.0,0.9791666666666666,2.0
e688d6eaf11f,78.0,23.0,25.029653,0.9258548636363635,0.9149960009533371,0.08695651795841226,0.17391303591682453,0.399999920000016,0.0,0.5384615384615384,19.0
e6b42de551a0,78.0,23.0,15.616525,0.5692882272727272,0.4912324840586886,0.08695651795841226,0.17391303591682453,0.399999920000016,0.0,0.5384615384615384,19.0
e6c4fffa16a2,78.0,23.0,29.091065,1.0707569090909093,1.0656678383329086,0.08695651795841226,0.17391303591682453,0.399999920000016,0.0,0.5384615384615384,19.0
e6d89cefe8e4,79.0,23.0,7.0870049999999996,0.2541121818181818,0.13589469915469962,0.08695651795841226,0.21739129489603065,0.33333327777778704,0.0,0.5384615384615384,19.0
e73c5d74adf7,41.0,19.0,37.950489,1.444050222222222,0.23561641033119807,0.0,0.0,1.9999980000020001,0.0,0.5588235294117647,16.0
e743129d9baf,78.0,23.0,40.124718,1.5055499999999997,1.9044789847677002,0.08695651795841226,0.17391303591682453,0.399999920000016,0.0,0.5384615384615384,19.0
e7b28173351a,78.0,23.0,33.956559,1.2660476818181818,1.3878320573785434,0.08695651795841226,0.17391303591682453,0.399999920000016,0.0,0.5384615384615384,19.0
e7e19958d07b,41.0,19.0,33.455638,1.4591018333333332,0.6046841206599234,0.0,0.0,1.9999980000020001,0.0,0.5588235294117647,16.0
e7fba5918a81,78.0,23.0,9.752039,0.3524039545454546,0.2892845935154148,0.08695651795841226,0.17391303591682453,0.399999920000016,0.0,0.5384615384615384,19.0
e80a4a4d1019,78.0,23.0,8.980142,0.30463481818181815,0.3259783697510993,0.08695651795841226,0.17391303591682453,0.399999920000016,0.0,0.5384615384615384,19.0
e8112f4d2085,78.0,23.0,31.676858,1.1728101818181818,1.1849549903596555,0.08695651795841226,0.17391303591682453,0.399999920000016,0.0,0.5384615384615384,19.0
e81de521c73c,41.0,19.0,7.672675,0.2673252222222222,0.06281706841161935,0.0,0.0,1.9999980000020001,0.0,0.5588235294117647,16.0
e853e499d13d,10.0,5.0,8.296129,0.58861,0.055424551695676026,0.0,0.0,1.9999980000020001,0.0,0.19999999999999996,5.0
e899da9aa83b,74.0,22.0,6.766201,0.25165647619047615,0.1658401380660361,0.09090908677685969,0.13636363016528952,0.6666664444445185,0.0,0.5263157894736843,19.0
e8d07f75a482,41.0,19.0,11.182173,0.4104,0.08635736467044099,0.0,0.0,1.9999980000020001,0.0,0.5588235294117647,16.0
e8e83bb868b7,78.0,23.0,37.720636999999996,1.4313339090909094,1.6602645038212007,0.08695651795841226,0.17391303591682453,0.399999920000016,0.0,0.5384615384615384,19.0
e903f6a17af4,78.0,23.0,28.526364,1.0533897727272725,1.0441328402425363,0.08695651795841226,0.17391303591682453,0.399999920000016,0.0,0.5384615384615384,19.0
e90a95f9deb0,78.0,23.0,11.40437,0.40963609090909087,0.29743810369440676,0.08695651795841226,0.17391303591682453,0.399999920000016,0.0,0.5384615384615384,19.0
e99c975cce8f,18.0,10.0,1.656018,0.09571455555555557,0.08346301860122109,0.299999970000003,0.0,0.0,0.0,0.15384615384615385,12.0
e9beb9f2a1ef,41.0,19.0,26.147273,1.0186266666666668,0.14982737659209877,0.0,0.0,1.9999980000020001,0.0,0.5588235294117647,16.0
ea3e73c0e37a,78.0,23.0,29.943126,1.1092955454545455,1.1007297061963994,0.08695651795841226,0.17391303591682453,0.399999920000016,0.0,0.5384615384615384,19.0
ea54dc4ca2f3,78.0,23.0,6.277031,0.2086185454545455,0.11288157940102214,0.08695651795841226,0.17391303591682453,0.399999920000016,0.0,0.5384615384615384,19.0
ea5534387760,78.0,23.0,18.81126,0.6897789090909092,0.623131332372307,0.08695651795841226,0.17391303591682453,0.399999920000016,0.0,0.5384615384615384,19.0
ea6cd13f2f9f,78.0,23.0,130.299191,4.865278772727272,8.243648538547838,0.08695651795841226,0.17391303591682453,0.399999920000016,0.0,0.5384615384615384,19.0
eaa69f1a0841,78.0,23.0,13.842145,0.5077464090909091,0.41360532256046767,0.08695651795841226,0.17391303591682453,0.399999920000016,0.0,0.5384615384615384,19.0
eac195b56287,78.0,23.0,33.962061,1.266023181818182,1.2626509703620221,0.08695651795841226,0.17391303591682453,0.399999920000016,0.0,0.5384615384615384,19.0
eac1b44a64e1,78.0,23.0,5.87941,0.19759713636363638,0.1043333388128534,0.08695651795841226,0.17391303591682453,0.399999920000016,0.0,0.5384615384615384,19.0
ead0d45c06a5,106.0,50.0,207.47734,4.184711306122448,8.041057864181406,0.0,0.0,2.9999970000030003,0.0,0.98,2.0
ead652684773,78.0,23.0,36.510878,1.3515396818181815,1.5719816725419993,0.08695651795841226,0.17391303591682453,0.399999920000016,0.0,0.5384615384615384,19.0
eae4796214fe,41.0,19.0,27.645772,1.0815170555555556,0.1686748019800134,0.0,0.0,1.9999980000020001,0.0,0.5588235294117647,16.0
eaf0df194631,78.0,23.0,20.208798,0.7424767727272727,0.7026046108605928,0.08695651795841226,0.17391303591682453,0.399999920000016,0.0,0.5384615384615384,19.0
eaf7b6aba969,78.0,23.0,31.541311,1.1829714090909091,1.2166925118225684,0.08695651795841226,0.17391303591682453,0.399999920000016,0.0,0.5384615384615384,19.0
eb46651b1aef,41.0,19.0,22.592131,0.9047530555555555,0.11170565832920658,0.0,0.0,1.9999980000020001,0.0,0.5588235294117647,16.0
eb5011513308,16.0,7.0,68.582516,3.2394921666666665,7.919097499507437,0.4285713673469475,0.0,0.0,0.0,0.2857142857142857,6.0
eb662b431868,78.0,23.0,9.139489,0.3237260909090909,0.2230537529082789,0.08695651795841226,0.17391303591682453,0.399999920000016,0.0,0.5384615384615384,19.0
eb717b7d7a8b,78.0,23.0,33.251092,1.1567373181818184,1.1517505951079274,0.08695651795841226,0.17391303591682453,0.399999920000016,0.0,0.5384615384615384,19.0
eb89a140e3c7,78.0,23.0,6.180631,0.20951368181818184,0.10271735717718485,0.08695651795841226,0.17391303591682453,0.399999920000016,0.0,0.5384615384615384,19.0
eb8e4256f4d2,80.0,23.0,17.945042,0.6662683636363635,0.5689857085113361,0.08695651795841226,0.2608695538752368,0.285714244897965,0.0,0.5384615384615384,19.0
eba571cc356a,78.0,23.0,6.209518,0.21409954545454546,0.09897379817080366,0.08695651795841226,0.17391303591682453,0.399999920000016,0.0,0.5384615384615384,19.0
eba837132231,41.0,19.0,5.04545,0.16707516666666666,0.04097314520260945,0.0,0.0,1.9999980000020001,0.0,0.5588235294117647,16.0
ebdd7048db47,21.0,8.0,128.281266,0.7328045714285715,0.033574710293399625,0.0,0.0,1.9999980000020001,0.0,0.36363636363636365,8.0
ebf7fac02ddd,78.0,23.0,25.584741,0.9481637727272726,1.0030628129027013,0.08695651795841226,0.17391303591682453,0.399999920000016,0.0,0.5384615384615384,19.0
ec4ec3fe63c0,78.0,23.0,29.475589,1.0963705454545456,1.12586683774887,0.08695651795841226,0.17391303591682453,0.399999920000016,0.0,0.5384615384615384,19.0
ec54d8fb5f48,78.0,23.0,28.055159,1.036664681818182,1.0323986074668838,0.08695651795841226,0.17391303591682453,0.399999920000016,0.0,0.5384615384615384,19.0
ec5d15d70278,78.0,23.0,31.874609,1.1744546818181816,1.176001397482219,0.08695651795841226,0.17391303591682453,0.399999920000016,0.0,0.5384615384615384,19.0
ec7f6c19d40f,78.0,23.0,27.444874,1.0144900454545456,1.0010784627219587,0.08695651795841226,0.17391303591682453,0.399999920000016,0.0,0.5384615384615384,19.0
ecd2b8db33a0,78.0,23.0,11.872262,0.4307202727272727,0.35853478727934596,0.08695651795841226,0.17391303591682453,0.399999920000016,0.0,0.5384615384615384,19.0
ed41bc66768f,78.0,23.0,8.238818,0.2896068636363636,0.17984281443482159,0.08695651795841226,0.17391303591682453,0.399999920000016,0.0,0.5384615384615384,19.0
edace635afa4,78.0,23.0,12.518995,0.4471499090909091,0.3640254078730415,0.08695651795841226,0.17391303591682453,0.399999920000016,0.0,0.5384615384615384,19.0
edfa43805ac7,78.0,23.0,5.516811,0.18227718181818184,0.08960427076483966,0.08695651795841226,0.17391303591682453,0.399999920000016,0.0,0.5384615384615384,19.0
edfbee492944,16.0,7.0,68.821037,3.2465064999999993,7.937400805006303,0.4285713673469475,0.0,0.0,0.0,0.2857142857142857,6.0
ee26c441d73a,78.0,23.0,32.229032,1.2024015000000001,1.2074769429416405,0.08695651795841226,0.17391303591682453,0.399999920000016,0.0,0.5384615384615384,19.0
eebb00ff4f0c,78.0,23.0,34.09744,1.2622276818181817,1.2819581271733298,0.08695651795841226,0.17391303591682453,0.399999920000016,0.0,0.5384615384615384,19.0
eec5f6c4efe7,16.0,7.0,68.404464,3.2525515000000005,7.954033351981692,0.4285713673469475,0.0,0.0,0.0,0.2857142857142857,6.0
eef4c354bed0,41.0,19.0,20.387772,0.7900771666666666,0.12462168795634343,0.0,0.0,1.9999980000020001,0.0,0.5588235294117647,16.0
ef1bee04e51c,78.0,23.0,53.419838,1.9479247272727271,2.9141178321116596,0.08695651795841226,0.17391303591682453,0.399999920000016,0.0,0.5384615384615384,19.0
ef3dc3878b95,78.0,23.0,13.318357,0.4840210000000001,0.3870964236141392,0.08695651795841226,0.17391303591682453,0.399999920000016,0.0,0.5384615384615384,19.0
ef494472eb57,16.0,7.0,12.248312,0.5671115,1.3770252178300513,0.4285713673469475,0.0,0.0,0.0,0.2857142857142857,6.0
ef50eb12c30d,78.0,23.0,15.758225,0.5707519999999999,0.5058100464689806,0.08695651795841226,0.17391303591682453,0.399999920000016,0.0,0.5384615384615384,19.0
efa8963c9cf0,98.0,46.0,180.049734,3.936710311111111,7.7637116891924896,0.0,0.0,2.9999970000030003,0.0,0.9782608695652174,2.0
eff9753088f8,16.0,7.0,12.313043,0.569775,1.3821211826199613,0.4285713673469475,0.0,0.0,0.0,0.2857142857142857,6.0
f01d0da44d5e,80.0,23.0,32.922572,1.2437586818181816,1.4033904748677952,0.08695651795841226,0.2608695538752368,0.285714244897965,0.0,0.5384615384615384,19.0
f03ffade7752,18.0,10.0,2.562119,0.15164366666666668,0.13911705748757053,0.299999970000003,0.0,0.0,0.0,0.15384615384615385,12.0
f05a60aa9e98,78.0,23.0,8.596894,0.3033882727272728,0.18865595718187061,0.08695651795841226,0.17391303591682453,0.399999920000016,0.0,0.5384615384615384,19.0
f07024ca2ba5,16.0,7.0,12.962836,0.5835130000000001,1.4075594762572559,0.4285713673469475,0.0,0.0,0.0,0.2857142857142857,6.0
f09c0a3a9838,78.0,23.0,6.021256,0.20323186363636364,0.11326504425684178,0.08695651795841226,0.17391303591682453,0.399999920000016,0.0,0.5384615384615384,19.0
f09dae07e4bd,16.0,7.0,68.446455,3.228830166666667,7.894479121679388,0.4285713673469475,0.0,0.0,0.0,0.2857142857142857,6.0
f0b3a2674f17,41.0,19.0,25.523809,1.0684927777777777,0.13823376952129082,0.0,0.0,1.9999980000020001,0.0,0.5588235294117647,16.0
f0bd2a6999f6,79.0,23.0,41.342319,1.5595881818181816,2.1878432923113516,0.08695651795841226,0.21739129489603065,0.33333327777778704,0.0,0.5384615384615384,19.0
f0e2879569a5,78.0,23.0,8.778663,0.31443018181818183,0.1935256491130621,0.08695651795841226,0.17391303591682453,0.399999920000016,0.0,0.5384615384615384,19.0
f0ea7634113b,78.0,23.0,38.811861,1.4032567272727274,1.3743196093490593,0.08695651795841226,0.17391303591682453,0.399999920000016,0.0,0.5384615384615384,19.0
f0ed684509af,9.0,1.0,2.345778,0.0,0.0,0.0,0.9999990000010001,0.99999950000025,0.0,0.5,2.0
f0edb56c4322,10.0,5.0,7.348903,0.706625,0.0020769840313942115,0.0,0.0,1.9999980000020001,0.0,0.19999999999999996,5.0
f0f06b13e4ba,10.0,5.0,6.928585,0.707205,0.06717440919477198,0.0,0.0,1.9999980000020001,0.0,0.19999999999999996,5.0
f0ffce51e122,41.0,19.0,6.432527,0.22626305555555554,0.05315546976500075,0.0,0.0,1.9999980000020001,0.0,0.5588235294117647,16.0
f112f7dd1983,41.0,19.0,47.634285,1.9994157222222226,0.9544477691198506,0.0,0.0,1.9999980000020001,0.0,0.5588235294117647,16.0
f13d144e1061,78.0,23.0,6.321538,0.2188392727272727,0.10961399729839069,0.08695651795841226,0.17391303591682453,0.399999920000016,0.0,0.5384615384615384,19.0
f15178625c63,78.0,23.0,21.606867,0.8004111363636361,0.8461551082297302,0.08695651795841226,0.17391303591682453,0.399999920000016,0.0,0.5384615384615384,19.0
f18a42313ecb,41.0,19.0,43.088444,1.815449,0.5300776608086337,0.0,0.0,1.9999980000020001,0.0,0.5588235294117647,16.0
f18c02868eb9,78.0,23.0,32.142676,1.1957837727272727,1.2234268607475727,0.08695651795841226,0.17391303591682453,0.399999920000016,0.0,0.5384615384615384,19.0
f19c5be8c665,78.0,23.0,16.47885,0.6151974545454545,0.6020404145691888,0.08695651795841226,0.17391303591682453,0.399999920000016,0.0,0.5384615384615384,19.0
f1d55a221d0d,16.0,7.0,12.253217,0.584333,1.40882039582922,0.4285713673469475,0.0,0.0,0.0,0.2857142857142857,6.0
f1dc17e5bf55,78.0,23.0,15.96037,0.5795567272727273,0.5113026473831029,0.08695651795841226,0.17391303591682453,0.399999920000016,0.0,0.5384615384615384,19.0
f1fec3002da1,41.0,19.0,31.124049,1.228682,0.15605448948439546,0.0,0.0,1.9999980000020001,0.0,0.5588235294117647,16.0
f268a90bedfe,20.0,10.0,5.496039,0.19863177777777777,0.18197324868835651,0.299999970000003,0.0,1.9999980000020001,0.6666664444445185,0.15384615384615385,12.0
f2747a92c0fa,78.0,23.0,33.964997,1.2634180909090909,1.2639716766762619,0.08695651795841226,0.17391303591682453,0.399999920000016,0.0,0.5384615384615384,19.0
f27615eaca29,16.0,7.0,10.808648999999999,0.4846101666666667,1.178050908420076,0.4285713673469475,0.0,0.0,0.0,0.2857142857142857,6.0
f292da203cd3,41.0,19.0,27.953701,1.1209164444444444,0.11877981565867365,0.0,0.0,1.9999980000020001,0.0,0.5588235294117647,16.0
f2da39a33ae3,78.0,23.0,36.873188,1.3116080454545456,1.1928047722914608,0.08695651795841226,0.17391303591682453,0.399999920000016,0.0,0.5384615384615384,19.0
f2f7980fd3dc,78.0,23.0,24.833854,0.9161528636363635,0.8770911145660923,0.08695651795841226,0.17391303591682453,0.399999920000016,0.0,0.5384615384615384,19.0
f2fcf9e8600b,78.0,23.0,14.356231,0.5045506363636363,0.4156754416703752,0.08695651795841226,0.17391303591682453,0.399999920000016,0.0,0.5384615384615384,19.0
f30e1df5d32a,78.0,23.0,35.028025,1.2833004545454545,1.1281348126737558,0.08695651795841226,0.17391303591682453,0.399999920000016,0.0,0.5384615384615384,19.0
f33473f5a6ba,78.0,23.0,5.636945,0.18784704545454545,0.08388658974187499,0.08695651795841226,0.17391303591682453,0.399999920000016,0.0,0.5384615384615384,19.0
f33684d9d040,41.0,19.0,30.901853,1.224072277777778,0.13228325753242123,0.0,0.0,1.9999980000020001,0.0,0.5588235294117647,16.0
f370c4c0af2f,78.0,23.0,41.095317,1.3258083636363638,1.2314464961275473,0.08695651795841226,0.17391303591682453,0.399999920000016,0.0,0.5384615384615384,19.0
f41d0091dade,78.0,23.0,6.265921,0.21689913636363636,0.09817435687315049,0.08695651795841226,0.17391303591682453,0.399999920000016,0.0,0.5384615384615384,19.0
f427ae1e35c3,78.0,23.0,20.350729,0.7463360454545455,0.7109838606862544,0.08695651795841226,0.17391303591682453,0.399999920000016,0.0,0.5384615384615384,19.0
f456da40667b,78.0,23.0,32.400455,1.2090769545454545,1.2488661439751572,0.08695651795841226,0.17391303591682453,0.399999920000016,0.0,0.5384615384615384,19.0
f46ce69bbbd2,78.0,23.0,14.187732,0.5159212272727273,0.42650845378490854,0.08695651795841226,0.17391303591682453,0.399999920000016,0.0,0.5384615384615384,19.0
f49157a6bed9,41.0,19.0,12.551073,0.4736137777777778,0.09700052166479226,0.0,0.0,1.9999980000020001,0.0,0.5588235294117647,16.0
f4976f2e107c,78.0,23.0,25.968288,0.9602744090909091,0.9363487878135838,0.08695651795841226,0.17391303591682453,0.399999920000016,0.0,0.5384615384615384,19.0
f4ab474eb4f7,78.0,23.0,5.625942,0.18699177272727271,0.0948005635536453,0.08695651795841226,0.17391303591682453,0.399999920000016,0.0,0.5384615384615384,19.0
f4b4b999cf30,41.0,19.0,28.606307,1.1279212777777776,0.16568539496172915,0.0,0.0,1.9999980000020001,0.0,0.5588235294117647,16.0
f4d28e52d683,41.0,19.0,23.001022,0.8935636666666666,0.2400742346390579,0.0,0.0,1.9999980000020001,0.0,0.5588235294117647,16.0
f4d9da5985ed,78.0,23.0,15.829623,0.5768599545454546,0.4924700851659711,0.08695651795841226,0.17391303591682453,0.399999920000016,0.0,0.5384615384615384,19.0
f4e3a3e72478,42.0,19.0,86.984703,3.308482222222222,2.482226923959602,0.0,0.0,1.9999980000020001,0.0,0.5588235294117647,16.0
f5f9814e7909,41.0,19.0,5.879595,0.17971566666666666,0.04818390211532087,0.0,0.0,1.9999980000020001,0.0,0.5588235294117647,16.0
f5fd8a0b87bb,78.0,23.0,32.025819,1.184754590909091,1.1911706060444294,0.08695651795841226,0.17391303591682453,0.399999920000016,0.0,0.5384615384615384,19.0
f607b7702d02,78.0,23.0,29.926452,1.1050671818181819,1.0984686120622498,0.08695651795841226,0.17391303591682453,0.399999920000016,0.0,0.5384615384615384,19.0
f7106a40e32a,78.0,23.0,6.090527,0.20764727272727274,0.0922008444115768,0.08695651795841226,0.17391303591682453,0.399999920000016,0.0,0.5384615384615384,19.0
f71a1164e556,78.0,23.0,24.368703,0.901926,0.8550570779735506,0.08695651795841226,0.17391303591682453,0.399999920000016,0.0,0.5384615384615384,19.0
f7cb349c0e98,78.0,23.0,25.30483,0.937374318181818,0.8974292800599355,0.08695651795841226,0.17391303591682453,0.399999920000016,0.0,0.5384615384615384,19.0
f7de19cc937b,78.0,23.0,5.985753,0.20341104545454547,0.10812107935241477,0.08695651795841226,0.17391303591682453,0.399999920000016,0.0,0.5384615384615384,19.0
f81da4315a3b,77.0,23.0,33.640387,1.1767290454545456,1.0985179989102407,0.08695651795841226,0.1304347769376184,0.49999987500003124,0.0,0.5384615384615384,19.0
f82e026e86e7,78.0,23.0,28.724807,1.0652398181818183,1.0671248537109796,0.08695651795841226,0.17391303591682453,0.399999920000016,0.0,0.5384615384615384,19.0
f830ec9cb5f0,78.0,23.0,7.18521,0.2611232727272727,0.14230727513651303,0.08695651795841226,0.17391303591682453,0.399999920000016,0.0,0.5384615384615384,19.0
f8533832affe,18.0,10.0,2.190604,0.1274917777777778,0.11479051801082894,0.299999970000003,0.0,0.0,0.0,0.15384615384615385,12.0
f89d72587525,78.0,23.0,16.20648,0.5934580454545454,0.5182932267238836,0.08695651795841226,0.17391303591682453,0.399999920000016,0.0,0.5384615384615384,19.0
f9182124cecb,41.0,19.0,29.85213,1.2038991111111113,0.1261466151539964,0.0,0.0,1.9999980000020001,0.0,0.5588235294117647,16.0
f93488b3b60a,78.0,23.0,33.805963,1.2548116818181816,1.3150824781188002,0.08695651795841226,0.17391303591682453,0.399999920000016,0.0,0.5384615384615384,19.0
f94f22a329e3,16.0,7.0,12.473054,0.53846,1.300432675833701,0.4285713673469475,0.0,0.0,0.0,0.2857142857142857,6.0
f9554f4b3052,78.0,23.0,27.65417,1.0246927272727273,1.0223814945516356,0.08695651795841226,0.17391303591682453,0.399999920000016,0.0,0.5384615384615384,19.0
f9d6ab56a216,78.0,23.0,42.704038,1.593607181818182,1.5964010599896148,0.08695651795841226,0.17391303591682453,0.399999920000016,0.0,0.5384615384615384,19.0
fa12bb850e1c,78.0,23.0,35.859596,1.3310387727272728,1.4183263680599696,0.08695651795841226,0.17391303591682453,0.399999920000016,0.0,0.5384615384615384,19.0
fa16eec318be,41.0,19.0,55.322834,2.2130727222222224,1.7168018791279875,0.0,0.0,1.9999980000020001,0.0,0.5588235294117647,16.0
fa3e9346f84a,41.0,19.0,29.200644,1.1696665000000002,0.11880960904902578,0.0,0.0,1.9999980000020001,0.0,0.5588235294117647,16.0
fa4a9fdb978a,16.0,7.0,12.494137,0.5633845000000001,1.370877422037689,0.4285713673469475,0.0,0.0,0.0,0.2857142857142857,6.0
fa54f7bd1175,78.0,23.0,22.323791,0.8450874090909088,0.9551149527558828,0.08695651795841226,0.17391303591682453,0.399999920000016,0.0,0.5384615384615384,19.0
fa6523eace81,79.0,23.0,23.981096,0.9208878181818183,0.9732400439228817,0.08695651795841226,0.21739129489603065,0.33333327777778704,0.0,0.5384615384615384,19.0
fa6a796e2b16,78.0,23.0,13.242111,0.48083849999999995,0.40509807433329975,0.08695651795841226,0.17391303591682453,0.399999920000016,0.0,0.5384615384615384,19.0
fa8470773f86,78.0,23.0,5.674196,0.18878468181818178,0.08713723550779863,0.08695651795841226,0.17391303591682453,0.399999920000016,0.0,0.5384615384615384,19.0
fa8f1cd4db54,77.0,23.0,32.316783,1.1913154545454547,1.2661248078136362,0.08695651795841226,0.1304347769376184,0.49999987500003124,0.0,0.5384615384615384,19.0
fabe39055386,41.0,19.0,31.841801,1.2508422222222224,0.18617726472893437,0.0,0.0,1.9999980000020001,0.0,0.5588235294117647,16.0
fad91e2938f4,16.0,7.0,12.419857,0.5656483333333333,1.3654408206638127,0.4285713673469475,0.0,0.0,0.0,0.2857142857142857,6.0
faddbe198be3,41.0,19.0,17.400951,0.6720040555555555,0.12241429510548676,0.0,0.0,1.9999980000020001,0.0,0.5588235294117647,16.0
fade8fab9efb,78.0,23.0,8.877113,0.3173014545454546,0.2134321208714572,0.08695651795841226,0.17391303591682453,0.399999920000016,0.0,0.5384615384615384,19.0
fb19d1797ce3,78.0,23.0,31.182571,1.1546605454545456,1.1537181828728378,0.08695651795841226,0.17391303591682453,0.399999920000016,0.0,0.5384615384615384,19.0
fb20ac90ac60,78.0,23.0,12.076616,0.4677923636363637,0.6782011448680529,0.08695651795841226,0.17391303591682453,0.399999920000016,0.0,0.5384615384615384,19.0
fb43201f8161,78.0,23.0,29.039552,1.078335,1.0951300018522263,0.08695651795841226,0.17391303591682453,0.399999920000016,0.0,0.5384615384615384,19.0
fb7002d1d6c1,76.0,23.0,54.780455,2.117387818181818,2.1519771215527683,0.08695651795841226,0.08695651795841226,0.6666664444445185,0.0,0.5384615384615384,19.0
fb89019a97f2,41.0,19.0,14.950068,0.5649665,0.1019448672251763,0.0,0.0,1.9999980000020001,0.0,0.5588235294117647,16.0
fbda6f73f22e,78.0,23.0,5.820872,0.19675340909090913,0.08274989907037959,0.08695651795841226,0.17391303591682453,0.399999920000016,0.0,0.5384615384615384,19.0
fbddf5c6230c,41.0,19.0,7.90877,0.28582377777777773,0.06858199174071997,0.0,0.0,1.9999980000020001,0.0,0.5588235294117647,16.0
fbe23ceed10f,77.0,23.0,31.648646,1.1827790454545453,1.2556736300774398,0.08695651795841226,0.1304347769376184,0.49999987500003124,0.0,0.5384615384615384,19.0
fbf469e2be26,78.0,23.0,31.465134,1.1739922272727272,1.206666868500441,0.08695651795841226,0.17391303591682453,0.399999920000016,0.0,0.5384615384615384,19.0
fbfdc48d1185,79.0,23.0,29.59075,1.0927687727272728,1.072795133542544,0.08695651795841226,0.21739129489603065,0.33333327777778704,0.0,0.5384615384615384,19.0
fc053eda8fdd,41.0,19.0,19.881415,0.7681489444444445,0.11847207390350153,0.0,0.0,1.9999980000020001,0.0,0.5588235294117647,16.0
fc0f2d263d38,16.0,7.0,12.236854,0.5641061666666667,1.365149269459046,0.4285713673469475,0.0,0.0,0.0,0.2857142857142857,6.0
fc517866c830,78.0,23.0,10.365657,0.370455,0.27757249507145065,0.08695651795841226,0.17391303591682453,0.399999920000016,0.0,0.5384615384615384,19.0
fcb2c4557609,106.0,50.0,180.256463,3.5858002857142854,7.957324002251439,0.0,0.0,2.9999970000030003,0.0,0.98,2.0
fcc57d900a76,76.0,23.0,11.021595,0.3646921363636364,0.5175811125181752,0.08695651795841226,0.08695651795841226,0.6666664444445185,0.0,0.5384615384615384,19.0
fccacbbaa0d7,78.0,23.0,28.772405,1.0675160000000001,1.0818406086530756,0.08695651795841226,0.17391303591682453,0.399999920000016,0.0,0.5384615384615384,19.0
fcd07ae196de,78.0,23.0,7.144873,0.25414136363636364,0.13267240441691797,0.08695651795841226,0.17391303591682453,0.399999920000016,0.0,0.5384615384615384,19.0
fd0ad99c52b9,18.0,10.0,2.453664,0.14129688888888892,0.12883124062261106,0.299999970000003,0.0,0.0,0.0,0.15384615384615385,12.0
fd1b18d6d9c3,78.0,23.0,6.959638,0.24738772727272726,0.12205482606372386,0.08695651795841226,0.17391303591682453,0.399999920000016,0.0,0.5384615384615384,19.0
fd413d5a3a39,78.0,23.0,15.889012,0.5780920454545453,0.5438179312380619,0.08695651795841226,0.17391303591682453,0.399999920000016,0.0,0.5384615384615384,19.0
fd639764a68e,24.0,12.0,63.343853,2.175154454545454,7.182633715922361,0.2499999791666684,0.0,0.0,0.0,0.16666666666666663,11.0
fdbcd3b638a8,78.0,23.0,37.607818,1.429324,1.4760107513195346,0.08695651795841226,0.17391303591682453,0.399999920000016,0.0,0.5384615384615384,19.0
fdc477fd3a6e,78.0,23.0,15.731062,0.5726767272727273,0.5015903586971365,0.08695651795841226,0.17391303591682453,0.399999920000016,0.0,0.5384615384615384,19.0
fde8d225a6ff,16.0,7.0,67.734332,3.241433666666667,7.927227553054415,0.4285713673469475,0.0,0.0,0.0,0.2857142857142857,6.0
fdf8eb1e7336,78.0,23.0,8.74134,0.312863,0.21295109311876328,0.08695651795841226,0.17391303591682453,0.399999920000016,0.0,0.5384615384615384,19.0
fe624614df83,78.0,23.0,8.424149,0.2972302272727273,0.2403727983433693,0.08695651795841226,0.17391303591682453,0.399999920000016,0.0,0.5384615384615384,19.0
fe64d1d44a91,79.0,23.0,8.07395,0.27972977272727273,0.1658073765674615,0.08695651795841226,0.21739129489603065,0.33333327777778704,0.0,0.5384615384615384,19.0
fe654b859fe9,78.0,23.0,8.403343,0.2941092727272727,0.19218188681365217,0.08695651795841226,0.17391303591682453,0.399999920000016,0.0,0.5384615384615384,19.0
fe7d1f8ab494,16.0,7.0,12.313162,0.5656295,1.3724348790163778,0.4285713673469475,0.0,0.0,0.0,0.2857142857142857,6.0
fe9c33e1c4a3,77.0,23.0,38.131853,1.4444449545454547,1.33210035928663,0.08695651795841226,0.1304347769376184,0.49999987500003124,0.0,0.5384615384615384,19.0
fe9fc2e941b0,78.0,23.0,31.326028,1.170359681818182,1.2645237282100807,0.08695651795841226,0.17391303591682453,0.399999920000016,0.0,0.5384615384615384,19.0
fec19152e5e1,41.0,19.0,41.949488,1.6216984444444442,0.7691191693528553,0.0,0.0,1.9999980000020001,0.0,0.5588235294117647,16.0
ff3f3767147c,79.0,23.0,9.420738,0.3417743181818182,0.2175730497306236,0.08695651795841226,0.21739129489603065,0.33333327777778704,0.0,0.5384615384615384,19.0
ff47ce90c5eb,21.0,8.0,133.156964,0.6128555714285715,0.08257899159765585,0.0,0.0,1.9999980000020001,0.0,0.36363636363636365,8.0
ff6172c64791,78.0,23.0,38.882294,1.417741318181818,1.4760013754568178,0.08695651795841226,0.17391303591682453,0.399999920000016,0.0,0.5384615384615384,19.0
ff66e278f0bb,78.0,23.0,36.068348,1.3485316363636364,1.6116336677220693,0.08695651795841226,0.17391303591682453,0.399999920000016,0.0,0.5384615384615384,19.0
ffbf6704050d,41.0,19.0,5.556982,0.18513300000000002,0.044433487842868616,0.0,0.0,1.9999980000020001,0.0,0.5588235294117647,16.0
ffbfd0481ea9,78.0,23.0,5.968981,0.19582954545454545,0.09838440691042906,0.08695651795841226,0.17391303591682453,0.399999920000016,0.0,0.5384615384615384,19.0
0008aa04ae3b,78.0,23.0,11.755002,0.41664645454545446,0.3513926703240946,0.08695651795841226,0.17391303591682453,0.399999920000016,0.0,0.5384615384615384,19.0
00367657412b,41.0,19.0,39.353557,1.6348859999999998,0.4788160801538336,0.0,0.0,1.9999980000020001,0.0,0.5588235294117647,16.0
0058636b2179,79.0,23.0,11.337615,0.4126942272727273,0.33165774822533284,0.08695651795841226,0.21739129489603065,0.33333327777778704,0.0,0.5384615384615384,19.0
0064265f9cf9,78.0,23.0,31.856048,1.1835265909090908,1.192747480424589,0.08695651795841226,0.17391303591682453,0.399999920000016,0.0,0.5384615384615384,19.0
0064dcc7582b,78.0,23.0,8.595565,0.3047107272727273,0.20087678155245933,0.08695651795841226,0.17391303591682453,0.399999920000016,0.0,0.5384615384615384,19.0
0068630032b4,41.0,19.0,19.760527,0.6709983888888887,0.11852707490008045,0.0,0.0,1.9999980000020001,0.0,0.5588235294117647,16.0
0069884e12c6,78.0,23.0,30.236899,1.1290795454545455,1.1598708182582735,0.08695651795841226,0.17391303591682453,0.399999920000016,0.0,0.5384615384615384,19.0
00746d7e0c71,18.0,10.0,2.812849,0.16526433333333335,0.15227218676928497,0.299999970000003,0.0,0.0,0.0,0.15384615384615385,12.0
009e075ee40d,78.0,23.0,9.59427,0.34426140909090913,0.20126519103048837,0.08695651795841226,0.17391303591682453,0.399999920000016,0.0,0.5384615384615384,19.0
009e9ebeb3d6,78.0,23.0,19.318527,0.710949090909091,0.6567121717772347,0.08695651795841226,0.17391303591682453,0.399999920000016,0.0,0.5384615384615384,19.0
00b13204d12a,78.0,23.0,6.124045,0.2068771363636364,0.11266958976045861,0.08695651795841226,0.17391303591682453,0.399999920000016,0.0,0.5384615384615384,19.0
00d7fa574c32,79.0,23.0,34.836361,1.2937788181818186,1.2245729080675878,0.08695651795841226,0.21739129489603065,0.33333327777778704,0.0,0.5384615384615384,19.0
00dcdd11e52d,79.0,23.0,32.331743,1.205788409090909,1.3286121141382898,0.08695651795841226,0.21739129489603065,0.33333327777778704,0.0,0.5384615384615384,19.0
00fa46aacbe5,78.0,23.0,39.939759,1.4850830454545454,1.4237404285124808,0.08695651795841226,0.17391303591682453,0.399999920000016,0.0,0.5384615384615384,19.0
00ff0c7afe6c,78.0,23.0,25.54712,0.9622943636363638,1.0164511182861646,0.08695651795841226,0.17391303591682453,0.399999920000016,0.0,0.5384615384615384,19.0
0115ffba63a9,78.0,23.0,19.325836,0.7107741818181817,0.6482703513585492,0.08695651795841226,0.17391303591682453,0.399999920000016,0.0,0.5384615384615384,19.0
01364d7fff2b,78.0,23.0,7.171196,0.24488518181818184,0.12566295072804734,0.08695651795841226,0.17391303591682453,0.399999920000016,0.0,0.5384615384615384,19.0
014c2a246b68,78.0,23.0,19.937246000000002,0.7324488181818182,0.652772886181027,0.08695651795841226,0.17391303591682453,0.399999920000016,0.0,0.5384615384615384,19.0
014f1242ba16,78.0,23.0,8.785209,0.3011134545454545,0.23226304928858393,0.08695651795841226,0.17391303591682453,0.399999920000016,0.0,0.5384615384615384,19.0
0155a6dff607,78.0,23.0,38.788951,1.490191909090909,1.3585719603833988,0.08695651795841226,0.17391303591682453,0.399999920000016,0.0,0.5384615384615384,19.0
0173047f92e3,78.0,23.0,8.464962,0.2983252727272727,0.1943283846411929,0.08695651795841226,0.17391303591682453,0.399999920000016,0.0,0.5384615384615384,19.0
01bd04c8266b,77.0,23.0,19.80261,0.7225336818181819,0.6586999143186297,0.08695651795841226,0.1304347769376184,0.49999987500003124,0.0,0.5384615384615384,19.0
01f2e571dd68,78.0,23.0,32.302333,1.2038022272727273,1.1772281684002643,0.08695651795841226,0.17391303591682453,0.399999920000016,0.0,0.5384615384615384,19.0
021df53df80a,41.0,19.0,19.524824,0.7537406666666667,0.10542595933081912,0.0,0.0,1.9999980000020001,0.0,0.5588235294117647,16.0
022abdc49005,78.0,23.0,19.806508,0.7275611818181819,0.6840240303902332,0.08695651795841226,0.17391303591682453,0.399999920000016,0.0,0.5384615384615384,19.0
024c1743ffce,77.0,23.0,29.506136,1.0977741363636364,1.07481638046458,0.08695651795841226,0.1304347769376184,0.49999987500003124,0.0,0.5384615384615384,19.0
0282cca67cf5,41.0,19.0,18.349308,0.7034421111111111,0.11573084154135094,0.0,0.0,1.9999980000020001,0.0,0.5588235294117647,16.0
02981a7f6a2a,78.0,23.0,15.062535,0.5347167727272727,0.4304730705298789,0.08695651795841226,0.17391303591682453,0.399999920000016,0.0,0.5384615384615384,19.0
02ac634c228e,78.0,23.0,21.324753,0.7861402272727273,0.7340931418050003,0.08695651795841226,0.17391303591682453,0.399999920000016,0.0,0.5384615384615384,19.0
02ac9ba0a01f,78.0,23.0,19.445291,0.7073749090909092,0.5993298046087582,0.08695651795841226,0.17391303591682453,0.399999920000016,0.0,0.5384615384615384,19.0
02cf9808349d,41.0,19.0,57.12159,1.7875204444444444,0.6861935261282064,0.0,0.0,1.9999980000020001,0.0,0.5588235294117647,16.0
02d16d3cee36,78.0,23.0,31.742721,1.1771829090909092,1.1579235434828983,0.08695651795841226,0.17391303591682453,0.399999920000016,0.0,0.5384615384615384,19.0
02f28bebf3f8,77.0,23.0,43.710624,1.7502213636363635,2.5519314688483,0.08695651795841226,0.1304347769376184,0.49999987500003124,0.0,0.5384615384615384,19.0
03137428cfc7,78.0,23.0,8.497056,0.28163231818181816,0.22441633461755778,0.08695651795841226,0.17391303591682453,0.399999920000016,0.0,0.5384615384615384,19.0
033c7686557a,78.0,23.0,36.12385,1.3472551363636365,1.1560549843891836,0.08695651795841226,0.17391303591682453,0.399999920000016,0.0,0.5384615384615384,19.0
037319563298,41.0,19.0,27.745481,1.1235902777777778,0.11179512924558005,0.0,0.0,1.9999980000020001,0.0,0.5588235294117647,16.0
03782226437e,78.0,23.0,7.148683,0.24489445454545453,0.14047209481287337,0.08695651795841226,0.17391303591682453,0.399999920000016,0.0,0.5384615384615384,19.0
03d45a4b8dcf,78.0,23.0,5.441845,0.17518886363636363,0.10243145731858495,0.08695651795841226,0.17391303591682453,0.399999920000016,0.0,0.5384615384615384,19.0
04007effd5b4,41.0,19.0,15.208507,0.5808988333333334,0.09860732612041384,0.0,0.0,1.9999980000020001,0.0,0.5588235294117647,16.0
0405dd3fef9a,78.0,23.0,19.473509,0.7179822727272728,0.6453919549247118,0.08695651795841226,0.17391303591682453,0.399999920000016,0.0,0.5384615384615384,19.0
041bc46a3596,41.0,19.0,29.421411,1.215331888888889,0.10300719855135701,0.0,0.0,1.9999980000020001,0.0,0.5588235294117647,16.0
041d1798343b,79.0,23.0,7.376523,0.2574840909090909,0.13920571488197195,0.08695651795841226,0.21739129489603065,0.33333327777778704,0.0,0.5384615384615384,19.0
0427112a72a0,41.0,19.0,40.913058,1.755839222222222,0.6804076932648159,0.0,0.0,1.9999980000020001,0.0,0.5588235294117647,16.0
0469c4e78094,78.0,23.0,30.343174,1.124324181818182,1.1486985185516376,0.08695651795841226,0.17391303591682453,0.399999920000016,0.0,0.5384615384615384,19.0
04a723deb04a,41.0,19.0,34.756342,1.4463345555555556,0.3790290321868455,0.0,0.0,1.9999980000020001,0.0,0.5588235294117647,16.0
04b4092c5f42,78.0,23.0,10.534392,0.37457440909090906,0.3064226412029259,0.08695651795841226,0.17391303591682453,0.399999920000016,0.0,0.5384615384615384,19.0
04b477fcc954,78.0,23.0,14.604349,0.5241098636363636,0.46667389799835657,0.08695651795841226,0.17391303591682453,0.399999920000016,0.0,0.5384615384615384,19.0
04bb19069fab,16.0,7.0,3.439062,0.146439,0.34437427874973475,0.4285713673469475,0.0,0.0,0.0,0.2857142857142857,6.0
04c5c3b15fda,78.0,23.0,5.458922,0.18071813636363634,0.08148990051785,0.08695651795841226,0.17391303591682453,0.399999920000016,0.0,0.5384615384615384,19.0
04f4f841f352,41.0,19.0,30.826835,1.1364955555555556,0.34386408697319426,0.0,0.0,1.9999980000020001,0.0,0.5588235294117647,16.0
05582df6e367,78.0,23.0,14.259541,0.5195061818181818,0.45547518276982285,0.08695651795841226,0.17391303591682453,0.399999920000016,0.0,0.5384615384615384,19.0
05aa6ae3df5e,78.0,23.0,46.313726,1.5518070454545454,1.5303358277587769,0.08695651795841226,0.17391303591682453,0.399999920000016,0.0,0.5384615384615384,19.0
05bf4a033ac2,78.0,23.0,5.657643,0.18800154545454548,0.09775312188449277,0.08695651795841226,0.17391303591682453,0.399999920000016,0.0,0.5384615384615384,19.0
05cc41fb4774,78.0,23.0,54.485071,2.1062005000000004,2.5888284812732563,0.08695651795841226,0.17391303591682453,0.399999920000016,0.0,0.5384615384615384,19.0
05cc77d4e836,41.0,19.0,33.551534,1.2510357777777779,0.37329266299869013,0.0,0.0,1.9999980000020001,0.0,0.5588235294117647,16.0
05eef00bf7e4,41.0,19.0,23.262157,0.9348082222222224,0.09468874781064388,0.0,0.0,1.9999980000020001,0.0,0.5588235294117647,16.0
063c6f6f1d33,7.0,1.0,5.944493,0.0,0.0,0.0,0.0,2.9999970000030003,0.0,1.0,1.0
064098e34463,41.0,19.0,30.259005,1.2397509999999998,0.22607179072898895,0.0,0.0,1.9999980000020001,0.0,0.5588235294117647,16.0
06716f4f2390,78.0,23.0,7.050711,0.22516113636363635,0.12075745241097977,0.08695651795841226,0.17391303591682453,0.399999920000016,0.0,0.5384615384615384,19.0
06743885af58,78.0,23.0,30.311554,1.1228191818181816,1.1303123678174156,0.08695651795841226,0.17391303591682453,0.399999920000016,0.0,0.5384615384615384,19.0
06813087a78c,78.0,23.0,34.964106,1.3031377272727271,1.32492630863471,0.08695651795841226,0.17391303591682453,0.399999920000016,0.0,0.5384615384615384,19.0
069b18357553,78.0,23.0,32.083064,1.1970785909090909,1.1650287922194662,0.08695651795841226,0.17391303591682453,0.399999920000016,0.0,0.5384615384615384,19.0
06b3ba84f738,78.0,23.0,18.675708,0.684186090909091,0.6348149007038275,0.08695651795841226,0.17391303591682453,0.399999920000016,0.0,0.5384615384615384,19.0
070d8b32c3d2,78.0,23.0,8.773073,0.3046928636363636,0.19467988744121303,0.08695651795841226,0.17391303591682453,0.399999920000016,0.0,0.5384615384615384,19.0
07160f792be4,79.0,23.0,34.83602,1.294770181818182,1.4208741694835223,0.08695651795841226,0.21739129489603065,0.33333327777778704,0.0,0.5384615384615384,19.0
07359f8d46b0,78.0,23.0,29.202679,1.0680459545454546,1.057363136460402,0.08695651795841226,0.17391303591682453,0.399999920000016,0.0,0.5384615384615384,19.0
0759fdf4ee12,41.0,19.0,12.59946,0.4779546666666666,0.0956835868628532,0.0,0.0,1.9999980000020001,0.0,0.5588235294117647,16.0
075be0cd546d,77.0,23.0,16.943465,0.6055775909090909,0.6060271147674012,0.08695651795841226,0.1304347769376184,0.49999987500003124,0.0,0.5384615384615384,19.0
078fa2109c18,41.0,19.0,30.924193,1.2207278888888888,0.18263192198224304,0.0,0.0,1.9999980000020001,0.0,0.5588235294117647,16.0
07a9b65880ca,41.0,19.0,26.465447,1.033125888888889,0.1587749315295781,0.0,0.0,1.9999980000020001,0.0,0.5588235294117647,16.0
07c81b6926f8,41.0,19.0,19.680991,0.7652118333333333,0.12922011999149996,0.0,0.0,1.9999980000020001,0.0,0.5588235294117647,16.0
08461ea5aa21,78.0,23.0,14.2476,0.5191580909090908,0.44349689717633756,0.08695651795841226,0.17391303591682453,0.399999920000016,0.0,0.5384615384615384,19.0
087742f0aa7e,78.0,23.0,24.01202,0.8896696363636363,0.8488095133308794,0.08695651795841226,0.17391303591682453,0.399999920000016,0.0,0.5384615384615384,19.0
088e483590ae,78.0,23.0,30.10101,1.1280127727272728,1.1828236047426004,0.08695651795841226,0.17391303591682453,0.399999920000016,0.0,0.5384615384615384,19.0
089352eee63c,41.0,19.0,14.263749,0.5365956666666667,0.0974666493343779,0.0,0.0,1.9999980000020001,0.0,0.5588235294117647,16.0
08d17b358968,78.0,23.0,14.031672,0.5111690454545454,0.4506471027814155,0.08695651795841226,0.17391303591682453,0.399999920000016,0.0,0.5384615384615384,19.0
0907459f7f10,77.0,23.0,23.731447,0.8751057727272726,0.9044439985131055,0.08695651795841226,0.1304347769376184,0.49999987500003124,0.0,0.5384615384615384,19.0
091dbe74a112,78.0,23.0,38.56224,1.4585074090909094,1.455395347811317,0.08695651795841226,0.17391303591682453,0.399999920000016,0.0,0.5384615384615384,19.0
0921f489d2bc,8.0,1.0,7.670259,0.0,0.0,0.0,0.0,1.9999980000020001,0.0,1.0,1.0
09450e51e30f,78.0,23.0,6.332324,0.21693990909090904,0.12031461234570015,0.08695651795841226,0.17391303591682453,0.399999920000016,0.0,0.5384615384615384,19.0
0948c715eb6a,41.0,19.0,6.567884,0.1780978888888889,0.041333808312735795,0.0,0.0,1.9999980000020001,0.0,0.5588235294117647,16.0
095e4cc7da38,78.0,23.0,13.44052,0.4855564090909091,0.41947008725370893,0.08695651795841226,0.17391303591682453,0.399999920000016,0.0,0.5384615384615384,19.0
09c6705958fc,78.0,23.0,30.522836,1.1310296818181818,1.2192723560584107,0.08695651795841226,0.17391303591682453,0.399999920000016,0.0,0.5384615384615384,19.0
09ce9056fe19,10.0,5.0,7.464786,0.99464525,0.2504346566703246,0.0,0.0,1.9999980000020001,0.0,0.19999999999999996,5.0
0a07a2c846ec,10.0,5.0,7.507562,0.6873830000000001,0.00929895632136569,0.0,0.0,1.9999980000020001,0.0,0.19999999999999996,5.0
0a1f7b061f3f,41.0,19.0,14.511976,0.5476558333333333,0.11053246281589431,0.0,0.0,1.9999980000020001,0.0,0.5588235294117647,16.0
0a2b73660cea,78.0,23.0,32.039105,1.194874318181818,1.2039732040109998,0.08695651795841226,0.17391303591682453,0.399999920000016,0.0,0.5384615384615384,19.0
0a36cfe6cebc,78.0,23.0,7.192419,0.24282336363636367,0.12524497393263045,0.08695651795841226,0.17391303591682453,0.399999920000016,0.0,0.5384615384615384,19.0
0a64a2d1f488,41.0,19.0,5.728845,0.18842699999999998,0.05083248409409548,0.0,0.0,1.9999980000020001,0.0,0.5588235294117647,16.0
0a93000d4788,41.0,19.0,39.354171,1.4848554444444444,0.5503985759255284,0.0,0.0,1.9999980000020001,0.0,0.5588235294117647,16.0
0acf0314e3bb,41.0,19.0,10.303188,0.4356643888888889,0.06152294444986395,0.0,0.0,1.9999980000020001,0.0,0.5588235294117647,16.0
0ae41934112c,79.0,23.0,14.547179,0.5163213181818181,0.4243910711032125,0.08695651795841226,0.21739129489603065,0.33333327777778704,0.0,0.5384615384615384,19.0
0af07dbde0ae,78.0,23.0,20.268581,0.7261362272727273,0.700438538897762,0.08695651795841226,0.17391303591682453,0.399999920000016,0.0,0.5384615384615384,19.0
0b0cafc576f1,78.0,23.0,35.910503,1.3455762272727274,1.580355883514606,0.08695651795841226,0.17391303591682453,0.399999920000016,0.0,0.5384615384615384,19.0
0b2839d7991d,78.0,23.0,35.632888,1.2928728636363636,1.460917680148119,0.08695651795841226,0.17391303591682453,0.399999920000016,0.0,0.5384615384615384,19.0
0b3296c7709d,20.0,10.0,4.890877,0.17322633333333334,0.15787677857905513,0.299999970000003,0.0,1.9999980000020001,0.6666664444445185,0.15384615384615385,12.0
0b3526af815b,77.0,23.0,35.057442,1.3322485454545454,1.5478863799943066,0.08695651795841226,0.1304347769376184,0.49999987500003124,0.0,0.5384615384615384,19.0
0b751e565b89,8.0,1.0,5.524652,0.0,0.0,0.0,0.0,1.9999980000020001,0.0,1.0,1.0
0ba74585a42b,41.0,19.0,26.678818,1.0957008888888888,0.10117853986882261,0.0,0.0,1.9999980000020001,0.0,0.5588235294117647,16.0
0baf8045c283,77.0,23.0,41.59868,1.5589202272727272,1.9670604872036594,0.08695651795841226,0.1304347769376184,0.49999987500003124,0.0,0.5384615384615384,19.0
0bb26e2fe610,78.0,23.0,5.818626,0.19093013636363637,0.10877843394467816,0.08695651795841226,0.17391303591682453,0.399999920000016,0.0,0.5384615384615384,19.0
0bd753348130,78.0,23.0,6.843749,0.21315913636363637,0.10865391920102296,0.08695651795841226,0.17391303591682453,0.399999920000016,0.0,0.5384615384615384,19.0
0c03ffe02a11,78.0,23.0,20.700404,0.7587942727272726,0.7112588443032122,0.08695651795841226,0.17391303591682453,0.399999920000016,0.0,0.5384615384615384,19.0
0c0fb3733c7d,78.0,23.0,31.618311,1.1675457727272727,1.1915022972702083,0.08695651795841226,0.17391303591682453,0.399999920000016,0.0,0.5384615384615384,19.0
0c2a06bfd90d,78.0,23.0,32.13069,1.204499090909091,1.2467106881262695,0.08695651795841226,0.17391303591682453,0.399999920000016,0.0,0.5384615384615384,19.0
0c338c135675,10.0,5.0,8.053986,0.9494,0.0022821079436930085,0.0,0.0,1.9999980000020001,0.0,0.19999999999999996,5.0
0cabf29391a4,78.0,23.0,17.215817,0.6312678181818183,0.5899382186413886,0.08695651795841226,0.17391303591682453,0.399999920000016,0.0,0.5384615384615384,19.0
0cc54d2060f6,78.0,23.0,20.203658,0.7629489090909091,0.7835885971132404,0.08695651795841226,0.17391303591682453,0.399999920000016,0.0,0.5384615384615384,19.0
0cecc00b3db6,41.0,19.0,15.204693,0.6264872777777778,0.054165154488846914,0.0,0.0,1.9999980000020001,0.0,0.5588235294117647,16.0
0d0272b8955b,77.0,23.0,24.26067,0.8935750454545454,0.8799615922258294,0.08695651795841226,0.1304347769376184,0.49999987500003124,0.0,0.5384615384615384,19.0
0d0eeed3be1a,78.0,23.0,19.906386,0.7352711818181817,0.6704091834350575,0.08695651795841226,0.17391303591682453,0.399999920000016,0.0,0.5384615384615384,19.0
0d1d7a1cecf6,41.0,19.0,33.666111,1.371952888888889,0.3113670465906358,0.0,0.0,1.9999980000020001,0.0,0.5588235294117647,16.0
0d3112ced252,77.0,23.0,39.035241,1.4264429545454547,1.271761507256334,0.08695651795841226,0.1304347769376184,0.49999987500003124,0.0,0.5384615384615384,19.0
0d3a1329e476,78.0,23.0,33.60477,1.2403965454545456,1.1856478291755674,0.08695651795841226,0.17391303591682453,0.399999920000016,0.0,0.5384615384615384,19.0
0d68abd74d65,9.0,1.0,4.01252,0.0,0.0,0.0,0.9999990000010001,0.99999950000025,0.0,0.5,2.0
0d7a42f8c1d0,78.0,23.0,14.256622,0.5217664090909092,0.4270968712933156,0.08695651795841226,0.17391303591682453,0.399999920000016,0.0,0.5384615384615384,19.0
0d876730155f,78.0,23.0,16.604886,0.5916099545454545,0.5321086332194884,0.08695651795841226,0.17391303591682453,0.399999920000016,0.0,0.5384615384615384,19.0
0d8a3652d4e4,78.0,23.0,14.293386,0.5156477727272728,0.4773810799818738,0.08695651795841226,0.17391303591682453,0.399999920000016,0.0,0.5384615384615384,19.0
0d966fad796f,78.0,23.0,38.986726,1.2890600454545451,1.5742500901117962,0.08695651795841226,0.17391303591682453,0.399999920000016,0.0,0.5384615384615384,19.0
0da4d94e83ab,78.0,23.0,31.172676,1.1573933181818183,1.3535127252078776,0.08695651795841226,0.17391303591682453,0.399999920000016,0.0,0.5384615384615384,19.0
0dab3e1d242a,78.0,23.0,19.251515,0.7088463636363636,0.648966036722632,0.08695651795841226,0.17391303591682453,0.399999920000016,0.0,0.5384615384615384,19.0
0db5add20a5c,78.0,23.0,19.955703,0.7359352272727274,0.693040493453506,0.08695651795841226,0.17391303591682453,0.399999920000016,0.0,0.5384615384615384,19.0
0dbe00df5419,78.0,23.0,6.6603259999999995,0.2259785,0.14452748682442976,0.08695651795841226,0.17391303591682453,0.399999920000016,0.0,0.5384615384615384,19.0
0e0a22220fb6,41.0,19.0,39.579066,1.6195188333333335,0.4243626622070339,0.0,0.0,1.9999980000020001,0.0,0.5588235294117647,16.0
0e2a4355b7d2,78.0,23.0,54.670253,1.8337625909090909,1.4590275063401341,0.08695651795841226,0.17391303591682453,0.399999920000016,0.0,0.5384615384615384,19.0
0e7c3f2b7aaf,41.0,19.0,31.002985,1.1733786666666666,0.24603423723897594,0.0,0.0,1.9999980000020001,0.0,0.5588235294117647,16.0
0e85aabfe311,79.0,23.0,22.373158,0.8059924090909092,0.6780841825767133,0.08695651795841226,0.21739129489603065,0.33333327777778704,0.0,0.5384615384615384,19.0
0edebbb12778,78.0,23.0,31.286488,1.1563370909090909,1.1705243795923632,0.08695651795841226,0.17391303591682453,0.399999920000016,0.0,0.5384615384615384,19.0
0ef31e256b48,78.0,23.0,28.311367,1.0333133636363636,1.0331003245486972,0.08695651795841226,0.17391303591682453,0.399999920000016,0.0,0.5384615384615384,19.0
0f47a0c4bfe1,77.0,23.0,31.19651,1.1675537727272725,1.1668750291438743,0.08695651795841226,0.1304347769376184,0.49999987500003124,0.0,0.5384615384615384,19.0
0f4e0090cc3b,77.0,23.0,33.369551,1.2313405,1.2400107968120104,0.08695651795841226,0.1304347769376184,0.49999987500003124,0.0,0.5384615384615384,19.0
0f8b534edffe,10.0,5.0,2.303324,0.299593,0.007585002614809489,0.0,0.0,1.9999980000020001,0.0,0.19999999999999996,5.0
0f96c55f13c6,78.0,23.0,16.834762,0.6116778636363638,0.5487886348800025,0.08695651795841226,0.17391303591682453,0.399999920000016,0.0,0.5384615384615384,19.0
0fb1ba1de3f7,41.0,19.0,33.764542,1.3392937222222223,0.18723003821370793,0.0,0.0,1.9999980000020001,0.0,0.5588235294117647,16.0
0fc080f3b66d,41.0,19.0,18.840147,0.7630632222222222,0.07607009751813325,0.0,0.0,1.9999980000020001,0.0,0.5588235294117647,16.0
0fc12b3e1027,42.0,19.0,78.028044,3.7430441111111117,5.10792775197343,0.0,0.0,1.9999980000020001,0.0,0.5588235294117647,16.0
0fecc142ebae,78.0,23.0,32.455463,1.2192476818181817,1.338307736338708,0.08695651795841226,0.17391303591682453,0.399999920000016,0.0,0.5384615384615384,19.0
0fef8099dbad,78.0,23.0,15.394663,0.5544643181818182,0.4723143516034721,0.08695651795841226,0.17391303591682453,0.399999920000016,0.0,0.5384615384615384,19.0
10180fa90970,78.0,23.0,7.062622,0.24513427272727276,0.18803771210209072,0.08695651795841226,0.17391303591682453,0.399999920000016,0.0,0.5384615384615384,19.0
106526786c9a,41.0,19.0,27.426372,1.0687003333333331,0.15026173891893163,0.0,0.0,1.9999980000020001,0.0,0.5588235294117647,16.0
108bde292c75,41.0,19.0,6.204738,0.21529094444444447,0.0532129111925383,0.0,0.0,1.9999980000020001,0.0,0.5588235294117647,16.0
109bfbfe61ea,77.0,23.0,16.970303,0.616554,0.6234126782258779,0.08695651795841226,0.1304347769376184,0.49999987500003124,0.0,0.5384615384615384,19.0
10a124a6965a,78.0,23.0,36.803772,1.3789505454545452,1.4764831977902513,0.08695651795841226,0.17391303591682453,0.399999920000016,0.0,0.5384615384615384,19.0
10a16aa84779,78.0,23.0,6.021484,0.2064677272727273,0.09353443497103434,0.08695651795841226,0.17391303591682453,0.399999920000016,0.0,0.5384615384615384,19.0
10a5fd75a68a,78.0,23.0,33.060097,1.2409744090909087,1.167103622358507,0.08695651795841226,0.17391303591682453,0.399999920000016,0.0,0.5384615384615384,19.0
10c0dfad49fd,78.0,23.0,6.6128160000000005,0.22851418181818178,0.14002943125018785,0.08695651795841226,0.17391303591682453,0.399999920000016,0.0,0.5384615384615384,19.0
10c1cab40544,78.0,23.0,14.378037,0.5236015454545455,0.5221444923083782,0.08695651795841226,0.17391303591682453,0.399999920000016,0.0,0.5384615384615384,19.0
10e7e324f350,41.0,19.0,26.80923,1.0507139444444444,0.16050154801616393,0.0,0.0,1.9999980000020001,0.0,0.5588235294117647,16.0
1106f4ab9072,78.0,23.0,38.277374,1.3871085454545453,1.7799286240547942,0.08695651795841226,0.17391303591682453,0.399999920000016,0.0,0.5384615384615384,19.0
111033d6c447,78.0,23.0,10.627544,0.3810391818181818,0.2894984438949274,0.08695651795841226,0.17391303591682453,0.399999920000016,0.0,0.5384615384615384,19.0
111d0a18a755,78.0,23.0,32.380465,1.202697,1.1922382087325942,0.08695651795841226,0.17391303591682453,0.399999920000016,0.0,0.5384615384615384,19.0
117acafa56a2,41.0,19.0,30.22076,1.1850076111111114,0.1712488406175057,0.0,0.0,1.9999980000020001,0.0,0.5588235294117647,16.0
118a70d8bf1d,77.0,23.0,6.947744,0.23735936363636362,0.14170119846035026,0.08695651795841226,0.1304347769376184,0.49999987500003124,0.0,0.5384615384615384,19.0
11ef90587c11,79.0,23.0,16.116022,0.5705670454545454,0.4701726942168091,0.08695651795841226,0.21739129489603065,0.33333327777778704,0.0,0.5384615384615384,19.0
11efa9f56538,78.0,23.0,9.771931,0.35037895454545454,0.2569091693982576,0.08695651795841226,0.17391303591682453,0.399999920000016,0.0,0.5384615384615384,19.0
120c8bf33c59,78.0,23.0,17.823557,0.6554866363636364,0.6190444500175862,0.08695651795841226,0.17391303591682453,0.399999920000016,0.0,0.5384615384615384,19.0
125295907b5c,41.0,19.0,7.921113,0.28664761111111114,0.06995867053620167,0.0,0.0,1.9999980000020001,0.0,0.5588235294117647,16.0
12738dfb2876,78.0,23.0,19.355135,0.707658409090909,0.6369027689754805,0.08695651795841226,0.17391303591682453,0.399999920000016,0.0,0.5384615384615384,19.0
127c0d84819a,78.0,23.0,35.231843,1.354345090909091,2.0436879501339384,0.08695651795841226,0.17391303591682453,0.399999920000016,0.0,0.5384615384615384,19.0
129909779608,78.0,23.0,32.302958,1.1852066818181817,1.211247679369948,0.08695651795841226,0.17391303591682453,0.399999920000016,0.0,0.5384615384615384,19.0
12d898860497,79.0,23.0,38.191991,1.4031111363636364,1.7308452690670093,0.08695651795841226,0.21739129489603065,0.33333327777778704,0.0,0.5384615384615384,19.0
12e207e0e586,78.0,23.0,6.962174,0.24071836363636365,0.12425847669409787,0.08695651795841226,0.17391303591682453,0.399999920000016,0.0,0.5384615384615384,19.0
13001da064b2,78.0,23.0,5.378227,0.17410072727272727,0.07347600890033479,0.08695651795841226,0.17391303591682453,0.399999920000016,0.0,0.5384615384615384,19.0
1324a6ed1b3c,41.0,19.0,12.769415,0.48151805555555555,0.08668707636461037,0.0,0.0,1.9999980000020001,0.0,0.5588235294117647,16.0
134fb2b9432a,78.0,23.0,19.426381,0.7130465,0.6652568413292754,0.08695651795841226,0.17391303591682453,0.399999920000016,0.0,0.5384615384615384,19.0
1356088e046e,78.0,23.0,8.970298,0.3046326818181818,0.27690546882841516,0.08695651795841226,0.17391303591682453,0.399999920000016,0.0,0.5384615384615384,19.0
135f923ac941,41.0,19.0,26.532385,1.0278173333333334,0.11295786503877296,0.0,0.0,1.9999980000020001,0.0,0.5588235294117647,16.0
136e759cdb24,78.0,23.0,31.742071,1.1784963636363637,1.1886168122339489,0.08695651795841226,0.17391303591682453,0.399999920000016,0.0,0.5384615384615384,19.0
137134859640,78.0,23.0,21.618876,0.7948141363636364,0.7833449523497535,0.08695651795841226,0.17391303591682453,0.399999920000016,0.0,0.5384615384615384,19.0
13842fd45538,41.0,19.0,16.97323,0.6488132222222224,0.1024255990661776,0.0,0.0,1.9999980000020001,0.0,0.5588235294117647,16.0
13b1eedd5924,78.0,23.0,19.6039,0.719638590909091,0.7989356001523681,0.08695651795841226,0.17391303591682453,0.399999920000016,0.0,0.5384615384615384,19.0
13b2f52df9df,78.0,23.0,6.205659,0.21108022727272724,0.1019274556777804,0.08695651795841226,0.17391303591682453,0.399999920000016,0.0,0.5384615384615384,19.0
13ce12abf973,41.0,19.0,14.905078,0.5708669444444445,0.10574747366108854,0.0,0.0,1.9999980000020001,0.0,0.5588235294117647,16.0
140b607120e7,78.0,23.0,14.737009,0.5408042727272727,0.44594184343703075,0.08695651795841226,0.17391303591682453,0.399999920000016,0.0,0.5384615384615384,19.0
140f40a85ce6,78.0,23.0,8.647252,0.30398659090909086,0.20713265235216713,0.08695651795841226,0.17391303591682453,0.399999920000016,0.0,0.5384615384615384,19.0
1429e863c239,41.0,19.0,53.160608,1.7371036111111111,0.6550173696097584,0.0,0.0,1.9999980000020001,0.0,0.5588235294117647,16.0
1459db3435df,41.0,19.0,35.440642,1.4000252222222223,0.1937652046957122,0.0,0.0,1.9999980000020001,0.0,0.5588235294117647,16.0
1475d7387dec,78.0,23.0,19.246041,0.7094440000000001,0.6477960906136173,0.08695651795841226,0.17391303591682453,0.399999920000016,0.0,0.5384615384615384,19.0
14c9ade1dd65,78.0,23.0,33.250306,1.2392755454545457,1.2099600893766518,0.08695651795841226,0.17391303591682453,0.399999920000016,0.0,0.5384615384615384,19.0
14d89d04422f,41.0,19.0,30.881441,1.2518719999999999,0.11605674629299947,0.0,0.0,1.9999980000020001,0.0,0.5588235294117647,16.0
14f25adc1af8,78.0,23.0,7.373298,0.2539393181818182,0.15640820513776685,0.08695651795841226,0.17391303591682453,0.399999920000016,0.0,0.5384615384615384,19.0
1542a91902a4,78.0,23.0,8.532714,0.2983845,0.21000748893080887,0.08695651795841226,0.17391303591682453,0.399999920000016,0.0,0.5384615384615384,19.0
154a369e8e0d,78.0,23.0,35.04751,1.212262,1.2780188381329758,0.08695651795841226,0.17391303591682453,0.399999920000016,0.0,0.5384615384615384,19.0
155fe9060e07,78.0,23.0,14.947884,0.5501144090909093,0.5279732734277965,0.08695651795841226,0.17391303591682453,0.399999920000016,0.0,0.5384615384615384,19.0
15704e7cc701,8.0,1.0,5.507408,0.0,0.0,0.0,0.0,1.9999980000020001,0.0,1.0,1.0
157966ec79f0,78.0,23.0,25.217956,0.9318430454545453,0.9182165843891016,0.08695651795841226,0.17391303591682453,0.399999920000016,0.0,0.5384615384615384,19.0
157d62fdb27d,41.0,19.0,5.686102,0.19689855555555555,0.048981055759551174,0.0,0.0,1.9999980000020001,0.0,0.5588235294117647,16.0
15c52d558d0c,78.0,23.0,33.053943,1.255021,1.0666590384027974,0.08695651795841226,0.17391303591682453,0.399999920000016,0.0,0.5384615384615384,19.0
15cefa5c9935,41.0,19.0,7.831078,0.2759803888888889,0.06986046768771129,0.0,0.0,1.9999980000020001,0.0,0.5588235294117647,16.0
15f0f13959bc,78.0,23.0,21.224239,0.766540590909091,0.7285472037723044,0.08695651795841226,0.17391303591682453,0.399999920000016,0.0,0.5384615384615384,19.0
161007b3cf29,41.0,19.0,12.758084,0.47868727777777775,0.08572033417821108,0.0,0.0,1.9999980000020001,0.0,0.5588235294117647,16.0
1616c2020b58,78.0,23.0,31.85911,1.1818183181818183,1.1937644811108454,0.08695651795841226,0.17391303591682453,0.399999920000016,0.0,0.5384615384615384,19.0
164ab2c1bc55,9.0,2.0,17.233442,0.091158,,0.0,0.499999750000125,0.0,0.0,0.75,2.0
16646c3f6250,78.0,23.0,30.102614,1.1256534545454544,1.1614260668597085,0.08695651795841226,0.17391303591682453,0.399999920000016,0.0,0.5384615384615384,19.0
16b9a4a077c6,78.0,23.0,20.147651,0.7450870454545455,0.659916972214902,0.08695651795841226,0.17391303591682453,0.399999920000016,0.0,0.5384615384615384,19.0
16f5ccd56299,78.0,23.0,20.473988,0.7683109545454546,0.9769146766519814,0.08695651795841226,0.17391303591682453,0.399999920000016,0.0,0.5384615384615384,19.0
1700fc1d5ac6,18.0,10.0,2.1325979999999998,0.11832211111111111,0.10501008969075834,0.299999970000003,0.0,0.0,0.0,0.15384615384615385,12.0
173c3bd8f5e9,78.0,23.0,17.143218,0.6268780454545454,0.5971893570338654,0.08695651795841226,0.17391303591682453,0.399999920000016,0.0,0.5384615384615384,19.0
1768152c96f0,78.0,23.0,13.866692,0.5028658181818183,0.423712936394513,0.08695651795841226,0.17391303591682453,0.399999920000016,0.0,0.5384615384615384,19.0
178704ccfd97,10.0,5.0,7.705574,1.0590252500000001,0.0031965387921937976,0.0,0.0,1.9999980000020001,0.0,0.19999999999999996,5.0
17a5e37e6633,41.0,19.0,12.196536,0.45893316666666667,0.08416223658139292,0.0,0.0,1.9999980000020001,0.0,0.5588235294117647,16.0
17b18f61a931,78.0,23.0,36.481813,1.3800576363636365,1.7992934402374925,0.08695651795841226,0.17391303591682453,0.399999920000016,0.0,0.5384615384615384,19.0
17cfbd0dbd63,20.0,10.0,1.497495,0.04999022222222222,0.043852971817135086,0.299999970000003,0.0,1.9999980000020001,0.6666664444445185,0.15384615384615385,12.0
17f22304173d,78.0,23.0,8.508609,0.2937087727272727,0.19025816832973028,0.08695651795841226,0.17391303591682453,0.399999920000016,0.0,0.5384615384615384,19.0
18069356eda0,79.0,23.0,14.423606,0.5182831818181818,0.43749593340560505,0.08695651795841226,0.21739129489603065,0.33333327777778704,0.0,0.5384615384615384,19.0
180e5202e679,78.0,23.0,5.173637,0.17028945454545452,0.0808193534917916,0.08695651795841226,0.17391303591682453,0.399999920000016,0.0,0.5384615384615384,19.0
18123b99a37d,78.0,23.0,39.124297,1.4711068181818183,1.6918307361297684,0.08695651795841226,0.17391303591682453,0.399999920000016,0.0,0.5384615384615384,19.0
181ee4d52d94,80.0,23.0,19.443989,0.6928915454545455,0.5733234456602866,0.08695651795841226,0.2608695538752368,0.285714244897965,0.0,0.5384615384615384,19.0
182e8d87f31e,78.0,23.0,33.934186,1.2693147272727272,1.1657859171841434,0.08695651795841226,0.17391303591682453,0.399999920000016,0.0,0.5384615384615384,19.0
185693df0f37,78.0,23.0,6.140371,0.20541063636363635,0.15247609245466132,0.08695651795841226,0.17391303591682453,0.399999920000016,0.0,0.5384615384615384,19.0
1886b7cbca17,78.0,23.0,28.670034,1.0673818181818182,1.0649888419311135,0.08695651795841226,0.17391303591682453,0.399999920000016,0.0,0.5384615384615384,19.0
18c652904354,78.0,23.0,33.302891,1.2008775,1.3325492973067952,0.08695651795841226,0.17391303591682453,0.399999920000016,0.0,0.5384615384615384,19.0
18c942c9156c,78.0,23.0,5.612767,0.18570981818181817,0.10270543369806791,0.08695651795841226,0.17391303591682453,0.399999920000016,0.0,0.5384615384615384,19.0
18fc9461f0c6,78.0,23.0,6.471857,0.22580931818181824,0.10520892580158071,0.08695651795841226,0.17391303591682453,0.399999920000016,0.0,0.5384615384615384,19.0
1917eeb6e5c4,78.0,23.0,14.564019,0.5296542272727273,0.4406739259994889,0.08695651795841226,0.17391303591682453,0.399999920000016,0.0,0.5384615384615384,19.0
19625046f5c2,78.0,23.0,34.865742,1.2815804999999998,1.51391490511923,0.08695651795841226,0.17391303591682453,0.399999920000016,0.0,0.5384615384615384,19.0
1967295f60b5,78.0,23.0,30.673081,1.1262335454545456,1.159087710734887,0.08695651795841226,0.17391303591682453,0.399999920000016,0.0,0.5384615384615384,19.0
1968a1acd8a0,41.0,19.0,18.586053,0.7528387777777777,0.08358396592406209,0.0,0.0,1.9999980000020001,0.0,0.5588235294117647,16.0
1969fe560760,78.0,23.0,13.400726,0.4822626363636363,0.41776494758627875,0.08695651795841226,0.17391303591682453,0.399999920000016,0.0,0.5384615384615384,19.0
198957c5b79b,78.0,23.0,38.373062,1.3991941363636362,1.3933325098343416,0.08695651795841226,0.17391303591682453,0.399999920000016,0.0,0.5384615384615384,19.0
19dd085bda5a,78.0,23.0,19.605289,0.7276398181818183,0.7557758972738283,0.08695651795841226,0.17391303591682453,0.399999920000016,0.0,0.5384615384615384,19.0
1ab264396bbf,78.0,23.0,32.203117,1.1966046363636365,1.2369756556669653,0.08695651795841226,0.17391303591682453,0.399999920000016,0.0,0.5384615384615384,19.0
1ab9e992912e,78.0,23.0,17.56257,0.6424483636363636,0.5790661724684754,0.08695651795841226,0.17391303591682453,0.399999920000016,0.0,0.5384615384615384,19.0
1ac156cdbc36,78.0,23.0,33.44872,1.2499331818181818,1.2196271313901692,0.08695651795841226,0.17391303591682453,0.399999920000016,0.0,0.5384615384615384,19.0
1af66a54357f,41.0,19.0,35.094759,1.3409659444444442,0.32372632349117736,0.0,0.0,1.9999980000020001,0.0,0.5588235294117647,16.0
1b39ec3b149e,41.0,19.0,32.211554,1.264498388888889,0.19531962251597007,0.0,0.0,1.9999980000020001,0.0,0.5588235294117647,16.0
1b4b3b1b20e1,7.0,1.0,2.6806140000000003,0.0,0.0,0.0,0.0,1.9999980000020001,0.0,1.0,1.0
1b5b18279cad,77.0,23.0,29.429657,1.0857875454545456,1.095110677496886,0.08695651795841226,0.1304347769376184,0.49999987500003124,0.0,0.5384615384615384,19.0
1b74f9e2b0ba,78.0,23.0,8.742084,0.29920059090909085,0.23151786272227753,0.08695651795841226,0.17391303591682453,0.399999920000016,0.0,0.5384615384615384,19.0
1b75686270f8,78.0,23.0,31.89723,1.1834771818181817,1.1773874304101326,0.08695651795841226,0.17391303591682453,0.399999920000016,0.0,0.5384615384615384,19.0
1c0da9f2cb19,78.0,23.0,6.374212,0.22094527272727274,0.1258173212237571,0.08695651795841226,0.17391303591682453,0.399999920000016,0.0,0.5384615384615384,19.0
1c11f870204d,19.0,10.0,4.306698,0.19757733333333335,0.18162095222261665,0.299999970000003,0.0,0.9999990000010001,0.499999750000125,0.15384615384615385,12.0
1c294d8a110d,41.0,19.0,13.157472,0.5469128333333333,0.04837881514519492,0.0,0.0,1.9999980000020001,0.0,0.5588235294117647,16.0
1c612dbe557c,78.0,23.0,30.881961,1.1480103181818182,1.1529113627421002,0.08695651795841226,0.17391303591682453,0.399999920000016,0.0,0.5384615384615384,19.0
1c6486049968,78.0,23.0,32.210376,1.2097285,1.278322734910821,0.08695651795841226,0.17391303591682453,0.399999920000016,0.0,0.5384615384615384,19.0
1ca789b61d9e,78.0,23.0,10.230061,0.37164336363636363,0.3080737283090566,0.08695651795841226,0.17391303591682453,0.399999920000016,0.0,0.5384615384615384,19.0
1cac32b2c561,78.0,23.0,18.504255,0.6915580000000001,0.6385168083172276,0.08695651795841226,0.17391303591682453,0.399999920000016,0.0,0.5384615384615384,19.0
1cf9c68521c1,78.0,23.0,14.052143,0.515001409090909,0.4142836769981535,0.08695651795841226,0.17391303591682453,0.399999920000016,0.0,0.5384615384615384,19.0
1d0eb5b6573c,79.0,23.0,30.467267,1.1273908636363636,1.147239220558986,0.08695651795841226,0.21739129489603065,0.33333327777778704,0.0,0.5384615384615384,19.0
1d1e74b4a0b7,41.0,19.0,33.302949,1.2832685000000001,0.3177226161372341,0.0,0.0,1.9999980000020001,0.0,0.5588235294117647,16.0
1d1f13e2d2e8,78.0,23.0,19.307068,0.7096608636363636,0.6565890881975753,0.08695651795841226,0.17391303591682453,0.399999920000016,0.0,0.5384615384615384,19.0
1d46c34df4e8,78.0,23.0,39.175369,1.4611247727272727,1.5625799034741028,0.08695651795841226,0.17391303591682453,0.399999920000016,0.0,0.5384615384615384,19.0
1daa6a71532c,78.0,23.0,23.410029,0.8694113636363638,0.8379840316917366,0.08695651795841226,0.17391303591682453,0.399999920000016,0.0,0.5384615384615384,19.0
1dc18f5ca7c6,78.0,23.0,8.516904,0.30020240909090906,0.19170844478521945,0.08695651795841226,0.17391303591682453,0.399999920000016,0.0,0.5384615384615384,19.0
1dc57e84f400,78.0,23.0,13.562969,0.486901,0.40462048856910937,0.08695651795841226,0.17391303591682453,0.399999920000016,0.0,0.5384615384615384,19.0
1de21fe5634a,41.0,19.0,6.565545,0.2050884444444444,0.052272566430228144,0.0,0.0,1.9999980000020001,0.0,0.5588235294117647,16.0
1df26c6bdd1f,78.0,23.0,38.539675,1.2829226818181818,1.3287703626967582,0.08695651795841226,0.17391303591682453,0.399999920000016,0.0,0.5384615384615384,19.0
1e0888629ec6,78.0,23.0,37.86613,1.452051090909091,2.2194236856821083,0.08695651795841226,0.17391303591682453,0.399999920000016,0.0,0.5384615384615384,19.0
1e0d4fdf1418,78.0,23.0,8.137665,0.2902603181818182,0.2714290005366459,0.08695651795841226,0.17391303591682453,0.399999920000016,0.0,0.5384615384615384,19.0
1e1a557b41ca,78.0,23.0,24.085507,0.8888578636363637,0.8578967341549578,0.08695651795841226,0.17391303591682453,0.399999920000016,0.0,0.5384615384615384,19.0
1e320b042001,8.0,1.0,91.153211,0.0,0.0,0.0,0.0,1.9999980000020001,0.0,1.0,1.0
1e87a16d3cc0,78.0,23.0,47.216156,1.7248018636363638,2.4398505491382494,0.08695651795841226,0.17391303591682453,0.399999920000016,0.0,0.5384615384615384,19.0
1e8a060a05f6,80.0,23.0,16.752248,0.553957,0.7929918721385544,0.08695651795841226,0.2608695538752368,0.285714244897965,0.0,0.5384615384615384,19.0
1ea2f8459fb1,78.0,23.0,33.068818,1.2384791363636363,1.192833237911011,0.08695651795841226,0.17391303591682453,0.399999920000016,0.0,0.5384615384615384,19.0
1ed246af2e26,78.0,23.0,27.915563,1.0306305909090907,1.0233123001871194,0.08695651795841226,0.17391303591682453,0.399999920000016,0.0,0.5384615384615384,19.0
1ee3b9eaf10f,78.0,23.0,29.090968,1.0802028636363639,1.0953427690203514,0.08695651795841226,0.17391303591682453,0.399999920000016,0.0,0.5384615384615384,19.0
1ee49acca334,106.0,50.0,234.696728,4.674806183673469,10.979385702556243,0.0,0.0,2.9999970000030003,0.0,0.98,2.0
1ef69d3089ea,9.0,2.0,17.220238,0.079913,,0.0,0.499999750000125,0.0,0.0,0.75,2.0
1f00de73bf36,41.0,19.0,25.881831,1.0583523333333333,0.2508795424466397,0.0,0.0,1.9999980000020001,0.0,0.5588235294117647,16.0
1f031b6829ed,78.0,23.0,18.728373,0.6803038181818184,0.6476408498629496,0.08695651795841226,0.17391303591682453,0.399999920000016,0.0,0.5384615384615384,19.0
1f46f97cfc50,78.0,23.0,39.04881,1.4788524545454544,1.7454561322313356,0.08695651795841226,0.17391303591682453,0.399999920000016,0.0,0.5384615384615384,19.0
1f5ab194fb1c,78.0,23.0,10.751357,0.41340177272727274,0.6098963228280949,0.08695651795841226,0.17391303591682453,0.399999920000016,0.0,0.5384615384615384,19.0
1f5facceac1f,80.0,23.0,37.54021,1.4011301818181818,1.947324127367986,0.08695651795841226,0.2608695538752368,0.285714244897965,0.0,0.5384615384615384,19.0
1f8915ceb793,41.0,19.0,5.37666,0.14633661111111113,0.03422961168025494,0.0,0.0,1.9999980000020001,0.0,0.5588235294117647,16.0
1faaa6ccbaf8,78.0,23.0,14.704883,0.5377833181818181,0.4535676478075303,0.08695651795841226,0.17391303591682453,0.399999920000016,0.0,0.5384615384615384,19.0
1fdbf5a9388c,41.0,19.0,10.138958,0.34423905555555556,0.05801122039183173,0.0,0.0,1.9999980000020001,0.0,0.5588235294117647,16.0
1fe17c0ee5bd,78.0,23.0,6.210074,0.20847872727272723,0.11299082614391301,0.08695651795841226,0.17391303591682453,0.399999920000016,0.0,0.5384615384615384,19.0
201294c106ce,78.0,23.0,29.99914,1.111634909090909,1.1273864332220493,0.08695651795841226,0.17391303591682453,0.399999920000016,0.0,0.5384615384615384,19.0
20e1b8bf1a80,78.0,23.0,29.865797,1.1091803636363637,1.1160490567699946,0.08695651795841226,0.17391303591682453,0.399999920000016,0.0,0.5384615384615384,19.0
21988533fb95,78.0,23.0,5.657755,0.18626227272727272,0.10525056525996014,0.08695651795841226,0.17391303591682453,0.399999920000016,0.0,0.5384615384615384,19.0
21b1fd496853,78.0,23.0,36.181451,1.3811963636363638,1.444842811624274,0.08695651795841226,0.17391303591682453,0.399999920000016,0.0,0.5384615384615384,19.0
2206edba41bf,77.0,23.0,28.706063,1.0605098636363637,1.0397111944584052,0.08695651795841226,0.1304347769376184,0.49999987500003124,0.0,0.5384615384615384,19.0
221b2a830f19,18.0,10.0,2.997814,0.1771022222222222,0.163001111999104,0.299999970000003,0.0,0.0,0.0,0.15384615384615385,12.0
2245b5376308,78.0,23.0,5.9378589999999996,0.197619,0.10612207896613805,0.08695651795841226,0.17391303591682453,0.399999920000016,0.0,0.5384615384615384,19.0
22750492e638,7.0,1.0,0.477713,0.0,0.0,0.0,0.0,1.9999980000020001,0.0,1.0,1.0
229095199399,78.0,23.0,24.587383,0.9039429090909091,0.8678214166084386,0.08695651795841226,0.17391303591682453,0.399999920000016,0.0,0.5384615384615384,19.0
2298060383e0,41.0,19.0,25.089307,0.9719524999999999,0.1561862485824687,0.0,0.0,1.9999980000020001,0.0,0.5588235294117647,16.0
22fc9dad70d9,78.0,23.0,13.497448,0.4875340454545455,0.4053073920518289,0.08695651795841226,0.17391303591682453,0.399999920000016,0.0,0.5384615384615384,19.0
2305064807fa,79.0,23.0,33.206552,1.2302386818181819,1.2249529481091017,0.08695651795841226,0.21739129489603065,0.33333327777778704,0.0,0.5384615384615384,19.0
23289247707b,41.0,19.0,25.8744,0.999543111111111,0.150704694019127,0.0,0.0,1.9999980000020001,0.0,0.5588235294117647,16.0
239256538f6d,78.0,23.0,8.527169,0.3001644090909091,0.21658597032315988,0.08695651795841226,0.17391303591682453,0.399999920000016,0.0,0.5384615384615384,19.0
23af34c4ddeb,78.0,23.0,13.927275999999999,0.5063413181818182,0.4477670233066454,0.08695651795841226,0.17391303591682453,0.399999920000016,0.0,0.5384615384615384,19.0
23f06de34869,78.0,23.0,13.170193,0.4758675454545455,0.4044983321239059,0.08695651795841226,0.17391303591682453,0.399999920000016,0.0,0.5384615384615384,19.0
240f79fd31c9,78.0,23.0,8.721785,0.3067185454545454,0.2012670956587947,0.08695651795841226,0.17391303591682453,0.399999920000016,0.0,0.5384615384615384,19.0
2412b9e72746,78.0,23.0,17.446757,0.6354876818181817,0.5483383194383856,0.08695651795841226,0.17391303591682453,0.399999920000016,0.0,0.5384615384615384,19.0
24a4b917865e,78.0,23.0,28.368454,1.046694,1.0651838260428281,0.08695651795841226,0.17391303591682453,0.399999920000016,0.0,0.5384615384615384,19.0
24ac88af43b0,41.0,19.0,20.347411,0.7888629444444445,0.11822413713066739,0.0,0.0,1.9999980000020001,0.0,0.5588235294117647,16.0
24b255ea914d,78.0,23.0,6.3561630000000005,0.21321136363636362,0.1125675179540602,0.08695651795841226,0.17391303591682453,0.399999920000016,0.0,0.5384615384615384,19.0
24d6f8006b6d,41.0,19.0,42.311168,1.8685223888888889,1.1606670099631675,0.0,0.0,1.9999980000020001,0.0,0.5588235294117647,16.0
24dc27d9b397,78.0,23.0,14.022508,0.5106493181818181,0.4325376237256445,0.08695651795841226,0.17391303591682453,0.399999920000016,0.0,0.5384615384615384,19.0
24f5d1718a11,78.0,23.0,31.578218,1.1671204545454548,1.2053387415000902,0.08695651795841226,0.17391303591682453,0.399999920000016,0.0,0.5384615384615384,19.0
251e1e7cf9c2,78.0,23.0,36.04645,1.3485905454545453,1.282385402425411,0.08695651795841226,0.17391303591682453,0.399999920000016,0.0,0.5384615384615384,19.0
2579e1757e43,78.0,23.0,8.496918,0.3000135909090909,0.2435947723273339,0.08695651795841226,0.17391303591682453,0.399999920000016,0.0,0.5384615384615384,19.0
25aa02be26f8,78.0,23.0,24.968551,0.9145837727272728,0.8770596752197994,0.08695651795841226,0.17391303591682453,0.399999920000016,0.0,0.5384615384615384,19.0
25ad9e7308af,9.0,2.0,17.221719,0.100064,,0.0,0.499999750000125,0.0,0.0,0.75,2.0
25e6e05398b3,8.0,1.0,3.943546,0.0,0.0,0.0,0.0,2.9999970000030003,0.0,1.0,1.0
26180633d6d8,41.0,19.0,7.87957,0.2833033888888889,0.06164557692748297,0.0,0.0,1.9999980000020001,0.0,0.5588235294117647,16.0
261824dfb4ba,78.0,23.0,35.079883,1.2514227272727274,1.2389273309043702,0.08695651795841226,0.17391303591682453,0.399999920000016,0.0,0.5384615384615384,19.0
2618c1a4a31a,8.0,1.0,4.263735,0.0,0.0,0.0,0.0,1.9999980000020001,0.0,1.0,1.0
26192c318004,41.0,19.0,12.436085,0.45767322222222223,0.08614389861467815,0.0,0.0,1.9999980000020001,0.0,0.5588235294117647,16.0
26596e29160f,78.0,23.0,32.539368,1.2172461363636362,1.227097978337869,0.08695651795841226,0.17391303591682453,0.399999920000016,0.0,0.5384615384615384,19.0
265f58025e96,79.0,23.0,14.851199,0.5377513636363637,0.449152999035438,0.08695651795841226,0.21739129489603065,0.33333327777778704,0.0,0.5384615384615384,19.0
26844b1246d9,41.0,19.0,27.137184,0.9961520000000001,0.1416303066669992,0.0,0.0,1.9999980000020001,0.0,0.5588235294117647,16.0
26b4246082f5,78.0,23.0,15.135262,0.5489640454545454,0.515579714576152,0.08695651795841226,0.17391303591682453,0.399999920000016,0.0,0.5384615384615384,19.0
26cd76b34a59,77.0,23.0,33.250969,1.236500590909091,1.2378380956962889,0.08695651795841226,0.1304347769376184,0.49999987500003124,0.0,0.5384615384615384,19.0
26d21e4956be,78.0,23.0,40.030561,1.4286246363636366,1.3660720125268286,0.08695651795841226,0.17391303591682453,0.399999920000016,0.0,0.5384615384615384,19.0
2718455a3b02,78.0,23.0,14.657528,0.5326940909090909,0.4600687143011936,0.08695651795841226,0.17391303591682453,0.399999920000016,0.0,0.5384615384615384,19.0
271a64953ecd,78.0,23.0,13.605005,0.4899558636363636,0.4263461959023548,0.08695651795841226,0.17391303591682453,0.399999920000016,0.0,0.5384615384615384,19.0
27208b359eb7,78.0,23.0,24.744758,0.9117575454545453,0.8844388162943576,0.08695651795841226,0.17391303591682453,0.399999920000016,0.0,0.5384615384615384,19.0
27256c0fd780,78.0,23.0,33.382943,1.2372877272727274,1.2809193892262059,0.08695651795841226,0.17391303591682453,0.399999920000016,0.0,0.5384615384615384,19.0
2741a7b9a1ef,78.0,23.0,14.209818,0.5181564545454546,0.4244719208238383,0.08695651795841226,0.17391303591682453,0.399999920000016,0.0,0.5384615384615384,19.0
27625a05b6d6,78.0,23.0,30.579436,1.1425323636363636,1.184255324832467,0.08695651795841226,0.17391303591682453,0.399999920000016,0.0,0.5384615384615384,19.0
278f9fc0710b,41.0,19.0,25.070472,0.9999848888888891,0.2235509702100827,0.0,0.0,1.9999980000020001,0.0,0.5588235294117647,16.0
27bcb38e3108,78.0,23.0,6.589675,0.20137431818181817,0.10733081100099838,0.08695651795841226,0.17391303591682453,0.399999920000016,0.0,0.5384615384615384,19.0
2827211e7811,77.0,23.0,11.025986,0.40925077272727267,0.27241079191980344,0.08695651795841226,0.1304347769376184,0.49999987500003124,0.0,0.5384615384615384,19.0
2828ace27fe6,41.0,19.0,12.69249,0.4772286666666667,0.08759808783032545,0.0,0.0,1.9999980000020001,0.0,0.5588235294117647,16.0
283e9ecce342,78.0,23.0,5.952522,0.20185768181818184,0.08448225584582067,0.08695651795841226,0.17391303591682453,0.399999920000016,0.0,0.5384615384615384,19.0
28536a368efd,78.0,23.0,31.867262,1.1843587727272726,1.7049890003194108,0.08695651795841226,0.17391303591682453,0.399999920000016,0.0,0.5384615384615384,19.0
285cb5495fda,78.0,23.0,14.023469,0.5031796818181818,0.425515580920861,0.08695651795841226,0.17391303591682453,0.399999920000016,0.0,0.5384615384615384,19.0
2863925eecba,77.0,23.0,11.966797,0.4219716818181818,0.30760084043469715,0.08695651795841226,0.1304347769376184,0.49999987500003124,0.0,0.5384615384615384,19.0
2865cdc595a7,78.0,23.0,24.945771,0.9205667727272728,0.905885800425877,0.08695651795841226,0.17391303591682453,0.399999920000016,0.0,0.5384615384615384,19.0
286ad36d47a4,77.0,23.0,32.212516,1.2039937727272727,1.303179689030018,0.08695651795841226,0.1304347769376184,0.49999987500003124,0.0,0.5384615384615384,19.0
2892474afa50,41.0,19.0,22.733387,0.888247888888889,0.12311127885056765,0.0,0.0,1.9999980000020001,0.0,0.5588235294117647,16.0
289b27a88f82,78.0,23.0,12.586147,0.4553853636363637,0.3659028745882666,0.08695651795841226,0.17391303591682453,0.399999920000016,0.0,0.5384615384615384,19.0
28c18a7ed1ac,41.0,19.0,30.251483,1.1903154999999999,0.1712080823769891,0.0,0.0,1.9999980000020001,0.0,0.5588235294117647,16.0
28c7ef66d128,41.0,19.0,4.3925,0.14278933333333332,0.03529002802325825,0.0,0.0,1.9999980000020001,0.0,0.5588235294117647,16.0
29198ab662c8,78.0,23.0,6.008719,0.1986081363636364,0.10804526150835628,0.08695651795841226,0.17391303591682453,0.399999920000016,0.0,0.5384615384615384,19.0
291c4b8b3338,78.0,23.0,21.479486,0.7876924090909092,0.7548109517556387,0.08695651795841226,0.17391303591682453,0.399999920000016,0.0,0.5384615384615384,19.0
29a20dfd3292,79.0,23.0,6.84621,0.24165563636363635,0.1373708982338536,0.08695651795841226,0.21739129489603065,0.33333327777778704,0.0,0.5384615384615384,19.0
29add2dbc03a,78.0,23.0,14.983041,0.5434678181818182,0.4409050018807784,0.08695651795841226,0.17391303591682453,0.399999920000016,0.0,0.5384615384615384,19.0
29b7035560fc,78.0,23.0,14.230661,0.5177836818181819,0.5298856796172787,0.08695651795841226,0.17391303591682453,0.399999920000016,0.0,0.5384615384615384,19.0
29d4d7399c3a,41.0,19.0,6.979039,0.18579877777777776,0.04721756075688435,0.0,0.0,1.9999980000020001,0.0,0.5588235294117647,16.0
29e63aa9de55,78.0,23.0,29.31259,1.0834172272727274,1.0845436344048536,0.08695651795841226,0.17391303591682453,0.399999920000016,0.0,0.5384615384615384,19.0
29e7b406ffc2,78.0,23.0,13.720253,0.4963883181818182,0.4156053892590658,0.08695651795841226,0.17391303591682453,0.399999920000016,0.0,0.5384615384615384,19.0
29faa100ac49,78.0,23.0,18.506878,0.6777615909090909,0.6024996089191111,0.08695651795841226,0.17391303591682453,0.399999920000016,0.0,0.5384615384615384,19.0
2a2906e4417c,41.0,19.0,32.265224,1.2883095,0.3514931443651163,0.0,0.0,1.9999980000020001,0.0,0.5588235294117647,16.0
2a3edccd8e6c,41.0,19.0,6.198635,0.21431461111111108,0.05252923201433979,0.0,0.0,1.9999980000020001,0.0,0.5588235294117647,16.0
2a427fa052d7,78.0,23.0,14.013697,0.5061320454545455,0.4345963115611103,0.08695651795841226,0.17391303591682453,0.399999920000016,0.0,0.5384615384615384,19.0
2a55f7989737,78.0,23.0,16.873407,0.6617076818181817,1.0574122823870493,0.08695651795841226,0.17391303591682453,0.399999920000016,0.0,0.5384615384615384,19.0
2a6c6e55a3f0,78.0,23.0,19.114935,0.6990841363636364,0.6381177780887204,0.08695651795841226,0.17391303591682453,0.399999920000016,0.0,0.5384615384615384,19.0
2abd04c3656a,41.0,19.0,31.673841,1.260906111111111,0.25285947186108987,0.0,0.0,1.9999980000020001,0.0,0.5588235294117647,16.0
2ad09f8cdf27,78.0,23.0,22.214871,0.8186020000000002,0.7769889622358132,0.08695651795841226,0.17391303591682453,0.399999920000016,0.0,0.5384615384615384,19.0
2ad8d185ffea,78.0,23.0,37.053498,1.4459901363636365,1.6952690754497968,0.08695651795841226,0.17391303591682453,0.399999920000016,0.0,0.5384615384615384,19.0
2ae1590c5c30,78.0,23.0,20.709277,0.7511198181818183,0.736833395571607,0.08695651795841226,0.17391303591682453,0.399999920000016,0.0,0.5384615384615384,19.0
2aedaf297d09,77.0,23.0,34.848888,1.293028818181818,1.8872214064626645,0.08695651795841226,0.1304347769376184,0.49999987500003124,0.0,0.5384615384615384,19.0
2b1a731a0c68,78.0,23.0,32.313601,1.1987070454545454,1.2194761550020634,0.08695651795841226,0.17391303591682453,0.399999920000016,0.0,0.5384615384615384,19.0
2b77eb533f95,78.0,23.0,9.154357,0.30972163636363637,0.2575144755597515,0.08695651795841226,0.17391303591682453,0.399999920000016,0.0,0.5384615384615384,19.0
2b8acaa80223,41.0,19.0,31.966158,1.2825909444444445,0.31993267284971294,0.0,0.0,1.9999980000020001,0.0,0.5588235294117647,16.0
2b8b97c9b991,41.0,19.0,12.798615999999999,0.4836516666666667,0.08556862633754336,0.0,0.0,1.9999980000020001,0.0,0.5588235294117647,16.0
2ba4e8e6d013,78.0,23.0,34.070679,1.2715244545454547,1.2205052071465257,0.08695651795841226,0.17391303591682453,0.399999920000016,0.0,0.5384615384615384,19.0
2bc3cc7ddedc,78.0,23.0,9.880219,0.354474909090909,0.5426888784383351,0.08695651795841226,0.17391303591682453,0.399999920000016,0.0,0.5384615384615384,19.0
2bd6b95f9a38,78.0,23.0,38.331079,1.355394681818182,1.5614464056798165,0.08695651795841226,0.17391303591682453,0.399999920000016,0.0,0.5384615384615384,19.0
2beb92bdef6d,78.0,23.0,15.245033,0.5498784999999999,0.464980416026796,0.08695651795841226,0.17391303591682453,0.399999920000016,0.0,0.5384615384615384,19.0
2c24140d00be,78.0,23.0,10.807392,0.3957973636363637,0.34029167299224566,0.08695651795841226,0.17391303591682453,0.399999920000016,0.0,0.5384615384615384,19.0
2c4b93648b3c,41.0,19.0,4.975386,0.1586728888888889,0.038193271754080535,0.0,0.0,1.9999980000020001,0.0,0.5588235294117647,16.0
2c732b6acd3b,78.0,23.0,6.291256,0.2180429090909091,0.14938798147295107,0.08695651795841226,0.17391303591682453,0.399999920000016,0.0,0.5384615384615384,19.0
2cb846a0624d,78.0,23.0,19.63228,0.7105999090909091,0.6481097893530304,0.08695651795841226,0.17391303591682453,0.399999920000016,0.0,0.5384615384615384,19.0
2cc260690dd6,78.0,23.0,18.606961,0.6912675454545455,0.6358681046506967,0.08695651795841226,0.17391303591682453,0.399999920000016,0.0,0.5384615384615384,19.0
2cc5c788193d,78.0,23.0,30.583231,1.120038681818182,1.0670525550890344,0.08695651795841226,0.17391303591682453,0.399999920000016,0.0,0.5384615384615384,19.0
2ccc180e8930,78.0,23.0,19.201742,0.7023697272727273,0.6598148931350211,0.08695651795841226,0.17391303591682453,0.399999920000016,0.0,0.5384615384615384,19.0
2d0f2ba081b6,18.0,10.0,2.698753,0.14935711111111108,0.1362344339194798,0.299999970000003,0.0,0.0,0.0,0.15384615384615385,12.0
2d91ed29300d,78.0,23.0,19.359323,0.7062922727272729,0.6096511546551051,0.08695651795841226,0.17391303591682453,0.399999920000016,0.0,0.5384615384615384,19.0
2dac8a75ed38,41.0,19.0,29.878709,1.2038545555555558,0.12476694767550192,0.0,0.0,1.9999980000020001,0.0,0.5588235294117647,16.0
2dd0e3ddd4de,78.0,23.0,7.298153,0.2542415454545454,0.24072073744144892,0.08695651795841226,0.17391303591682453,0.399999920000016,0.0,0.5384615384615384,19.0
2de4e70e4807,78.0,23.0,23.047105,0.8479753636363636,0.8007417244449075,0.08695651795841226,0.17391303591682453,0.399999920000016,0.0,0.5384615384615384,19.0
2df112950352,78.0,23.0,30.823827,1.1409653636363635,1.122534322065776,0.08695651795841226,0.17391303591682453,0.399999920000016,0.0,0.5384615384615384,19.0
2e6744d209a4,78.0,23.0,19.533634,0.624991090909091,0.5309967940613388,0.08695651795841226,0.17391303591682453,0.399999920000016,0.0,0.5384615384615384,19.0
2ea5b9e9f00f,78.0,23.0,17.14182,0.6527900454545454,0.819046107444768,0.08695651795841226,0.17391303591682453,0.399999920000016,0.0,0.5384615384615384,19.0
2ee9ba33b26a,77.0,23.0,27.213937,1.0156237727272728,0.9320808473666369,0.08695651795841226,0.1304347769376184,0.49999987500003124,0.0,0.5384615384615384,19.0
2f00f08c3970,78.0,23.0,31.888453,1.2088693181818182,1.2352296385632446,0.08695651795841226,0.17391303591682453,0.399999920000016,0.0,0.5384615384615384,19.0
2f355f9012ef,78.0,23.0,31.617905,1.1991117272727272,1.1055520794710574,0.08695651795841226,0.17391303591682453,0.399999920000016,0.0,0.5384615384615384,19.0
2f5c481bb7cd,78.0,23.0,5.7141079999999995,0.19050649999999997,0.10863665440784052,0.08695651795841226,0.17391303591682453,0.399999920000016,0.0,0.5384615384615384,19.0
2f619e59b134,41.0,19.0,29.751571,1.1973432777777777,0.14534516316151602,0.0,0.0,1.9999980000020001,0.0,0.5588235294117647,16.0
2fa477eb4bce,77.0,23.0,30.404369,1.1350088181818183,1.269789243656174,0.08695651795841226,0.1304347769376184,0.49999987500003124,0.0,0.5384615384615384,19.0
2fc85847abe8,18.0,10.0,2.55516,0.14915577777777778,0.13754056528600733,0.299999970000003,0.0,0.0,0.0,0.15384615384615385,12.0
2fd6aeab2054,41.0,19.0,20.338281,0.8190928333333333,0.08620902342101945,0.0,0.0,1.9999980000020001,0.0,0.5588235294117647,16.0
2fe22cd3952b,41.0,19.0,5.812028,0.19845655555555555,0.04630872067309876,0.0,0.0,1.9999980000020001,0.0,0.5588235294117647,16.0
2fec8451b106,78.0,23.0,14.948218,0.5473443636363636,0.47179422087555906,0.08695651795841226,0.17391303591682453,0.399999920000016,0.0,0.5384615384615384,19.0
3007cefcecc3,41.0,19.0,12.958812,0.4774482222222222,0.0918906162158898,0.0,0.0,1.9999980000020001,0.0,0.5588235294117647,16.0
300e872e22d3,78.0,23.0,24.662959999999998,0.9152980000000001,0.8999322465338843,0.08695651795841226,0.17391303591682453,0.399999920000016,0.0,0.5384615384615384,19.0
301023845b20,41.0,19.0,47.229879,1.5917890555555556,0.7152009996867991,0.0,0.0,1.9999980000020001,0.0,0.5588235294117647,16.0
3022d6d72b41,41.0,19.0,23.934236,0.9543281666666668,0.1507044106600147,0.0,0.0,1.9999980000020001,0.0,0.5588235294117647,16.0
30243848d5d6,78.0,23.0,14.041414,0.5077165,0.4287390556066153,0.08695651795841226,0.17391303591682453,0.399999920000016,0.0,0.5384615384615384,19.0
3042806488f9,78.0,23.0,34.585356,1.226968090909091,1.2411246059164747,0.08695651795841226,0.17391303591682453,0.399999920000016,0.0,0.5384615384615384,19.0
30672262ed92,78.0,23.0,32.804571,1.2148609545454547,1.2153352728055264,0.08695651795841226,0.17391303591682453,0.399999920000016,0.0,0.5384615384615384,19.0
309f309fa6b1,78.0,23.0,16.115313,0.591670909090909,0.5412571252229923,0.08695651795841226,0.17391303591682453,0.399999920000016,0.0,0.5384615384615384,19.0
30a909870fc9,78.0,23.0,31.223183,1.1327201818181818,1.202819583531907,0.08695651795841226,0.17391303591682453,0.399999920000016,0.0,0.5384615384615384,19.0
30a9f74f3317,78.0,23.0,36.633441,1.3367405454545453,1.29843833787335,0.08695651795841226,0.17391303591682453,0.399999920000016,0.0,0.5384615384615384,19.0
30e64cb107e4,76.0,23.0,7.346749,0.25699604545454546,0.14862264187579458,0.08695651795841226,0.08695651795841226,0.6666664444445185,0.0,0.5384615384615384,19.0
30fc7ca4cead,79.0,23.0,33.268571,1.2186273181818181,1.1911641030968856,0.08695651795841226,0.21739129489603065,0.33333327777778704,0.0,0.5384615384615384,19.0
30ffb5c62486,78.0,23.0,5.576328,0.1840845909090909,0.08604634089763663,0.08695651795841226,0.17391303591682453,0.399999920000016,0.0,0.5384615384615384,19.0
31129a78aae7,80.0,23.0,12.202707,0.43590413636363634,0.3215030742018904,0.08695651795841226,0.2608695538752368,0.285714244897965,0.0,0.5384615384615384,19.0
31b5a2c25252,78.0,23.0,55.994765,1.9881885,1.9406490261895264,0.08695651795841226,0.17391303591682453,0.399999920000016,0.0,0.5384615384615384,19.0
31d6a57c4e0e,77.0,23.0,32.641853,1.2190278636363636,1.3341966470396476,0.08695651795841226,0.1304347769376184,0.49999987500003124,0.0,0.5384615384615384,19.0
320889d98783,78.0,23.0,6.429868,0.22096931818181817,0.11165934043218723,0.08695651795841226,0.17391303591682453,0.399999920000016,0.0,0.5384615384615384,19.0
320d63b698a5,78.0,23.0,19.248123,0.7076146818181819,0.6830399256685329,0.08695651795841226,0.17391303591682453,0.399999920000016,0.0,0.5384615384615384,19.0
322279726a20,78.0,23.0,5.288962,0.1721562727272727,0.07564071423901778,0.08695651795841226,0.17391303591682453,0.399999920000016,0.0,0.5384615384615384,19.0
322820625a01,78.0,23.0,33.227859,1.2719858636363637,1.6362527639165072,0.08695651795841226,0.17391303591682453,0.399999920000016,0.0,0.5384615384615384,19.0
325b0ddac992,8.0,1.0,7.683751,0.0,0.0,0.0,0.0,1.9999980000020001,0.0,1.0,1.0
32bebf9a31a5,78.0,23.0,21.16269,0.7766725000000001,0.7383029238282275,0.08695651795841226,0.17391303591682453,0.399999920000016,0.0,0.5384615384615384,19.0
32c879b9ff92,19.0,10.0,3.649178,0.16345833333333334,0.15066905396347985,0.299999970000003,0.0,0.9999990000010001,0.499999750000125,0.15384615384615385,12.0
32c8ac3e87bb,78.0,23.0,32.463202,1.1845886363636362,1.1978956898664124,0.08695651795841226,0.17391303591682453,0.399999920000016,0.0,0.5384615384615384,19.0
32cd406efa4b,41.0,19.0,5.342346,0.14400405555555554,0.03714450784431975,0.0,0.0,1.9999980000020001,0.0,0.5588235294117647,16.0
32cf6c591a81,41.0,19.0,22.720183,0.8892608333333334,0.1355490601335481,0.0,0.0,1.9999980000020001,0.0,0.5588235294117647,16.0
32fb48fb0791,78.0,23.0,6.420589,0.2134855,0.11293846473517379,0.08695651795841226,0.17391303591682453,0.399999920000016,0.0,0.5384615384615384,19.0
33032f6ec434,78.0,23.0,19.714801,0.7119046818181819,0.6573761601985351,0.08695651795841226,0.17391303591682453,0.399999920000016,0.0,0.5384615384615384,19.0
330db6628ca9,41.0,19.0,54.228181,2.1536783333333336,0.5429890842487481,0.0,0.0,1.9999980000020001,0.0,0.5588235294117647,16.0
3414aabb1422,8.0,1.0,5.509429,0.0,0.0,0.0,0.0,1.9999980000020001,0.0,1.0,1.0
343939bfdf32,41.0,19.0,12.967296,0.4873992777777778,0.08555916008223272,0.0,0.0,1.9999980000020001,0.0,0.5588235294117647,16.0
3462b31497e8,41.0,19.0,31.85079,1.2543655,0.15850320827417305,0.0,0.0,1.9999980000020001,0.0,0.5588235294117647,16.0
34631f4ba6e3,78.0,23.0,28.393308,1.0517288636363635,1.0583435746755308,0.08695651795841226,0.17391303591682453,0.399999920000016,0.0,0.5384615384615384,19.0
346525da3246,78.0,23.0,19.185679,0.721151909090909,0.7887612417493594,0.08695651795841226,0.17391303591682453,0.399999920000016,0.0,0.5384615384615384,19.0
34652b8680c6,78.0,23.0,35.555376,1.3050425454545456,1.4376329974081148,0.08695651795841226,0.17391303591682453,0.399999920000016,0.0,0.5384615384615384,19.0
346d307c3864,78.0,23.0,13.771415,0.4974662727272726,0.4327985218498856,0.08695651795841226,0.17391303591682453,0.399999920000016,0.0,0.5384615384615384,19.0
34aae634e1d8,41.0,19.0,7.907606,0.27724322222222214,0.06158676271403434,0.0,0.0,1.9999980000020001,0.0,0.5588235294117647,16.0
34b06620d0bf,41.0,19.0,23.852877,0.9202456111111113,0.1368824128268875,0.0,0.0,1.9999980000020001,0.0,0.5588235294117647,16.0
354dcef5fc49,78.0,23.0,13.773349,0.4968794090909091,0.43521849420258735,0.08695651795841226,0.17391303591682453,0.399999920000016,0.0,0.5384615384615384,19.0
355df666b8fe,78.0,23.0,21.744386,0.7929820454545454,0.788462610481549,0.08695651795841226,0.17391303591682453,0.399999920000016,0.0,0.5384615384615384,19.0
35746bc12a33,76.0,23.0,35.123911,1.3071290454545454,1.3102134717597769,0.08695651795841226,0.08695651795841226,0.6666664444445185,0.0,0.5384615384615384,19.0
357bda2d4eee,78.0,23.0,10.845785,0.3956062727272727,0.31909171095696903,0.08695651795841226,0.17391303591682453,0.399999920000016,0.0,0.5384615384615384,19.0
36114c035527,78.0,23.0,45.56529,1.5190636818181817,1.9557478493207898,0.08695651795841226,0.17391303591682453,0.399999920000016,0.0,0.5384615384615384,19.0
3634e49b02dc,78.0,23.0,7.513968,0.24392309090909092,0.19951915642313864,0.08695651795841226,0.17391303591682453,0.399999920000016,0.0,0.5384615384615384,19.0
3698e9e1ccbd,41.0,19.0,24.217555,0.9430815555555555,0.13133870189445404,0.0,0.0,1.9999980000020001,0.0,0.5588235294117647,16.0
369b6bc18e84,41.0,19.0,30.862641,1.2502652777777779,0.11044603439093234,0.0,0.0,1.9999980000020001,0.0,0.5588235294117647,16.0
36a77ab955fd,41.0,19.0,28.36658,1.173209777777778,0.0970073983240184,0.0,0.0,1.9999980000020001,0.0,0.5588235294117647,16.0
370158644565,41.0,19.0,56.112364,1.9791075000000002,0.6661745894966936,0.0,0.0,1.9999980000020001,0.0,0.5588235294117647,16.0
3733c873dce6,78.0,23.0,6.170339,0.2127457272727273,0.09205248758552906,0.08695651795841226,0.17391303591682453,0.399999920000016,0.0,0.5384615384615384,19.0
375de4261c0b,78.0,23.0,33.900463,1.283006318181818,1.8231895517017729,0.08695651795841226,0.17391303591682453,0.399999920000016,0.0,0.5384615384615384,19.0
37704dfdbdd7,78.0,23.0,31.808209,1.1837923636363636,1.1508381688613096,0.08695651795841226,0.17391303591682453,0.399999920000016,0.0,0.5384615384615384,19.0
37769e777852,78.0,23.0,8.503486,0.28868359090909096,0.23501953282038152,0.08695651795841226,0.17391303591682453,0.399999920000016,0.0,0.5384615384615384,19.0
37d41600b121,78.0,23.0,43.641283,1.6865828636363631,2.182560074578351,0.08695651795841226,0.17391303591682453,0.399999920000016,0.0,0.5384615384615384,19.0
381507e5979f,41.0,19.0,29.633582,1.1884975,0.3525097056610015,0.0,0.0,1.9999980000020001,0.0,0.5588235294117647,16.0
381b90fe391c,78.0,23.0,21.15416,0.7757089545454545,0.738686917162666,0.08695651795841226,0.17391303591682453,0.399999920000016,0.0,0.5384615384615384,19.0
384a8a5ad929,78.0,23.0,37.892571,1.471715272727273,1.5866752149277186,0.08695651795841226,0.17391303591682453,0.399999920000016,0.0,0.5384615384615384,19.0
388b39f1544a,78.0,23.0,5.658103,0.18899368181818177,0.09831894046388803,0.08695651795841226,0.17391303591682453,0.399999920000016,0.0,0.5384615384615384,19.0
38ad39affca1,78.0,23.0,30.880192,1.150255409090909,1.152098659418899,0.08695651795841226,0.17391303591682453,0.399999920000016,0.0,0.5384615384615384,19.0
38e8966e35ae,78.0,23.0,14.055516,0.5104545454545455,0.4190114823730374,0.08695651795841226,0.17391303591682453,0.399999920000016,0.0,0.5384615384615384,19.0
3925ded0ddd7,78.0,23.0,21.675161,0.7975052727272728,0.7620579293560913,0.08695651795841226,0.17391303591682453,0.399999920000016,0.0,0.5384615384615384,19.0
3948391d63a2,78.0,23.0,19.741549,0.7275332272727273,0.6564516953077162,0.08695651795841226,0.17391303591682453,0.399999920000016,0.0,0.5384615384615384,19.0
3963266c3eff,78.0,23.0,33.058089,1.2295505909090911,1.2486488703817746,0.08695651795841226,0.17391303591682453,0.399999920000016,0.0,0.5384615384615384,19.0
39695d617cc3,79.0,23.0,15.637972,0.5600166363636363,0.44104200180822273,0.08695651795841226,0.21739129489603065,0.33333327777778704,0.0,0.5384615384615384,19.0
39724bffd154,77.0,23.0,8.897133,0.3113930909090909,0.18628166368621907,0.08695651795841226,0.1304347769376184,0.49999987500003124,0.0,0.5384615384615384,19.0
39a99af6a553,78.0,23.0,32.835356,1.2161500454545455,1.2397576107784893,0.08695651795841226,0.17391303591682453,0.399999920000016,0.0,0.5384615384615384,19.0
39bac75b274e,78.0,23.0,5.643497,0.1856071818181818,0.12555904254881403,0.08695651795841226,0.17391303591682453,0.399999920000016,0.0,0.5384615384615384,19.0
39d37a19af8d,78.0,23.0,20.565407,0.7539991363636364,0.7079932656618987,0.08695651795841226,0.17391303591682453,0.399999920000016,0.0,0.5384615384615384,19.0
39f04b97247c,41.0,19.0,33.138118,1.2936624444444444,0.2247338194827834,0.0,0.0,1.9999980000020001,0.0,0.5588235294117647,16.0
39fe51d18b25,78.0,23.0,34.010317,1.221411,1.2569393370245496,0.08695651795841226,0.17391303591682453,0.399999920000016,0.0,0.5384615384615384,19.0
3a00022a45e4,41.0,19.0,12.608125,0.5270501666666667,0.05460411575981947,0.0,0.0,1.9999980000020001,0.0,0.5588235294117647,16.0
3a29f587548a,78.0,23.0,22.20268,0.8214950000000001,0.7448793445691789,0.08695651795841226,0.17391303591682453,0.399999920000016,0.0,0.5384615384615384,19.0
3a2f27ce4eee,41.0,19.0,35.710083,1.4978233888888888,0.5976180919241613,0.0,0.0,1.9999980000020001,0.0,0.5588235294117647,16.0
3a33d554b3af,78.0,23.0,29.607943,1.0951001363636363,1.065662977873412,0.08695651795841226,0.17391303591682453,0.399999920000016,0.0,0.5384615384615384,19.0
3a412a80990c,79.0,23.0,16.122917,0.5759692727272727,0.4968859913091287,0.08695651795841226,0.21739129489603065,0.33333327777778704,0.0,0.5384615384615384,19.0
3a4b212db82e,78.0,23.0,5.64449,0.18726177272727274,0.0914119738921037,0.08695651795841226,0.17391303591682453,0.399999920000016,0.0,0.5384615384615384,19.0
3a64f01b7149,77.0,23.0,16.349715,0.6135797272727271,0.4895471518877889,0.08695651795841226,0.1304347769376184,0.49999987500003124,0.0,0.5384615384615384,19.0
3a7ed004afa0,78.0,23.0,13.898094,0.5064445909090908,0.41245607995076095,0.08695651795841226,0.17391303591682453,0.399999920000016,0.0,0.5384615384615384,19.0
3aacd731e291,78.0,23.0,32.742596,1.216813,1.2606089583152904,0.08695651795841226,0.17391303591682453,0.399999920000016,0.0,0.5384615384615384,19.0
3ad2cf1d5cb1,41.0,19.0,31.220622,1.23728,0.16044444334593902,0.0,0.0,1.9999980000020001,0.0,0.5588235294117647,16.0
3b03940c2739,78.0,23.0,48.488655,1.819946136363636,1.7153557836799949,0.08695651795841226,0.17391303591682453,0.399999920000016,0.0,0.5384615384615384,19.0
3b1ba763c568,79.0,23.0,37.569558,1.3859470909090912,1.3855004081670073,0.08695651795841226,0.21739129489603065,0.33333327777778704,0.0,0.5384615384615384,19.0
3b4455bcbdb0,41.0,19.0,6.702396,0.23367905555555557,0.057873473316387494,0.0,0.0,1.9999980000020001,0.0,0.5588235294117647,16.0
3b74977dda63,78.0,23.0,14.897047,0.5393102727272727,0.49081882683174816,0.08695651795841226,0.17391303591682453,0.399999920000016,0.0,0.5384615384615384,19.0
3b76a7cadaf0,78.0,23.0,32.267095,1.2018081363636364,1.2119760340132573,0.08695651795841226,0.17391303591682453,0.399999920000016,0.0,0.5384615384615384,19.0
3b8d32e7f65b,79.0,23.0,41.015917,1.4607635454545451,1.4260084118609748,0.08695651795841226,0.21739129489603065,0.33333327777778704,0.0,0.5384615384615384,19.0
3c045c86bdef,78.0,23.0,30.709679,1.1449392272727272,1.1621099927620133,0.08695651795841226,0.17391303591682453,0.399999920000016,0.0,0.5384615384615384,19.0
3c1d08df4517,18.0,10.0,1.751234,0.09755355555555556,0.08723720359042796,0.299999970000003,0.0,0.0,0.0,0.15384615384615385,12.0
3c3a7e4a1969,41.0,19.0,4.500803,0.14776522222222221,0.03553642651695259,0.0,0.0,1.9999980000020001,0.0,0.5588235294117647,16.0
3c578fb0711b,78.0,23.0,28.295353,1.0481613181818181,1.038097896186619,0.08695651795841226,0.17391303591682453,0.399999920000016,0.0,0.5384615384615384,19.0
3c723e719a58,78.0,23.0,11.626991,0.4076136363636364,0.3402175421245795,0.08695651795841226,0.17391303591682453,0.399999920000016,0.0,0.5384615384615384,19.0
3c87cbb39524,41.0,19.0,12.467953,0.46679577777777786,0.08703725247579881,0.0,0.0,1.9999980000020001,0.0,0.5588235294117647,16.0
3c9e1ec94645,41.0,19.0,31.580278,1.3219327222222224,0.46455212327103207,0.0,0.0,1.9999980000020001,0.0,0.5588235294117647,16.0
3cd62d4139b7,41.0,19.0,4.48244,0.14688955555555555,0.0380261857056458,0.0,0.0,1.9999980000020001,0.0,0.5588235294117647,16.0
3ce21cadb92b,78.0,23.0,5.892568,0.19527072727272723,0.10224079420623686,0.08695651795841226,0.17391303591682453,0.399999920000016,0.0,0.5384615384615384,19.0
3ce68944814f,78.0,23.0,26.885189,0.987176909090909,1.132040829805302,0.08695651795841226,0.17391303591682453,0.399999920000016,0.0,0.5384615384615384,19.0
3cff04acafe7,78.0,23.0,22.867256,0.8463697272727273,0.8002445361869487,0.08695651795841226,0.17391303591682453,0.399999920000016,0.0,0.5384615384615384,19.0
3d09c1dea6ef,78.0,23.0,5.977459,0.20292445454545452,0.08660439677540147,0.08695651795841226,0.17391303591682453,0.399999920000016,0.0,0.5384615384615384,19.0
3d328ff19e8b,78.0,23.0,17.510728,0.6441544545454546,0.570162686975579,0.08695651795841226,0.17391303591682453,0.399999920000016,0.0,0.5384615384615384,19.0
3d38a6cfac9c,78.0,23.0,20.271499,0.7436347727272726,0.7014699822789779,0.08695651795841226,0.17391303591682453,0.399999920000016,0.0,0.5384615384615384,19.0
3d6f08e2da31,41.0,19.0,32.144988,1.2674022777777776,0.19531185558449718,0.0,0.0,1.9999980000020001,0.0,0.5588235294117647,16.0
3d8c316b7a8d,10.0,5.0,6.988821,1.01567125,0.0037622855088363717,0.0,0.0,1.9999980000020001,0.0,0.19999999999999996,5.0
3da5e8005db2,78.0,23.0,31.927572,1.1848991818181818,1.1803270444412,0.08695651795841226,0.17391303591682453,0.399999920000016,0.0,0.5384615384615384,19.0
3dd1684c4674,78.0,23.0,29.851923,1.1052919090909092,1.0807754527891145,0.08695651795841226,0.17391303591682453,0.399999920000016,0.0,0.5384615384615384,19.0
3de6f29efa0a,78.0,23.0,35.160592,1.301078818181818,1.099612259076965,0.08695651795841226,0.17391303591682453,0.399999920000016,0.0,0.5384615384615384,19.0
3e1657151d84,41.0,19.0,26.54842,1.0462293888888887,0.15228305884694146,0.0,0.0,1.9999980000020001,0.0,0.5588235294117647,16.0
3e3755b83814,41.0,19.0,13.55313,0.5171035,0.08931131424751093,0.0,0.0,1.9999980000020001,0.0,0.5588235294117647,16.0
3e7a50e89f23,78.0,23.0,13.848248,0.5038523181818182,0.4170613456481508,0.08695651795841226,0.17391303591682453,0.399999920000016,0.0,0.5384615384615384,19.0
3e8d47b55e87,78.0,23.0,29.096105,1.0697363181818182,1.0823438296889978,0.08695651795841226,0.17391303591682453,0.399999920000016,0.0,0.5384615384615384,19.0
3f0ca44ca6ef,78.0,23.0,5.24998,0.1699377272727273,0.08767336300218302,0.08695651795841226,0.17391303591682453,0.399999920000016,0.0,0.5384615384615384,19.0
3f0eb42e283f,77.0,23.0,11.938818,0.42272618181818183,0.3626089385608842,0.08695651795841226,0.1304347769376184,0.49999987500003124,0.0,0.5384615384615384,19.0
3f68583a4a4d,78.0,23.0,31.339878,1.1694078181818182,1.2970676127467804,0.08695651795841226,0.17391303591682453,0.399999920000016,0.0,0.5384615384615384,19.0
3f87ed5e0a7f,78.0,23.0,34.087393,1.2657225454545455,1.2899257142572471,0.08695651795841226,0.17391303591682453,0.399999920000016,0.0,0.5384615384615384,19.0
3faacb7a8357,10.0,5.0,13.702423,0.9903542500000001,0.09265784543640476,0.0,0.0,1.9999980000020001,0.0,0.19999999999999996,5.0
3fe73dcc0ecc,41.0,19.0,27.664682,1.0819546666666664,0.15038195837775692,0.0,0.0,1.9999980000020001,0.0,0.5588235294117647,16.0
3fee4343a839,78.0,23.0,21.261333,0.784433681818182,0.7463021383524675,0.08695651795841226,0.17391303591682453,0.399999920000016,0.0,0.5384615384615384,19.0
400eb36a517d,78.0,23.0,37.057392,1.4324302727272729,1.9841043318384284,0.08695651795841226,0.17391303591682453,0.399999920000016,0.0,0.5384615384615384,19.0
4049c51c5574,41.0,19.0,18.329031,0.7048252777777777,0.1125559399022159,0.0,0.0,1.9999980000020001,0.0,0.5588235294117647,16.0
4077dffc1442,78.0,23.0,31.306108,1.1650527272727276,1.194040173567044,0.08695651795841226,0.17391303591682453,0.399999920000016,0.0,0.5384615384615384,19.0
407d53e59e27,78.0,23.0,15.571072000000001,0.5685787727272729,0.6077724196423347,0.08695651795841226,0.17391303591682453,0.399999920000016,0.0,0.5384615384615384,19.0
4083531531bd,79.0,23.0,31.051681,1.1462696818181817,1.1156266322066284,0.08695651795841226,0.21739129489603065,0.33333327777778704,0.0,0.5384615384615384,19.0
40a2324dde14,78.0,23.0,6.572144,0.22155759090909094,0.13860257331241968,0.08695651795841226,0.17391303591682453,0.399999920000016,0.0,0.5384615384615384,19.0
40ae00e2d19b,78.0,23.0,30.820427,1.1369418636363635,1.1684051892431875,0.08695651795841226,0.17391303591682453,0.399999920000016,0.0,0.5384615384615384,19.0
40c34b2878b4,77.0,23.0,23.066977,0.8539767727272726,0.97012629897059,0.08695651795841226,0.1304347769376184,0.49999987500003124,0.0,0.5384615384615384,19.0
40e9af0d309f,78.0,23.0,31.953514,1.1962933636363635,1.132442821769678,0.08695651795841226,0.17391303591682453,0.399999920000016,0.0,0.5384615384615384,19.0
40ed7ae1b57d,79.0,23.0,6.889158,0.23708240909090914,0.12522034385478417,0.08695651795841226,0.21739129489603065,0.33333327777778704,0.0,0.5384615384615384,19.0
40f69a4c8f18,7.0,1.0,181.574686,0.0,0.0,0.0,0.0,1.9999980000020001,0.0,1.0,1.0
412e543964fd,78.0,23.0,5.684052,0.19132563636363634,0.09133894459155727,0.08695651795841226,0.17391303591682453,0.399999920000016,0.0,0.5384615384615384,19.0
41698e70d246,41.0,19.0,12.044964,0.5062741666666667,0.05012775758030087,0.0,0.0,1.9999980000020001,0.0,0.5588235294117647,16.0
41840490de63,78.0,23.0,5.589625,0.18775036363636366,0.08971504332079401,0.08695651795841226,0.17391303591682453,0.399999920000016,0.0,0.5384615384615384,19.0
4191279e0c65,78.0,23.0,30.917576,1.1384482272727272,1.1390261559264827,0.08695651795841226,0.17391303591682453,0.399999920000016,0.0,0.5384615384615384,19.0
4194bde07717,78.0,23.0,18.658763,0.6845758636363637,0.6476575971589791,0.08695651795841226,0.17391303591682453,0.399999920000016,0.0,0.5384615384615384,19.0
419903f65407,78.0,23.0,11.794071,0.4294711363636364,0.3750229908717719,0.08695651795841226,0.17391303591682453,0.399999920000016,0.0,0.5384615384615384,19.0
419b8a8fcfc9,78.0,23.0,33.849406,1.2257767272727274,1.1411913486474263,0.08695651795841226,0.17391303591682453,0.399999920000016,0.0,0.5384615384615384,19.0
41e213d4485a,78.0,23.0,11.816868,0.41218699999999997,0.29009040148924353,0.08695651795841226,0.17391303591682453,0.399999920000016,0.0,0.5384615384615384,19.0
4226dc7e5238,78.0,23.0,30.653299,1.1503396363636365,1.1130771064863192,0.08695651795841226,0.17391303591682453,0.399999920000016,0.0,0.5384615384615384,19.0
4247f5c9e1e8,78.0,23.0,6.402122,0.21481036363636366,0.1346053911286955,0.08695651795841226,0.17391303591682453,0.399999920000016,0.0,0.5384615384615384,19.0
425975913e39,78.0,23.0,15.226103,0.5633419090909091,0.4691581357146324,0.08695651795841226,0.17391303591682453,0.399999920000016,0.0,0.5384615384615384,19.0
4263f6aac589,78.0,23.0,16.102016,0.6013274999999999,0.5815544862231413,0.08695651795841226,0.17391303591682453,0.399999920000016,0.0,0.5384615384615384,19.0
428aa31ab499,76.0,23.0,21.837431,0.8144473636363636,0.8787868706744351,0.08695651795841226,0.08695651795841226,0.6666664444445185,0.0,0.5384615384615384,19.0
428d2f4b2135,9.0,2.0,17.23483,0.083639,,0.0,0.499999750000125,0.0,0.0,0.75,2.0
429055e2a196,42.0,19.0,39.080226,1.4783171666666668,0.5548231164526805,0.0,0.0,1.9999980000020001,0.0,0.5588235294117647,16.0
429b0224eaca,78.0,23.0,8.721414,0.30867527272727263,0.20455700283439024,0.08695651795841226,0.17391303591682453,0.399999920000016,0.0,0.5384615384615384,19.0
42b41a443a5a,41.0,19.0,31.197288,1.2424557222222221,0.2338330548521884,0.0,0.0,1.9999980000020001,0.0,0.5588235294117647,16.0
42b429b290c1,78.0,23.0,17.725059,0.6363174090909092,0.5679017860194339,0.08695651795841226,0.17391303591682453,0.399999920000016,0.0,0.5384615384615384,19.0
42c6ec286afd,77.0,23.0,8.096732,0.2834239090909091,0.1796054629898569,0.08695651795841226,0.1304347769376184,0.49999987500003124,0.0,0.5384615384615384,19.0
42d13b462712,79.0,23.0,8.780766,0.3122505,0.18234445475338568,0.08695651795841226,0.21739129489603065,0.33333327777778704,0.0,0.5384615384615384,19.0
42f845728248,48.0,14.0,5.067388,0.2461340769230769,0.08040793343887316,0.21428569897959293,0.0,1.9999980000020001,0.0,0.33333333333333337,17.0
43112fd50d6c,78.0,23.0,31.126942,1.1582617727272728,1.107183639426155,0.08695651795841226,0.17391303591682453,0.399999920000016,0.0,0.5384615384615384,19.0
43203c3b29cd,41.0,19.0,37.336313,1.5403993333333332,0.5084302766905675,0.0,0.0,1.9999980000020001,0.0,0.5588235294117647,16.0
4343503247dc,41.0,19.0,30.300349,1.1406187222222222,0.35339231087540585,0.0,0.0,1.9999980000020001,0.0,0.5588235294117647,16.0
434b74ef0b8e,78.0,23.0,22.78201,0.8390558181818183,0.8161433529918181,0.08695651795841226,0.17391303591682453,0.399999920000016,0.0,0.5384615384615384,19.0
43619ec3e053,41.0,19.0,5.543364,0.18846194444444447,0.050311321528438396,0.0,0.0,1.9999980000020001,0.0,0.5588235294117647,16.0
4373dca65c0b,78.0,23.0,40.416942,1.5217182272727272,2.2848035160686386,0.08695651795841226,0.17391303591682453,0.399999920000016,0.0,0.5384615384615384,19.0
437d59b7860b,78.0,23.0,40.317227,1.2805685909090911,1.4121691982749585,0.08695651795841226,0.17391303591682453,0.399999920000016,0.0,0.5384615384615384,19.0
439d4d3768a3,41.0,19.0,28.393913,1.121692277777778,0.11370109044321926,0.0,0.0,1.9999980000020001,0.0,0.5588235294117647,16.0
43aa7b6cffca,48.0,14.0,17.366644,0.9145198461538461,0.27696935260537586,0.21428569897959293,0.0,1.9999980000020001,0.0,0.33333333333333337,17.0
43abd2420e64,78.0,23.0,21.315021,0.7806947272727274,0.743970137115743,0.08695651795841226,0.17391303591682453,0.399999920000016,0.0,0.5384615384615384,19.0
43c2bf555750,78.0,23.0,14.801267,0.5368379545454546,0.4390388496592763,0.08695651795841226,0.17391303591682453,0.399999920000016,0.0,0.5384615384615384,19.0
43d26e09699f,78.0,23.0,6.6351700000000005,0.22289095454545452,0.12883365952616033,0.08695651795841226,0.17391303591682453,0.399999920000016,0.0,0.5384615384615384,19.0
4412f3a254db,41.0,19.0,20.395491,0.8175627222222223,0.09064380164513736,0.0,0.0,1.9999980000020001,0.0,0.5588235294117647,16.0
4414ebfc95a1,78.0,23.0,36.573924,1.308209818181818,1.3536516180948563,0.08695651795841226,0.17391303591682453,0.399999920000016,0.0,0.5384615384615384,19.0
441f14788bc9,77.0,23.0,75.55069,2.5802882272727277,2.6602487352147555,0.08695651795841226,0.1304347769376184,0.49999987500003124,0.0,0.5384615384615384,19.0
44288962649e,78.0,23.0,39.588726,1.4889105909090907,2.1774283614507417,0.08695651795841226,0.17391303591682453,0.399999920000016,0.0,0.5384615384615384,19.0
447cef9e1a08,77.0,23.0,14.657311,0.5255235454545454,0.46135164427196984,0.08695651795841226,0.1304347769376184,0.49999987500003124,0.0,0.5384615384615384,19.0
44d14aaa4a11,78.0,23.0,33.636154,1.2473492727272728,1.2922688415023504,0.08695651795841226,0.17391303591682453,0.399999920000016,0.0,0.5384615384615384,19.0
44d19d66a10e,10.0,5.0,9.139509,1.431394,0.3902125810563604,0.0,0.0,1.9999980000020001,0.0,0.19999999999999996,5.0
4518b5d43881,78.0,23.0,10.662441,0.3823349545454546,0.3157852510821204,0.08695651795841226,0.17391303591682453,0.399999920000016,0.0,0.5384615384615384,19.0
452850077e89,78.0,23.0,6.1728439999999996,0.2117138636363636,0.0982577037557945,0.08695651795841226,0.17391303591682453,0.399999920000016,0.0,0.5384615384615384,19.0
454531cb7c4a,41.0,19.0,14.176376,0.5338769999999999,0.10888891821538886,0.0,0.0,1.9999980000020001,0.0,0.5588235294117647,16.0
454b48c81440,78.0,23.0,33.171649,1.1915403636363637,1.1977052045911858,0.08695651795841226,0.17391303591682453,0.399999920000016,0.0,0.5384615384615384,19.0
455941a70c11,78.0,23.0,38.453885,1.2710472727272728,1.3203703625141439,0.08695651795841226,0.17391303591682453,0.399999920000016,0.0,0.5384615384615384,19.0
455f9d806881,78.0,23.0,17.349314,0.6378955909090909,0.5402876238667573,0.08695651795841226,0.17391303591682453,0.399999920000016,0.0,0.5384615384615384,19.0
456db1843405,20.0,5.0,1.969013,0.26186975,0.06201567672438424,0.0,0.0,1.9999980000020001,0.0,0.19999999999999996,5.0
45ba9c43ad26,78.0,23.0,5.939235,0.1960566818181818,0.12169696834209079,0.08695651795841226,0.17391303591682453,0.399999920000016,0.0,0.5384615384615384,19.0
45eea7ccccaf,78.0,23.0,11.277515,0.40433918181818174,0.29487554851231995,0.08695651795841226,0.17391303591682453,0.399999920000016,0.0,0.5384615384615384,19.0
4605903351cb,78.0,23.0,5.595315,0.1877615454545455,0.09190973272662036,0.08695651795841226,0.17391303591682453,0.399999920000016,0.0,0.5384615384615384,19.0
4619cf0a242f,41.0,19.0,32.508543,1.290888,0.2534223017497032,0.0,0.0,1.9999980000020001,0.0,0.5588235294117647,16.0
4622c7ae5846,41.0,19.0,27.347866,1.085613111111111,0.13368418290349526,0.0,0.0,1.9999980000020001,0.0,0.5588235294117647,16.0
4625912c3a9d,41.0,19.0,14.708703,0.5567594444444444,0.10755112337872694,0.0,0.0,1.9999980000020001,0.0,0.5588235294117647,16.0
463fdfaecfbe,78.0,23.0,78.190493,2.8208073181818176,3.0122331181462827,0.08695651795841226,0.17391303591682453,0.399999920000016,0.0,0.5384615384615384,19.0
4655e05b68d9,78.0,23.0,36.074783,1.3419810909090908,1.505402003770893,0.08695651795841226,0.17391303591682453,0.399999920000016,0.0,0.5384615384615384,19.0
465ca452d7f1,78.0,23.0,5.651994,0.1846817727272727,0.10156810726701089,0.08695651795841226,0.17391303591682453,0.399999920000016,0.0,0.5384615384615384,19.0
46790f46861c,41.0,19.0,27.683096,1.1396924999999998,0.11729969826010538,0.0,0.0,1.9999980000020001,0.0,0.5588235294117647,16.0
467d510d050a,78.0,23.0,6.068933,0.20918595454545458,0.10332735384918179,0.08695651795841226,0.17391303591682453,0.399999920000016,0.0,0.5384615384615384,19.0
4695784e785d,78.0,23.0,32.15574,1.1881441818181817,1.1863770570012377,0.08695651795841226,0.17391303591682453,0.399999920000016,0.0,0.5384615384615384,19.0
46a5af93dafa,13.0,6.0,2.761305,0.061533000000000004,0.12742605257167783,0.33333327777778704,0.0,0.0,0.0,0.16666666666666663,6.0
46ae16db03a6,79.0,23.0,33.494357,1.2516476363636362,1.2926726665649164,0.08695651795841226,0.21739129489603065,0.33333327777778704,0.0,0.5384615384615384,19.0
46c19778860b,41.0,19.0,11.578235,0.4164352777777778,0.08307544687657015,0.0,0.0,1.9999980000020001,0.0,0.5588235294117647,16.0
46f52dd8fd04,41.0,19.0,12.546594,0.4712913888888889,0.08905910100478809,0.0,0.0,1.9999980000020001,0.0,0.5588235294117647,16.0
46fd289f7c98,78.0,23.0,22.055398,0.8120456363636364,0.7874482998797926,0.08695651795841226,0.17391303591682453,0.399999920000016,0.0,0.5384615384615384,19.0
4711599f2a99,78.0,23.0,15.041536,0.546494590909091,0.5689777027553272,0.08695651795841226,0.17391303591682453,0.399999920000016,0.0,0.5384615384615384,19.0
4778a5e7adb1,78.0,23.0,38.967799,1.4547566363636364,2.1097463765564117,0.08695651795841226,0.17391303591682453,0.399999920000016,0.0,0.5384615384615384,19.0
479099213845,41.0,19.0,26.938329,1.0827840555555555,0.11727674950278043,0.0,0.0,1.9999980000020001,0.0,0.5588235294117647,16.0
47ade8059f02,78.0,23.0,7.926253,0.2858141363636364,0.30136090699585016,0.08695651795841226,0.17391303591682453,0.399999920000016,0.0,0.5384615384615384,19.0
47c58d58388d,78.0,23.0,14.525654,0.5299717727272728,0.43763192589303934,0.08695651795841226,0.17391303591682453,0.399999920000016,0.0,0.5384615384615384,19.0
47efde4036e0,78.0,23.0,30.062938,1.1099640454545452,1.1000328111321855,0.08695651795841226,0.17391303591682453,0.399999920000016,0.0,0.5384615384615384,19.0
4818e49a50a1,78.0,23.0,37.110289,1.4312128636363637,2.187529616512704,0.08695651795841226,0.17391303591682453,0.399999920000016,0.0,0.5384615384615384,19.0
48311da29bae,78.0,23.0,44.661364,1.661869681818182,2.4659757333170402,0.08695651795841226,0.17391303591682453,0.399999920000016,0.0,0.5384615384615384,19.0
484b86d5a651,78.0,23.0,5.982671,0.20122681818181817,0.10938434757950487,0.08695651795841226,0.17391303591682453,0.399999920000016,0.0,0.5384615384615384,19.0
48541123ad11,78.0,23.0,6.6840779999999995,0.2290041363636363,0.14077018455296478,0.08695651795841226,0.17391303591682453,0.399999920000016,0.0,0.5384615384615384,19.0
485e7ed200fb,77.0,23.0,32.854849,1.230600136363636,1.3521212957062725,0.08695651795841226,0.1304347769376184,0.49999987500003124,0.0,0.5384615384615384,19.0
486a97c1bedb,78.0,23.0,16.206855,0.5791892272727273,0.47129035145822,0.08695651795841226,0.17391303591682453,0.399999920000016,0.0,0.5384615384615384,19.0
48782091eafb,78.0,23.0,32.259439,1.2113834090909092,1.1809748744711541,0.08695651795841226,0.17391303591682453,0.399999920000016,0.0,0.5384615384615384,19.0
488904d3ea4b,79.0,23.0,37.908063,1.4028976363636365,1.913851502115179,0.08695651795841226,0.21739129489603065,0.33333327777778704,0.0,0.5384615384615384,19.0
488d40a14a55,78.0,23.0,14.039123,0.5067861818181819,0.4115725635627142,0.08695651795841226,0.17391303591682453,0.399999920000016,0.0,0.5384615384615384,19.0
48941164b469,41.0,19.0,21.406708,0.8568545000000001,0.12003688101444684,0.0,0.0,1.9999980000020001,0.0,0.5588235294117647,16.0
48f51836a8ef,18.0,10.0,0.84881,0.04319433333333333,0.037164865642835304,0.299999970000003,0.0,0.0,0.0,0.15384615384615385,12.0
492e5a1cb250,41.0,19.0,28.781017,1.191523277777778,0.10674778275576145,0.0,0.0,1.9999980000020001,0.0,0.5588235294117647,16.0
49903f7397bb,78.0,23.0,14.436265,0.5205868636363636,0.4967388322587056,0.08695651795841226,0.17391303591682453,0.399999920000016,0.0,0.5384615384615384,19.0
499d439f2ffc,19.0,10.0,1.390059,0.05597111111111111,0.049385717053224115,0.299999970000003,0.0,0.9999990000010001,0.499999750000125,0.15384615384615385,12.0
49bb0b5d2a09,78.0,23.0,5.377137,0.17802281818181817,0.08820382129430532,0.08695651795841226,0.17391303591682453,0.399999920000016,0.0,0.5384615384615384,19.0
49c65f6f9a5e,78.0,23.0,6.131709,0.20615568181818178,0.11465038533209865,0.08695651795841226,0.17391303591682453,0.399999920000016,0.0,0.5384615384615384,19.0
49e3cbaf4a7e,78.0,23.0,19.715438,0.7208583636363636,0.6597775735973843,0.08695651795841226,0.17391303591682453,0.399999920000016,0.0,0.5384615384615384,19.0
49e78fee0665,41.0,19.0,26.90926,1.0634418333333333,0.16026239510445878,0.0,0.0,1.9999980000020001,0.0,0.5588235294117647,16.0
4a3df7458370,78.0,23.0,21.45069,0.7919288181818183,0.7703345978375788,0.08695651795841226,0.17391303591682453,0.399999920000016,0.0,0.5384615384615384,19.0
4a5dce423989,41.0,19.0,30.641204,1.2131808333333334,0.1413694415728436,0.0,0.0,1.9999980000020001,0.0,0.5588235294117647,16.0
4ad2087a9b35,77.0,23.0,33.299822,1.2260253636363634,1.1250825130050535,0.08695651795841226,0.1304347769376184,0.49999987500003124,0.0,0.5384615384615384,19.0
4b1b701fcf31,41.0,19.0,35.34297,1.435391888888889,0.6176514045551327,0.0,0.0,1.9999980000020001,0.0,0.5588235294117647,16.0
4b365b212e7b,79.0,23.0,123.548861,4.006174954545455,4.746483177395514,0.08695651795841226,0.21739129489603065,0.33333327777778704,0.0,0.5384615384615384,19.0
4b4705cd50e3,78.0,23.0,8.711115,0.3078475454545455,0.18996110036674732,0.08695651795841226,0.17391303591682453,0.399999920000016,0.0,0.5384615384615384,19.0
4b7cae09df64,78.0,23.0,14.315374,0.5199887272727272,0.4647768766073398,0.08695651795841226,0.17391303591682453,0.399999920000016,0.0,0.5384615384615384,19.0
4bb4d8ff8ac1,78.0,23.0,18.007473,0.6566702272727273,0.5985112964884448,0.08695651795841226,0.17391303591682453,0.399999920000016,0.0,0.5384615384615384,19.0
4c12192428ff,41.0,19.0,19.598156,0.7581429444444444,0.12296275235948592,0.0,0.0,1.9999980000020001,0.0,0.5588235294117647,16.0
4c2c142571e0,78.0,23.0,29.550967,1.0921858636363637,1.1006867010274952,0.08695651795841226,0.17391303591682453,0.399999920000016,0.0,0.5384615384615384,19.0
4c4f04f09401,78.0,23.0,29.378402,1.083037318181818,1.0940533497259666,0.08695651795841226,0.17391303591682453,0.399999920000016,0.0,0.5384615384615384,19.0
4c7b0fa24add,41.0,19.0,5.725474,0.17820916666666664,0.04114183321325216,0.0,0.0,1.9999980000020001,0.0,0.5588235294117647,16.0
4cb967085372,78.0,23.0,19.530878,0.7122995454545454,0.6504897797949545,0.08695651795841226,0.17391303591682453,0.399999920000016,0.0,0.5384615384615384,19.0
4cbcd741e233,78.0,23.0,16.849892,0.6152123636363636,0.5530210093760364,0.08695651795841226,0.17391303591682453,0.399999920000016,0.0,0.5384615384615384,19.0
4cc226cc9bce,77.0,23.0,21.945775,0.8067530454545455,0.7642456705565471,0.08695651795841226,0.1304347769376184,0.49999987500003124,0.0,0.5384615384615384,19.0
4ce4b1684763,41.0,19.0,30.746255,1.2706849444444446,0.3479724032354683,0.0,0.0,1.9999980000020001,0.0,0.5588235294117647,16.0
4cf99a38f1fd,78.0,23.0,31.660846,1.1872717272727273,1.2401943369221722,0.08695651795841226,0.17391303591682453,0.399999920000016,0.0,0.5384615384615384,19.0
4d02aada3a24,78.0,23.0,22.090911,0.8152537272727273,0.7734098395074696,0.08695651795841226,0.17391303591682453,0.399999920000016,0.0,0.5384615384615384,19.0
4d0918fc0ac6,78.0,23.0,32.447868,1.2084723181818182,1.212989100439916,0.08695651795841226,0.17391303591682453,0.399999920000016,0.0,0.5384615384615384,19.0
4d2c49516887,77.0,23.0,8.66513,0.3063314545454545,0.14305064205269513,0.08695651795841226,0.1304347769376184,0.49999987500003124,0.0,0.5384615384615384,19.0
4d48f34c10a2,41.0,19.0,20.641231,0.8018859444444445,0.11778130754794079,0.0,0.0,1.9999980000020001,0.0,0.5588235294117647,16.0
4db5a5525b2c,78.0,23.0,17.326238,0.6345881363636363,0.5823561787572059,0.08695651795841226,0.17391303591682453,0.399999920000016,0.0,0.5384615384615384,19.0
4dbd0bdb7074,78.0,23.0,13.806425,0.4977383181818182,0.4234507846455051,0.08695651795841226,0.17391303591682453,0.399999920000016,0.0,0.5384615384615384,19.0
4dc35b84d394,41.0,19.0,16.716245,0.6819927222222222,0.07022122428423706,0.0,0.0,1.9999980000020001,0.0,0.5588235294117647,16.0
4de8c534549a,78.0,23.0,27.400652,1.0511438636363637,1.0073469910165158,0.08695651795841226,0.17391303591682453,0.399999920000016,0.0,0.5384615384615384,19.0
4dfe991eae8d,7.0,1.0,6.228569,0.0,0.0,0.0,0.0,1.9999980000020001,0.0,1.0,1.0
4e4babbb4400,78.0,23.0,14.130594,0.5146678181818183,0.42232156753531924,0.08695651795841226,0.17391303591682453,0.399999920000016,0.0,0.5384615384615384,19.0
4e51533e50be,78.0,23.0,30.173476,1.1292586363636363,1.1547153400185464,0.08695651795841226,0.17391303591682453,0.399999920000016,0.0,0.5384615384615384,19.0
4e5634854baa,78.0,23.0,21.347381,0.7868110454545455,0.7828106967713616,0.08695651795841226,0.17391303591682453,0.399999920000016,0.0,0.5384615384615384,19.0
4e822ff90d82,78.0,23.0,5.569066,0.18111386363636361,0.09783606474209094,0.08695651795841226,0.17391303591682453,0.399999920000016,0.0,0.5384615384615384,19.0
4e89de1415d9,78.0,23.0,30.972147,1.146198681818182,1.1481776870176823,0.08695651795841226,0.17391303591682453,0.399999920000016,0.0,0.5384615384615384,19.0
4ec5d8344abf,78.0,23.0,19.179543,0.7128962272727274,0.6900941584152488,0.08695651795841226,0.17391303591682453,0.399999920000016,0.0,0.5384615384615384,19.0
4eccbee9346a,78.0,23.0,8.732504,0.291164,0.22468094679259978,0.08695651795841226,0.17391303591682453,0.399999920000016,0.0,0.5384615384615384,19.0
4f04642ab3ba,41.0,19.0,33.953795,1.3847671111111113,0.48001633185265796,0.0,0.0,1.9999980000020001,0.0,0.5588235294117647,16.0
4f5082c4d529,10.0,5.0,6.790258,1.0319924999999999,0.020327029336985443,0.0,0.0,1.9999980000020001,0.0,0.19999999999999996,5.0
4f6d978bb283,78.0,23.0,23.747006,0.8732573181818183,0.8533822765973716,0.08695651795841226,0.17391303591682453,0.399999920000016,0.0,0.5384615384615384,19.0
4f7e5a1427f8,78.0,23.0,7.201353,0.2486493181818182,0.14167947233754905,0.08695651795841226,0.17391303591682453,0.399999920000016,0.0,0.5384615384615384,19.0
4f9604ebe283,41.0,19.0,48.964806,1.9524558888888888,0.9354496782124369,0.0,0.0,1.9999980000020001,0.0,0.5588235294117647,16.0
4fc1feb4b9f7,78.0,23.0,6.284074,0.20894959090909096,0.10557036024407025,0.08695651795841226,0.17391303591682453,0.399999920000016,0.0,0.5384615384615384,19.0
5037d4192025,41.0,19.0,13.128049,0.4773504444444445,0.08675450779488075,0.0,0.0,1.9999980000020001,0.0,0.5588235294117647,16.0
503b302658b3,41.0,19.0,16.036279,0.4801288888888889,0.08751767181337712,0.0,0.0,1.9999980000020001,0.0,0.5588235294117647,16.0
50485105cc8f,78.0,23.0,14.800802000000001,0.5314545454545454,0.41843917613842346,0.08695651795841226,0.17391303591682453,0.399999920000016,0.0,0.5384615384615384,19.0
5087bceabe56,78.0,23.0,13.497457,0.4864814545454546,0.40172735550118327,0.08695651795841226,0.17391303591682453,0.399999920000016,0.0,0.5384615384615384,19.0
50bbe4e2aa4f,78.0,23.0,13.60304,0.4932206363636364,0.4157506581770176,0.08695651795841226,0.17391303591682453,0.399999920000016,0.0,0.5384615384615384,19.0
50d2634b79d6,78.0,23.0,23.818193,0.8946670909090909,0.8866954789264793,0.08695651795841226,0.17391303591682453,0.399999920000016,0.0,0.5384615384615384,19.0
50d74965e6fb,78.0,23.0,29.983513,1.1162155454545457,1.1014478152592193,0.08695651795841226,0.17391303591682453,0.399999920000016,0.0,0.5384615384615384,19.0
5104dcb8e739,41.0,19.0,6.522905,0.23366677777777778,0.05845641510567112,0.0,0.0,1.9999980000020001,0.0,0.5588235294117647,16.0
5109e589e702,78.0,23.0,7.439207,0.2583342727272727,0.14972240568216708,0.08695651795841226,0.17391303591682453,0.399999920000016,0.0,0.5384615384615384,19.0
516862d8deec,78.0,23.0,8.434336,0.2944646363636363,0.2114047682650389,0.08695651795841226,0.17391303591682453,0.399999920000016,0.0,0.5384615384615384,19.0
5174dafde6e6,41.0,19.0,28.624013,1.1623656666666669,0.16548366160404587,0.0,0.0,1.9999980000020001,0.0,0.5588235294117647,16.0
5177a0d6b6d5,106.0,50.0,204.711507,4.045051,8.452960598326124,0.0,0.0,2.9999970000030003,0.0,0.98,2.0
518b448978b3,80.0,23.0,23.124394,0.866505681818182,0.7622672754098156,0.08695651795841226,0.2608695538752368,0.285714244897965,0.0,0.5384615384615384,19.0
519ed974862b,78.0,23.0,9.041941,0.32048622727272724,0.24545109279639782,0.08695651795841226,0.17391303591682453,0.399999920000016,0.0,0.5384615384615384,19.0
51cbca8ef2e2,78.0,23.0,17.347093,0.6323004999999999,0.5636256398465672,0.08695651795841226,0.17391303591682453,0.399999920000016,0.0,0.5384615384615384,19.0
52294f5d6bf1,41.0,19.0,80.343722,4.110811,6.425916005051402,0.0,0.0,1.9999980000020001,0.0,0.5588235294117647,16.0
523477de2bc5,41.0,19.0,38.231532,1.527294611111111,0.5282943870930452,0.0,0.0,1.9999980000020001,0.0,0.5588235294117647,16.0
523508db65c5,41.0,19.0,12.877305,0.5363869444444443,0.04984131976048908,0.0,0.0,1.9999980000020001,0.0,0.5588235294117647,16.0
528ab27753a5,78.0,23.0,15.003812,0.5468086363636363,0.46553684008306806,0.08695651795841226,0.17391303591682453,0.399999920000016,0.0,0.5384615384615384,19.0
52981a9048b2,78.0,23.0,25.698796,0.9538325454545454,0.9126228126355549,0.08695651795841226,0.17391303591682453,0.399999920000016,0.0,0.5384615384615384,19.0
52aa2228649b,78.0,23.0,17.76148,0.6568987272727272,0.6794614115464425,0.08695651795841226,0.17391303591682453,0.399999920000016,0.0,0.5384615384615384,19.0
52cca7847e0a,41.0,19.0,16.796972,0.6429576666666666,0.10464392270991013,0.0,0.0,1.9999980000020001,0.0,0.5588235294117647,16.0
5312a799adf4,78.0,23.0,37.949485,1.1630209999999999,1.1990379499127821,0.08695651795841226,0.17391303591682453,0.399999920000016,0.0,0.5384615384615384,19.0
53225dfa25a1,41.0,19.0,19.955468,0.7714349444444444,0.12490052045361927,0.0,0.0,1.9999980000020001,0.0,0.5588235294117647,16.0
5357abfb5408,79.0,23.0,29.008062,1.0779261363636363,1.2060291164045551,0.08695651795841226,0.21739129489603065,0.33333327777778704,0.0,0.5384615384615384,19.0
535fbfb95bdb,78.0,23.0,8.715623,0.29495322727272727,0.2593999028868511,0.08695651795841226,0.17391303591682453,0.399999920000016,0.0,0.5384615384615384,19.0
53b4195e4147,41.0,19.0,38.905256,1.4463924444444443,0.5637904944968186,0.0,0.0,1.9999980000020001,0.0,0.5588235294117647,16.0
53b48b02b91d,78.0,23.0,39.070346,1.486703590909091,1.7208041000764085,0.08695651795841226,0.17391303591682453,0.399999920000016,0.0,0.5384615384615384,19.0
53e74a66498b,78.0,23.0,8.538469,0.30075990909090905,0.22707409308184792,0.08695651795841226,0.17391303591682453,0.399999920000016,0.0,0.5384615384615384,19.0
53f024aced29,41.0,19.0,22.526398,0.881042388888889,0.12622727973691364,0.0,0.0,1.9999980000020001,0.0,0.5588235294117647,16.0
53f0a4dd6742,77.0,23.0,6.392152,0.22143722727272727,0.10756661862701945,0.08695651795841226,0.1304347769376184,0.49999987500003124,0.0,0.5384615384615384,19.0
540c95f18308,8.0,1.0,81.007949,0.0,0.0,0.0,0.0,1.9999980000020001,0.0,1.0,1.0
541f8019ffe4,78.0,23.0,7.742387,0.27756854545454546,0.1366825129316379,0.08695651795841226,0.17391303591682453,0.399999920000016,0.0,0.5384615384615384,19.0
542e4b6f6d62,78.0,23.0,40.901552,1.5348723181818185,1.5612021728460042,0.08695651795841226,0.17391303591682453,0.399999920000016,0.0,0.5384615384615384,19.0
543a755ac777,78.0,23.0,33.320528,1.2508663636363637,1.155585145198724,0.08695651795841226,0.17391303591682453,0.399999920000016,0.0,0.5384615384615384,19.0
54442b06bd65,78.0,23.0,32.597962,1.202462,1.1935887037364414,0.08695651795841226,0.17391303591682453,0.399999920000016,0.0,0.5384615384615384,19.0
54606d1e8246,78.0,23.0,31.850301,1.1829931818181818,1.1987522571296745,0.08695651795841226,0.17391303591682453,0.399999920000016,0.0,0.5384615384615384,19.0
546084188cea,41.0,19.0,24.834463,1.0367690555555555,0.07754679476402107,0.0,0.0,1.9999980000020001,0.0,0.5588235294117647,16.0
546416ab955e,78.0,23.0,13.797608,0.5022604090909092,0.4135208559822022,0.08695651795841226,0.17391303591682453,0.399999920000016,0.0,0.5384615384615384,19.0
54933a6c1add,78.0,23.0,14.385575,0.5259974090909091,0.4116466264659832,0.08695651795841226,0.17391303591682453,0.399999920000016,0.0,0.5384615384615384,19.0
5493863fd8a7,78.0,23.0,35.925146,1.2627868636363635,1.3000611678859135,0.08695651795841226,0.17391303591682453,0.399999920000016,0.0,0.5384615384615384,19.0
54a8456928d0,78.0,23.0,17.462391,0.6299026363636363,0.5604267974045313,0.08695651795841226,0.17391303591682453,0.399999920000016,0.0,0.5384615384615384,19.0
54c8e01b4d7f,41.0,19.0,35.834334,1.4231717222222222,0.18711571230998011,0.0,0.0,1.9999980000020001,0.0,0.5588235294117647,16.0
54d5199d97d4,10.0,5.0,8.372691,0.90980225,0.010951612891107243,0.0,0.0,1.9999980000020001,0.0,0.19999999999999996,5.0
54e500e3f70b,65.0,19.0,47.175124,0.7444875555555556,0.18892327701484052,0.10526315235457093,0.15789472853185638,0.49999987500003124,0.0,0.5151515151515151,17.0
54fc8689ab6b,78.0,23.0,6.085514,0.20885304545454544,0.08593045132269261,0.08695651795841226,0.17391303591682453,0.399999920000016,0.0,0.5384615384615384,19.0
5519dc00a33f,78.0,23.0,15.904219,0.5788836363636364,0.5230686212017134,0.08695651795841226,0.17391303591682453,0.399999920000016,0.0,0.5384615384615384,19.0
552235edf903,78.0,23.0,19.402622,0.7107773636363638,0.6580536752609416,0.08695651795841226,0.17391303591682453,0.399999920000016,0.0,0.5384615384615384,19.0
552a8ebdfcd4,78.0,23.0,6.260763,0.2149601363636364,0.11630376041183235,0.08695651795841226,0.17391303591682453,0.399999920000016,0.0,0.5384615384615384,19.0
55357e673b16,78.0,23.0,40.677502,1.442672909090909,2.0778485450809545,0.08695651795841226,0.17391303591682453,0.399999920000016,0.0,0.5384615384615384,19.0
555c0d186975,13.0,6.0,181.242106,0.0473378,0.06486692152553564,0.33333327777778704,0.0,0.0,0.0,0.16666666666666663,6.0
556b55d6499c,78.0,23.0,19.482589,0.7178518636363634,0.6342863896400424,0.08695651795841226,0.17391303591682453,0.399999920000016,0.0,0.5384615384615384,19.0
557252ae39c8,78.0,23.0,14.080185,0.5092593636363636,0.4301063564703996,0.08695651795841226,0.17391303591682453,0.399999920000016,0.0,0.5384615384615384,19.0
558961481632,78.0,23.0,14.706813,0.5361056818181817,0.541257943129696,0.08695651795841226,0.17391303591682453,0.399999920000016,0.0,0.5384615384615384,19.0
56264e7ae44d,78.0,23.0,37.606395,1.2999806363636364,1.7492344093524252,0.08695651795841226,0.17391303591682453,0.399999920000016,0.0,0.5384615384615384,19.0
563094c32b96,41.0,19.0,32.649267,1.2861866111111113,0.1615020083649076,0.0,0.0,1.9999980000020001,0.0,0.5588235294117647,16.0
564e2cb5e6a0,78.0,23.0,5.481408,0.1748437272727273,0.09676492494562068,0.08695651795841226,0.17391303591682453,0.399999920000016,0.0,0.5384615384615384,19.0
5676f4d19148,77.0,23.0,34.563121,1.3021404545454547,1.4046085078288921,0.08695651795841226,0.1304347769376184,0.49999987500003124,0.0,0.5384615384615384,19.0
56a97830cd28,78.0,23.0,5.750817,0.1899609090909091,0.12334178039435169,0.08695651795841226,0.17391303591682453,0.399999920000016,0.0,0.5384615384615384,19.0
56f35334becc,78.0,23.0,6.791629,0.23212509090909092,0.12279702039773917,0.08695651795841226,0.17391303591682453,0.399999920000016,0.0,0.5384615384615384,19.0
5705c20b82ca,78.0,23.0,32.843412,1.2209157272727271,1.2500462169492617,0.08695651795841226,0.17391303591682453,0.399999920000016,0.0,0.5384615384615384,19.0
5739cc473ef3,78.0,23.0,20.380436,0.7490723181818182,0.6825458200758314,0.08695651795841226,0.17391303591682453,0.399999920000016,0.0,0.5384615384615384,19.0
575eca518cfd,78.0,23.0,5.964525,0.19986395454545455,0.12269443044233613,0.08695651795841226,0.17391303591682453,0.399999920000016,0.0,0.5384615384615384,19.0
57a4626548e0,41.0,19.0,26.985767,1.0889794444444445,0.10540943956179646,0.0,0.0,1.9999980000020001,0.0,0.5588235294117647,16.0
57c5e31ea959,78.0,23.0,5.726081,0.1847247272727273,0.0958665999780458,0.08695651795841226,0.17391303591682453,0.399999920000016,0.0,0.5384615384615384,19.0
57c7b3dae780,41.0,19.0,24.807668,0.9690191666666667,0.13839262714221282,0.0,0.0,1.9999980000020001,0.0,0.5588235294117647,16.0
57d9422b4ef4,41.0,19.0,6.034541,0.20104105555555557,0.05244156033649403,0.0,0.0,1.9999980000020001,0.0,0.5588235294117647,16.0
57f6eb7966df,78.0,23.0,5.612115,0.1908150909090909,0.09233722837198392,0.08695651795841226,0.17391303591682453,0.399999920000016,0.0,0.5384615384615384,19.0
583138c70a7f,78.0,23.0,17.266163,0.6308711818181819,0.5694334145108533,0.08695651795841226,0.17391303591682453,0.399999920000016,0.0,0.5384615384615384,19.0
585220900479,78.0,23.0,17.052114,0.6161666363636364,0.5537768071993098,0.08695651795841226,0.17391303591682453,0.399999920000016,0.0,0.5384615384615384,19.0
586c5c81840a,78.0,23.0,16.109753,0.5879693636363637,0.5298568898223768,0.08695651795841226,0.17391303591682453,0.399999920000016,0.0,0.5384615384615384,19.0
586c8ad2a01c,8.0,1.0,5.315077,0.0,0.0,0.0,0.0,2.9999970000030003,0.0,1.0,1.0
587ff1d45a9e,78.0,23.0,34.022865,1.2792007727272727,1.2489801644964251,0.08695651795841226,0.17391303591682453,0.399999920000016,0.0,0.5384615384615384,19.0
58bb887a4cee,78.0,23.0,19.051231,0.7136949090909092,0.6378729419904957,0.08695651795841226,0.17391303591682453,0.399999920000016,0.0,0.5384615384615384,19.0
58f55af14795,78.0,23.0,30.451282,1.1005577727272728,1.2244751243771634,0.08695651795841226,0.17391303591682453,0.399999920000016,0.0,0.5384615384615384,19.0
590c56130084,77.0,23.0,11.213021,0.4017057272727272,0.34324340474102016,0.08695651795841226,0.1304347769376184,0.49999987500003124,0.0,0.5384615384615384,19.0
5913eb09989c,78.0,23.0,23.218973,0.8529952272727271,0.8461947521692926,0.08695651795841226,0.17391303591682453,0.399999920000016,0.0,0.5384615384615384,19.0
59216cbdff83,41.0,19.0,21.436303,0.8263563333333334,0.11305903032330969,0.0,0.0,1.9999980000020001,0.0,0.5588235294117647,16.0
5946d09c9962,78.0,23.0,26.899862,1.0042613636363635,0.9896838025008433,0.08695651795841226,0.17391303591682453,0.399999920000016,0.0,0.5384615384615384,19.0
59825d6f2b80,41.0,19.0,31.678493,1.2402426111111111,0.19046709704925227,0.0,0.0,1.9999980000020001,0.0,0.5588235294117647,16.0
599f3bfca3d7,7.0,1.0,0.475074,0.0,0.0,0.0,0.0,1.9999980000020001,0.0,1.0,1.0
59e2109cd0d4,7.0,1.0,181.603959,0.0,0.0,0.0,0.0,1.9999980000020001,0.0,1.0,1.0
5a427b1850d3,102.0,48.0,215.612156,4.528853595744681,11.08324894092169,0.0,0.0,2.9999970000030003,0.0,0.9791666666666666,2.0
5a52d06012d8,78.0,23.0,31.553759,1.1408402272727272,1.1270721611153525,0.08695651795841226,0.17391303591682453,0.399999920000016,0.0,0.5384615384615384,19.0
5a62f0537276,41.0,19.0,4.717869,0.15618155555555555,0.04003745268711787,0.0,0.0,1.9999980000020001,0.0,0.5588235294117647,16.0
5a9147b0816f,41.0,19.0,17.772424,0.6829054444444443,0.122032924900099,0.0,0.0,1.9999980000020001,0.0,0.5588235294117647,16.0
5b01eab1e57f,18.0,10.0,2.696171,0.15413977777777776,0.14191899406331926,0.299999970000003,0.0,0.0,0.0,0.15384615384615385,12.0
5b10d5183de0,41.0,19.0,18.619825,0.7221057777777777,0.10569152521012189,0.0,0.0,1.9999980000020001,0.0,0.5588235294117647,16.0
5b291614e2b1,10.0,5.0,68.561687,0.557952,0.008632738808358152,0.0,0.0,1.9999980000020001,0.0,0.19999999999999996,5.0
5b4a1f6c7ce2,7.0,1.0,181.397576,0.0,0.0,0.0,0.0,1.9999980000020001,0.0,1.0,1.0
5b531803a022,78.0,23.0,8.328713,0.2877851818181818,0.19212274377908375,0.08695651795841226,0.17391303591682453,0.399999920000016,0.0,0.5384615384615384,19.0
5b62213a102e,41.0,19.0,27.047651,1.0516967777777777,0.15471666553928434,0.0,0.0,1.9999980000020001,0.0,0.5588235294117647,16.0
5b7b71757b33,78.0,23.0,24.850072,0.9102989545454544,0.8762751094662257,0.08695651795841226,0.17391303591682453,0.399999920000016,0.0,0.5384615384615384,19.0
5b8717b3e03b,41.0,19.0,15.422861,0.5886020000000001,0.09927836115867818,0.0,0.0,1.9999980000020001,0.0,0.5588235294117647,16.0
5b950fb080c1,78.0,23.0,8.240482,0.2859147727272727,0.19274323332744348,0.08695651795841226,0.17391303591682453,0.399999920000016,0.0,0.5384615384615384,19.0
5b95a70c94cc,78.0,23.0,28.810559,1.0641646818181818,1.0649006986950376,0.08695651795841226,0.17391303591682453,0.399999920000016,0.0,0.5384615384615384,19.0
5bb9db17c9ac,24.0,10.0,6.998341,0.1419331111111111,0.13047918071520495,0.299999970000003,0.0,5.999994000006001,0.857142734693895,0.15384615384615385,12.0
5bc9ac9f3d66,79.0,23.0,32.30255,1.1873931818181818,1.170744203513899,0.08695651795841226,0.21739129489603065,0.33333327777778704,0.0,0.5384615384615384,19.0
5c00c72d72a0,41.0,19.0,15.441016,0.6302349444444444,0.06500040351048712,0.0,0.0,1.9999980000020001,0.0,0.5588235294117647,16.0
5c3afe845167,7.0,1.0,181.544925,0.0,0.0,0.0,0.0,1.9999980000020001,0.0,1.0,1.0
5c70e2a219dc,77.0,23.0,36.769678,1.4026429545454542,2.1091198130101225,0.08695651795841226,0.1304347769376184,0.49999987500003124,0.0,0.5384615384615384,19.0
5c8b0093bcc1,8.0,1.0,4.10292,0.0,0.0,0.0,0.0,2.9999970000030003,0.0,1.0,1.0
5ceb5d440fe8,78.0,23.0,24.785262,0.9049131363636364,0.8859867698889831,0.08695651795841226,0.17391303591682453,0.399999920000016,0.0,0.5384615384615384,19.0
5d0a89ef705a,78.0,23.0,6.48864,0.22581677272727274,0.1437699272495011,0.08695651795841226,0.17391303591682453,0.399999920000016,0.0,0.5384615384615384,19.0
5d19e576dcd2,78.0,23.0,14.411138,0.5226867272727274,0.4282967405414128,0.08695651795841226,0.17391303591682453,0.399999920000016,0.0,0.5384615384615384,19.0
5d22b3d55b76,41.0,19.0,32.04801,1.2715,0.16797415743885757,0.0,0.0,1.9999980000020001,0.0,0.5588235294117647,16.0
5d2860ace507,78.0,23.0,36.997035,1.4169073181818181,2.095077726989585,0.08695651795841226,0.17391303591682453,0.399999920000016,0.0,0.5384615384615384,19.0
5d511955dda0,18.0,10.0,1.175475,0.06630444444444444,0.05914955029438329,0.299999970000003,0.0,0.0,0.0,0.15384615384615385,12.0
5d71153a7f58,10.0,5.0,6.197901,0.83046975,0.0309045035701379,0.0,0.0,1.9999980000020001,0.0,0.19999999999999996,5.0
5d88b8f38a25,9.0,1.0,2.431071,0.0,0.0,0.0,0.9999990000010001,0.99999950000025,0.0,0.5,2.0
5d8d42e25cfd,41.0,19.0,4.454911,0.14542827777777778,0.03434975951419466,0.0,0.0,1.9999980000020001,0.0,0.5588235294117647,16.0
5db4bb023619,78.0,23.0,15.104297,0.5499903636363637,0.5724098487964675,0.08695651795841226,0.17391303591682453,0.399999920000016,0.0,0.5384615384615384,19.0
5e3ee1009e30,21.0,8.0,159.415711,1.059561714285714,0.10973246257255914,0.0,0.0,1.9999980000020001,0.0,0.36363636363636365,8.0
5e45f189df16,78.0,23.0,6.899947,0.21818918181818178,0.18530610879161316,0.08695651795841226,0.17391303591682453,0.399999920000016,0.0,0.5384615384615384,19.0
5e777b226201,78.0,23.0,5.964773,0.20346768181818184,0.08509744291182925,0.08695651795841226,0.17391303591682453,0.399999920000016,0.0,0.5384615384615384,19.0
5e7928bc1e2d,41.0,19.0,14.686064,0.5589227222222222,0.105301276776688,0.0,0.0,1.9999980000020001,0.0,0.5588235294117647,16.0
5e8c83a6cf2f,78.0,23.0,31.137343,1.1413056363636362,1.1310153626967459,0.08695651795841226,0.17391303591682453,0.399999920000016,0.0,0.5384615384615384,19.0
5ed07efcbb44,78.0,23.0,8.48045,0.2960173636363636,0.20512871406731212,0.08695651795841226,0.17391303591682453,0.399999920000016,0.0,0.5384615384615384,19.0
5f086982d735,78.0,23.0,15.259208,0.5582084090909091,0.4885125032250512,0.08695651795841226,0.17391303591682453,0.399999920000016,0.0,0.5384615384615384,19.0
5f3e9e6c6a36,41.0,19.0,7.876763,0.27722938888888893,0.054157619132805195,0.0,0.0,1.9999980000020001,0.0,0.5588235294117647,16.0
5f526a4e3bdd,78.0,23.0,6.213757,0.21124531818181816,0.12647556826419515,0.08695651795841226,0.17391303591682453,0.399999920000016,0.0,0.5384615384615384,19.0
5f994e3a76a0,41.0,19.0,22.197071,0.8828442777777779,0.6964844919090029,0.0,0.0,1.9999980000020001,0.0,0.5588235294117647,16.0
5f9cad71eceb,78.0,23.0,34.396653,1.2590397727272729,1.311457549847422,0.08695651795841226,0.17391303591682453,0.399999920000016,0.0,0.5384615384615384,19.0
5fb38b3acac9,78.0,23.0,7.288886,0.24966736363636366,0.300907423420836,0.08695651795841226,0.17391303591682453,0.399999920000016,0.0,0.5384615384615384,19.0
5fc02ae05c49,78.0,23.0,5.836036,0.19343804545454546,0.15308143868433072,0.08695651795841226,0.17391303591682453,0.399999920000016,0.0,0.5384615384615384,19.0
5ff1ad00a137,78.0,23.0,31.706934,1.1801740909090908,1.3746645002237527,0.08695651795841226,0.17391303591682453,0.399999920000016,0.0,0.5384615384615384,19.0
5ff419f592e0,78.0,23.0,8.881054,0.3159400909090909,0.20969929166283824,0.08695651795841226,0.17391303591682453,0.399999920000016,0.0,0.5384615384615384,19.0
600243b83484,78.0,23.0,23.127103,0.8498498636363636,0.8393524055139342,0.08695651795841226,0.17391303591682453,0.399999920000016,0.0,0.5384615384615384,19.0
604406bb95d8,79.0,23.0,20.734515000000002,0.7440246818181818,0.6747475378158211,0.08695651795841226,0.21739129489603065,0.33333327777778704,0.0,0.5384615384615384,19.0
604f03ef16a0,78.0,23.0,39.048658,1.4864072727272728,1.4658192235319236,0.08695651795841226,0.17391303591682453,0.399999920000016,0.0,0.5384615384615384,19.0
605959c0dd81,10.0,5.0,6.933274,0.8660062500000001,0.0024099351823925284,0.0,0.0,1.9999980000020001,0.0,0.19999999999999996,5.0
6059a6f277a8,79.0,23.0,20.750204,0.7694637727272727,0.7086720507840489,0.08695651795841226,0.21739129489603065,0.33333327777778704,0.0,0.5384615384615384,19.0
60a2f5bfc59f,78.0,23.0,14.250665,0.5154625454545454,0.4415076687827449,0.08695651795841226,0.17391303591682453,0.399999920000016,0.0,0.5384615384615384,19.0
60e5ffb5f363,78.0,23.0,11.22905,0.4090291363636363,0.2931212401196239,0.08695651795841226,0.17391303591682453,0.399999920000016,0.0,0.5384615384615384,19.0
60ed0a6ea29a,78.0,23.0,6.393643,0.21651404545454545,0.1323079922574155,0.08695651795841226,0.17391303591682453,0.399999920000016,0.0,0.5384615384615384,19.0
610e3b2b1004,78.0,23.0,17.434931,0.6310434999999999,0.5528928125792427,0.08695651795841226,0.17391303591682453,0.399999920000016,0.0,0.5384615384615384,19.0
61a1607bb607,18.0,10.0,2.5860060000000002,0.14622088888888887,0.1336998143869733,0.299999970000003,0.0,0.0,0.0,0.15384615384615385,12.0
61ac5f3f56f7,78.0,23.0,29.421855,1.0943244545454547,1.113885970817682,0.08695651795841226,0.17391303591682453,0.399999920000016,0.0,0.5384615384615384,19.0
61bf37c150b3,41.0,19.0,30.556499,1.2326121666666667,0.12489791663088418,0.0,0.0,1.9999980000020001,0.0,0.5588235294117647,16.0
61d2fdce916b,78.0,23.0,32.81946,1.2168124090909092,1.249075370821292,0.08695651795841226,0.17391303591682453,0.399999920000016,0.0,0.5384615384615384,19.0
6202543e70b4,78.0,23.0,29.015257,1.0788570454545454,1.0649389396861917,0.08695651795841226,0.17391303591682453,0.399999920000016,0.0,0.5384615384615384,19.0
6232e53cb4c1,18.0,10.0,4.346305,0.16957566666666668,0.15740805734062663,0.299999970000003,0.0,0.0,0.0,0.15384615384615385,12.0
624207d63581,7.0,1.0,0.512216,0.0,0.0,0.0,0.0,1.9999980000020001,0.0,1.0,1.0
625bf4eafb2b,78.0,23.0,33.919046,1.2688488636363635,1.292489014520665,0.08695651795841226,0.17391303591682453,0.399999920000016,0.0,0.5384615384615384,19.0
626790a0fe32,78.0,23.0,18.472105,0.6818467272727272,0.6580027767666974,0.08695651795841226,0.17391303591682453,0.399999920000016,0.0,0.5384615384615384,19.0
626e56f957f4,78.0,23.0,32.025307,1.1896048636363636,1.2342432889764328,0.08695651795841226,0.17391303591682453,0.399999920000016,0.0,0.5384615384615384,19.0
626f7dca53f3,78.0,23.0,34.003153,1.2706391363636362,1.2725044828427838,0.08695651795841226,0.17391303591682453,0.399999920000016,0.0,0.5384615384615384,19.0
6272b5cacd4a,78.0,23.0,30.639135,1.1237807727272726,1.150924740477886,0.08695651795841226,0.17391303591682453,0.399999920000016,0.0,0.5384615384615384,19.0
627d82c1ac07,78.0,23.0,7.30253,0.252886,0.1730362727321865,0.08695651795841226,0.17391303591682453,0.399999920000016,0.0,0.5384615384615384,19.0
627e20d8607f,41.0,19.0,13.703126,0.5660915555555557,0.050630032286383755,0.0,0.0,1.9999980000020001,0.0,0.5588235294117647,16.0
629f092f39da,19.0,10.0,0.615362,0.023131555555555555,0.018624242817569196,0.299999970000003,0.0,0.9999990000010001,0.499999750000125,0.15384615384615385,12.0
62d05cd0c81d,78.0,23.0,34.467307,1.2704815,1.390678666099526,0.08695651795841226,0.17391303591682453,0.399999920000016,0.0,0.5384615384615384,19.0
62d8d7680f18,78.0,23.0,19.815295,0.7275171363636361,0.6551554271253063,0.08695651795841226,0.17391303591682453,0.399999920000016,0.0,0.5384615384615384,19.0
62d8dc510355,78.0,23.0,33.319864,1.2434925000000001,1.228366423531511,0.08695651795841226,0.17391303591682453,0.399999920000016,0.0,0.5384615384615384,19.0
630075462548,78.0,23.0,7.991427,0.2739280454545455,0.17327727334328513,0.08695651795841226,0.17391303591682453,0.399999920000016,0.0,0.5384615384615384,19.0
632b04f5bc9a,78.0,23.0,6.438252,0.21960813636363632,0.12684360139362305,0.08695651795841226,0.17391303591682453,0.399999920000016,0.0,0.5384615384615384,19.0
635205e5e0bf,41.0,19.0,19.976436,0.7716486666666666,0.12417084525765297,0.0,0.0,1.9999980000020001,0.0,0.5588235294117647,16.0
6360cdabc738,98.0,46.0,264.842466,5.800005533333334,10.795959147124336,0.0,0.0,2.9999970000030003,0.0,0.9782608695652174,2.0
639c411f6917,41.0,19.0,16.536939,0.6313845555555555,0.1072181183010882,0.0,0.0,1.9999980000020001,0.0,0.5588235294117647,16.0
63a994f861f8,41.0,19.0,26.820467,1.048731222222222,0.1550342071986451,0.0,0.0,1.9999980000020001,0.0,0.5588235294117647,16.0
63b75730cdf8,78.0,23.0,20.10507,0.7371684545454545,0.6830631209400453,0.08695651795841226,0.17391303591682453,0.399999920000016,0.0,0.5384615384615384,19.0
63d9e7e136d3,78.0,23.0,8.408099,0.2968422272727273,0.20148415690284593,0.08695651795841226,0.17391303591682453,0.399999920000016,0.0,0.5384615384615384,19.0
6400e1edc5fa,78.0,23.0,14.213697,0.5172659090909091,0.4387165643853519,0.08695651795841226,0.17391303591682453,0.399999920000016,0.0,0.5384615384615384,19.0
6409b9b0bb54,78.0,23.0,41.534906,1.5932201363636365,1.4248821692286497,0.08695651795841226,0.17391303591682453,0.399999920000016,0.0,0.5384615384615384,19.0
6490fd0e5ed4,41.0,19.0,25.823277,1.0778227222222223,0.09068353104895366,0.0,0.0,1.9999980000020001,0.0,0.5588235294117647,16.0
649e22dc4fa4,78.0,23.0,32.042045,1.1608215,1.159105286253182,0.08695651795841226,0.17391303591682453,0.399999920000016,0.0,0.5384615384615384,19.0
64bd1d91bf2b,78.0,23.0,24.833359,0.9054297272727272,0.9077833868965387,0.08695651795841226,0.17391303591682453,0.399999920000016,0.0,0.5384615384615384,19.0
64cf18dab219,10.0,5.0,4.148795,0.61250175,0.0895560016688813,0.0,0.0,1.9999980000020001,0.0,0.19999999999999996,5.0
64e23dd362d7,78.0,23.0,36.96155,1.3644268636363635,1.4848175291605716,0.08695651795841226,0.17391303591682453,0.399999920000016,0.0,0.5384615384615384,19.0
6506c4e16ac8,78.0,23.0,8.108075,0.2414204090909091,0.1171456486847764,0.08695651795841226,0.17391303591682453,0.399999920000016,0.0,0.5384615384615384,19.0
6525979b16db,78.0,23.0,7.547244,0.2631111818181818,0.25355286131873517,0.08695651795841226,0.17391303591682453,0.399999920000016,0.0,0.5384615384615384,19.0
652749c06fc4,41.0,19.0,29.624195,1.0750624444444443,0.37684041937126184,0.0,0.0,1.9999980000020001,0.0,0.5588235294117647,16.0
654113a2b4aa,78.0,23.0,6.457291,0.22432668181818186,0.12629939577293403,0.08695651795841226,0.17391303591682453,0.399999920000016,0.0,0.5384615384615384,19.0
65916c06755a,78.0,23.0,8.393398,0.2975139545454546,0.2048038879159134,0.08695651795841226,0.17391303591682453,0.399999920000016,0.0,0.5384615384615384,19.0
65df6b687517,41.0,19.0,31.514279,1.288278611111111,0.2499281922397944,0.0,0.0,1.9999980000020001,0.0,0.5588235294117647,16.0
65f005065d42,78.0,23.0,79.626543,3.2828720909090907,4.5810728412910935,0.08695651795841226,0.17391303591682453,0.399999920000016,0.0,0.5384615384615384,19.0
661ad46b089f,78.0,23.0,10.186648,0.3634501818181819,0.2682556589926565,0.08695651795841226,0.17391303591682453,0.399999920000016,0.0,0.5384615384615384,19.0
66720be02771,78.0,23.0,33.069205,1.2392306818181817,1.3122526136906134,0.08695651795841226,0.17391303591682453,0.399999920000016,0.0,0.5384615384615384,19.0
667725ea6934,78.0,23.0,33.157461,1.2166857272727272,1.1662052977868078,0.08695651795841226,0.17391303591682453,0.399999920000016,0.0,0.5384615384615384,19.0
66cd30188e4a,8.0,2.0,14.438426,2.08329,,0.0,0.0,1.9999980000020001,0.0,0.16666666666666663,6.0
66d62059d1b3,41.0,19.0,48.282117,1.8818958888888888,0.8158111277594249,0.0,0.0,1.9999980000020001,0.0,0.5588235294117647,16.0
6716f80fb2c1,78.0,23.0,15.063224,0.5487864090909091,0.46451077908541477,0.08695651795841226,0.17391303591682453,0.399999920000016,0.0,0.5384615384615384,19.0
674f95111131,78.0,23.0,24.995289,0.9265427272727272,0.9356346794557201,0.08695651795841226,0.17391303591682453,0.399999920000016,0.0,0.5384615384615384,19.0
67ad4c88a64e,7.0,1.0,3.520134,0.0,0.0,0.0,0.0,1.9999980000020001,0.0,1.0,1.0
67db935b0014,41.0,19.0,13.166093,0.48617672222222225,0.0874033799957588,0.0,0.0,1.9999980000020001,0.0,0.5588235294117647,16.0
67e429ecbb4f,78.0,23.0,32.694945,1.2095683181818182,1.361091791387774,0.08695651795841226,0.17391303591682453,0.399999920000016,0.0,0.5384615384615384,19.0
681980ab0725,80.0,23.0,38.946356,1.4141678181818182,1.601317426283289,0.08695651795841226,0.2608695538752368,0.285714244897965,0.0,0.5384615384615384,19.0
6859c28b8b15,78.0,23.0,33.57963,1.2629425454545453,1.2121867411128466,0.08695651795841226,0.17391303591682453,0.399999920000016,0.0,0.5384615384615384,19.0
68721b0d041e,41.0,19.0,12.585262,0.4624158333333333,0.08651755562159218,0.0,0.0,1.9999980000020001,0.0,0.5588235294117647,16.0
6893c535dd1d,79.0,23.0,37.096269,1.4121725909090908,1.7187682546031025,0.08695651795841226,0.21739129489603065,0.33333327777778704,0.0,0.5384615384615384,19.0
68ab3effe4e4,8.0,1.0,6.464411,0.0,0.0,0.0,0.0,1.9999980000020001,0.0,1.0,1.0
68c96f61377a,78.0,23.0,5.508471,0.18074840909090908,0.099733590951408,0.08695651795841226,0.17391303591682453,0.399999920000016,0.0,0.5384615384615384,19.0
68f5d0dcf9f1,78.0,23.0,10.855841,0.3848052272727273,0.29065624030900306,0.08695651795841226,0.17391303591682453,0.399999920000016,0.0,0.5384615384615384,19.0
690155adaad0,41.0,19.0,31.290408,1.2276215000000001,0.18333562958979968,0.0,0.0,1.9999980000020001,0.0,0.5588235294117647,16.0
6901fe8cb839,78.0,23.0,5.470466,0.1783825,0.09245507334800895,0.08695651795841226,0.17391303591682453,0.399999920000016,0.0,0.5384615384615384,19.0
69049c7d0990,78.0,23.0,6.934708,0.24277000000000004,0.12725453815127866,0.08695651795841226,0.17391303591682453,0.399999920000016,0.0,0.5384615384615384,19.0
69140e609d32,78.0,23.0,24.960348,0.9261391363636364,0.9210210756475556,0.08695651795841226,0.17391303591682453,0.399999920000016,0.0,0.5384615384615384,19.0
69383a186b15,78.0,23.0,28.400611,1.0558805454545455,1.033837751743507,0.08695651795841226,0.17391303591682453,0.399999920000016,0.0,0.5384615384615384,19.0
6949f4703a02,6.0,1.0,4.974362,0.0,0.0,0.0,0.0,1.9999980000020001,0.0,0.5,2.0
697693cce64b,78.0,23.0,13.473911,0.48063904545454544,0.41717217281625574,0.08695651795841226,0.17391303591682453,0.399999920000016,0.0,0.5384615384615384,19.0
699b738301e4,78.0,23.0,36.139826,1.3599969090909092,1.4218606467365855,0.08695651795841226,0.17391303591682453,0.399999920000016,0.0,0.5384615384615384,19.0
69d17aa3f43b,41.0,19.0,16.551317,0.6283105555555556,0.104464994310913,0.0,0.0,1.9999980000020001,0.0,0.5588235294117647,16.0
69e57874b6e9,78.0,23.0,5.593971,0.1829932727272727,0.10372212698872374,0.08695651795841226,0.17391303591682453,0.399999920000016,0.0,0.5384615384615384,19.0
6a25f1c8c0e6,78.0,23.0,28.599495,1.056853409090909,1.0677523097562809,0.08695651795841226,0.17391303591682453,0.399999920000016,0.0,0.5384615384615384,19.0
6a3f67bb075c,77.0,23.0,15.004147,0.5493473181818181,0.5926465387980215,0.08695651795841226,0.1304347769376184,0.49999987500003124,0.0,0.5384615384615384,19.0
6a859efb1c8e,78.0,23.0,7.88366,0.28272777272727273,0.1697228027497531,0.08695651795841226,0.17391303591682453,0.399999920000016,0.0,0.5384615384615384,19.0
6a88f1398369,78.0,23.0,21.168323,0.7788833636363635,0.713645444164347,0.08695651795841226,0.17391303591682453,0.399999920000016,0.0,0.5384615384615384,19.0
6a94d9c2ac1f,78.0,23.0,5.824577,0.19457936363636363,0.10082900561254113,0.08695651795841226,0.17391303591682453,0.399999920000016,0.0,0.5384615384615384,19.0
6ab547da7066,41.0,19.0,5.708246,0.193413,0.04915921090401963,0.0,0.0,1.9999980000020001,0.0,0.5588235294117647,16.0
6ad94f5f2141,78.0,23.0,21.577046,0.7965152727272727,0.8026161878845349,0.08695651795841226,0.17391303591682453,0.399999920000016,0.0,0.5384615384615384,19.0
6ae91823833d,78.0,23.0,13.477881,0.4869537272727273,0.4089358816859961,0.08695651795841226,0.17391303591682453,0.399999920000016,0.0,0.5384615384615384,19.0
6affdd97a9aa,78.0,23.0,19.530405000000002,0.7292265,0.7053390389922086,0.08695651795841226,0.17391303591682453,0.399999920000016,0.0,0.5384615384615384,19.0
6b283dc8b565,41.0,19.0,28.069359,1.1108497222222222,0.1396582101690559,0.0,0.0,1.9999980000020001,0.0,0.5588235294117647,16.0
6b2e8e524334,78.0,23.0,14.106951,0.5181998181818183,0.8910228681328441,0.08695651795841226,0.17391303591682453,0.399999920000016,0.0,0.5384615384615384,19.0
6b5342b08a3a,78.0,23.0,21.123289,0.7779133636363635,0.7302162200552424,0.08695651795841226,0.17391303591682453,0.399999920000016,0.0,0.5384615384615384,19.0
6b58608d78dc,78.0,23.0,8.978407,0.32702250000000005,0.2729854953468879,0.08695651795841226,0.17391303591682453,0.399999920000016,0.0,0.5384615384615384,19.0
6bad9755867d,41.0,19.0,36.890912,1.4217190555555554,0.49196398220858206,0.0,0.0,1.9999980000020001,0.0,0.5588235294117647,16.0
6be10ff68499,78.0,23.0,29.579763,1.0936344545454548,1.0973569251105881,0.08695651795841226,0.17391303591682453,0.399999920000016,0.0,0.5384615384615384,19.0
6be228256a60,78.0,23.0,40.470806,1.5798051363636367,3.244343675718085,0.08695651795841226,0.17391303591682453,0.399999920000016,0.0,0.5384615384615384,19.0
6c240b3a76ce,41.0,19.0,26.790726,1.108190888888889,0.09933178668713011,0.0,0.0,1.9999980000020001,0.0,0.5588235294117647,16.0
6ca7ba4c84ac,78.0,23.0,13.96954,0.5058477727272728,0.44796081144787786,0.08695651795841226,0.17391303591682453,0.399999920000016,0.0,0.5384615384615384,19.0
6cb9293d3371,41.0,19.0,30.873332,1.2272855555555555,0.31704999969558006,0.0,0.0,1.9999980000020001,0.0,0.5588235294117647,16.0
6cc26d8b47e4,78.0,23.0,31.595849,1.180826590909091,1.34488712658309,0.08695651795841226,0.17391303591682453,0.399999920000016,0.0,0.5384615384615384,19.0
6cdd33dfdc92,78.0,23.0,18.230723,0.6704031818181818,0.629401377281214,0.08695651795841226,0.17391303591682453,0.399999920000016,0.0,0.5384615384615384,19.0
6ced2d44bf48,77.0,23.0,45.790946,1.6024305454545456,3.003231315590033,0.08695651795841226,0.1304347769376184,0.49999987500003124,0.0,0.5384615384615384,19.0
6cf3b67ae292,41.0,19.0,29.561782,1.087809277777778,0.38427599848834226,0.0,0.0,1.9999980000020001,0.0,0.5588235294117647,16.0
6cf68e393d80,80.0,23.0,31.345187,1.1498806818181817,1.0860095188401298,0.08695651795841226,0.2608695538752368,0.285714244897965,0.0,0.5384615384615384,19.0
6cfd9aa379e0,78.0,23.0,6.141202,0.20866472727272722,0.11474245648249108,0.08695651795841226,0.17391303591682453,0.399999920000016,0.0,0.5384615384615384,19.0
6d076a84ee22,78.0,23.0,31.961468,1.1857343181818183,1.1993322427977275,0.08695651795841226,0.17391303591682453,0.399999920000016,0.0,0.5384615384615384,19.0
6d16e4e50df8,78.0,23.0,28.726986,1.0617255909090908,1.0659719815391226,0.08695651795841226,0.17391303591682453,0.399999920000016,0.0,0.5384615384615384,19.0
6d1fd2529f47,78.0,23.0,6.098225,0.20711022727272727,0.11007200225563689,0.08695651795841226,0.17391303591682453,0.399999920000016,0.0,0.5384615384615384,19.0
6d636df2e591,78.0,23.0,18.495675,0.6791914090909091,0.6102286237878125,0.08695651795841226,0.17391303591682453,0.399999920000016,0.0,0.5384615384615384,19.0
6d6f8846b600,83.0,25.0,18.773219,0.6319279166666667,0.5954846404677028,0.11999999520000018,0.15999999360000025,0.399999920000016,0.0,0.5476190476190477,20.0
6dd8b3426cf9,41.0,19.0,5.869975,0.20154088888888888,0.04855720378237815,0.0,0.0,1.9999980000020001,0.0,0.5588235294117647,16.0
6de8c1162d39,78.0,23.0,29.390209,1.0895638636363636,1.0942073011605595,0.08695651795841226,0.17391303591682453,0.399999920000016,0.0,0.5384615384615384,19.0
6de8dde818d8,20.0,10.0,4.664709,0.16657633333333333,0.1527896589792647,0.299999970000003,0.0,1.9999980000020001,0.6666664444445185,0.15384615384615385,12.0
6dfe01b0d696,79.0,23.0,6.740592,0.22941904545454547,0.13301964807768857,0.08695651795841226,0.21739129489603065,0.33333327777778704,0.0,0.5384615384615384,19.0
6e3996d2047a,78.0,23.0,16.323489,0.569440909090909,0.477277400600622,0.08695651795841226,0.17391303591682453,0.399999920000016,0.0,0.5384615384615384,19.0
6e39ccc0b6f1,10.0,2.0,17.244142,0.114311,,0.0,0.99999950000025,0.0,0.0,0.75,2.0
6e5537e5cd40,78.0,23.0,13.682023000000001,0.4904340000000001,0.4169265133737599,0.08695651795841226,0.17391303591682453,0.399999920000016,0.0,0.5384615384615384,19.0
6e850877e0e9,78.0,23.0,30.810559,1.1400663181818183,1.129072788224559,0.08695651795841226,0.17391303591682453,0.399999920000016,0.0,0.5384615384615384,19.0
6e8c3b924170,78.0,23.0,23.841842,0.8677362727272727,0.8437054515745342,0.08695651795841226,0.17391303591682453,0.399999920000016,0.0,0.5384615384615384,19.0
6e8ecd2f8923,42.0,19.0,36.850622,1.477494222222222,0.7698233185821854,0.0,0.0,1.9999980000020001,0.0,0.5588235294117647,16.0
6e9be94f00cf,78.0,23.0,16.650913,0.6160260454545453,0.490262005127431,0.08695651795841226,0.17391303591682453,0.399999920000016,0.0,0.5384615384615384,19.0
6ea4197f41c5,77.0,23.0,16.572894,0.5930217727272727,0.5658739102505781,0.08695651795841226,0.1304347769376184,0.49999987500003124,0.0,0.5384615384615384,19.0
6eab1580efd8,80.0,23.0,29.401419,1.0929758636363636,1.0764674960632996,0.08695651795841226,0.2608695538752368,0.285714244897965,0.0,0.5384615384615384,19.0
6ec9d4a2c43a,78.0,23.0,33.333934,1.2287552727272726,1.2629728610909672,0.08695651795841226,0.17391303591682453,0.399999920000016,0.0,0.5384615384615384,19.0
6eca7670abf8,78.0,23.0,20.08877,0.7518428181818181,0.6947483283769973,0.08695651795841226,0.17391303591682453,0.399999920000016,0.0,0.5384615384615384,19.0
6f26eb4360a9,78.0,23.0,30.92972,1.1283228636363638,1.032143849929673,0.08695651795841226,0.17391303591682453,0.399999920000016,0.0,0.5384615384615384,19.0
6f474397f620,41.0,19.0,19.820943,0.7790131666666666,0.23759030548633128,0.0,0.0,1.9999980000020001,0.0,0.5588235294117647,16.0
6f6381bb4836,78.0,23.0,32.583626,1.206887909090909,1.213798636506814,0.08695651795841226,0.17391303591682453,0.399999920000016,0.0,0.5384615384615384,19.0
6f7e31b71af6,78.0,23.0,6.51199,0.22361831818181815,0.10898701108820977,0.08695651795841226,0.17391303591682453,0.399999920000016,0.0,0.5384615384615384,19.0
6faff8686a99,78.0,23.0,5.541571,0.18271654545454546,0.09136954937100075,0.08695651795841226,0.17391303591682453,0.399999920000016,0.0,0.5384615384615384,19.0
6fc0e59b6fcb,78.0,23.0,30.000814,1.1067580000000001,1.090650041172738,0.08695651795841226,0.17391303591682453,0.399999920000016,0.0,0.5384615384615384,19.0
6fcba5ea6ffb,78.0,23.0,13.412279999999999,0.48392927272727265,0.4094213049532674,0.08695651795841226,0.17391303591682453,0.399999920000016,0.0,0.5384615384615384,19.0
6fd91942c917,77.0,23.0,38.534668,1.436931090909091,2.0312223302902614,0.08695651795841226,0.1304347769376184,0.49999987500003124,0.0,0.5384615384615384,19.0
6fe14a19c1d2,78.0,23.0,31.8735,1.185411818181818,1.1705260103076425,0.08695651795841226,0.17391303591682453,0.399999920000016,0.0,0.5384615384615384,19.0
6ff3f1aa7562,78.0,23.0,10.147371,0.3582999545454545,0.23494798253848145,0.08695651795841226,0.17391303591682453,0.399999920000016,0.0,0.5384615384615384,19.0
7003b4e94bae,41.0,19.0,17.348081,0.6645173333333334,0.11632148805484788,0.0,0.0,1.9999980000020001,0.0,0.5588235294117647,16.0
700d89d2cc22,77.0,22.0,36.136127,1.391987238095238,1.6784859884584056,0.09090908677685969,0.27272726033057904,0.33333327777778704,0.0,0.5263157894736843,19.0
70335a548016,41.0,19.0,50.872084,1.3806233333333333,0.3222278409671532,0.0,0.0,1.9999980000020001,0.0,0.5588235294117647,16.0
703e4c04b20e,7.0,1.0,0.478966,0.0,0.0,0.0,0.0,1.9999980000020001,0.0,1.0,1.0
706d6e97a4f7,78.0,23.0,32.441587,1.2276164090909094,1.7456534526855325,0.08695651795841226,0.17391303591682453,0.399999920000016,0.0,0.5384615384615384,19.0
7071b406e945,79.0,23.0,14.952617,0.5506933636363637,0.428563982988321,0.08695651795841226,0.21739129489603065,0.33333327777778704,0.0,0.5384615384615384,19.0
7093187c5c69,78.0,23.0,30.788608,1.0592541363636365,1.0514979652789358,0.08695651795841226,0.17391303591682453,0.399999920000016,0.0,0.5384615384615384,19.0
70ac8c717b4e,78.0,23.0,42.629585,1.6234517272727274,2.9310743411196873,0.08695651795841226,0.17391303591682453,0.399999920000016,0.0,0.5384615384615384,19.0
70cffcd82700,78.0,23.0,13.529857,0.4873772727272728,0.4243443299660113,0.08695651795841226,0.17391303591682453,0.399999920000016,0.0,0.5384615384615384,19.0
70d2cb39c5ef,78.0,23.0,32.620166,1.2169568181818182,1.1587712179345366,0.08695651795841226,0.17391303591682453,0.399999920000016,0.0,0.5384615384615384,19.0
70d6f5a4843b,41.0,19.0,10.590993,0.30201349999999993,0.07085097333654135,0.0,0.0,1.9999980000020001,0.0,0.5588235294117647,16.0
70efaa817027,78.0,23.0,37.362773,1.342267909090909,1.2819649545339116,0.08695651795841226,0.17391303591682453,0.399999920000016,0.0,0.5384615384615384,19.0
70f06553ecf0,78.0,23.0,19.475655,0.710641409090909,0.6660969623069445,0.08695651795841226,0.17391303591682453,0.399999920000016,0.0,0.5384615384615384,19.0
70f5958c1ae3,10.0,5.0,6.933224,0.9824269999999999,0.020099084506514184,0.0,0.0,1.9999980000020001,0.0,0.19999999999999996,5.0
70fddacd2f9b,79.0,23.0,15.230237,0.5492442272727273,0.4944493176629197,0.08695651795841226,0.21739129489603065,0.33333327777778704,0.0,0.5384615384615384,19.0
714e50540484,78.0,23.0,47.381774,1.761579727272727,2.4476778013227576,0.08695651795841226,0.17391303591682453,0.399999920000016,0.0,0.5384615384615384,19.0
716f791f9aec,78.0,23.0,32.105846,1.2214563636363636,1.5891500537513619,0.08695651795841226,0.17391303591682453,0.399999920000016,0.0,0.5384615384615384,19.0
717ed5645dd1,78.0,23.0,33.211295,1.2366641818181818,1.2371813962658613,0.08695651795841226,0.17391303591682453,0.399999920000016,0.0,0.5384615384615384,19.0
7180797ead4e,78.0,23.0,14.47069,0.5213656818181818,0.47750481889469537,0.08695651795841226,0.17391303591682453,0.399999920000016,0.0,0.5384615384615384,19.0
7197077577fc,78.0,23.0,5.743682,0.192101,0.10663374663728535,0.08695651795841226,0.17391303591682453,0.399999920000016,0.0,0.5384615384615384,19.0
71bcd21715f3,79.0,23.0,15.300257,0.5492078181818182,0.45187163860048707,0.08695651795841226,0.21739129489603065,0.33333327777778704,0.0,0.5384615384615384,19.0
71c4b9d64a85,79.0,23.0,32.385945,1.2055424545454547,1.2282663670451759,0.08695651795841226,0.21739129489603065,0.33333327777778704,0.0,0.5384615384615384,19.0
722a5de4b963,78.0,23.0,6.49348,0.21918204545454548,0.10922841110412242,0.08695651795841226,0.17391303591682453,0.399999920000016,0.0,0.5384615384615384,19.0
724fdf7bc5c2,7.0,1.0,0.525973,0.0,0.0,0.0,0.0,1.9999980000020001,0.0,1.0,1.0
72565fadb3cd,78.0,23.0,31.200536,1.1385252272727273,1.1764965351573424,0.08695651795841226,0.17391303591682453,0.399999920000016,0.0,0.5384615384615384,19.0
72604095bf7e,9.0,2.0,17.219532,0.095836,,0.0,0.499999750000125,0.0,0.0,0.75,2.0
7268bf35b6b5,78.0,23.0,19.942257,0.7323472272727272,0.6986117250614441,0.08695651795841226,0.17391303591682453,0.399999920000016,0.0,0.5384615384615384,19.0
7277d92e94f9,78.0,23.0,33.293768,1.2456309545454542,1.268345714245678,0.08695651795841226,0.17391303591682453,0.399999920000016,0.0,0.5384615384615384,19.0
7294328d2f3f,77.0,23.0,10.681148,0.38888663636363635,0.2842645002055297,0.08695651795841226,0.1304347769376184,0.49999987500003124,0.0,0.5384615384615384,19.0
7297ea380d57,65.0,19.0,25.018063,0.9390521111111111,0.2358104160845889,0.10526315235457093,0.15789472853185638,0.49999987500003124,0.0,0.5151515151515151,17.0
731283513a22,78.0,23.0,31.530274,1.1693278636363638,1.1728426251858708,0.08695651795841226,0.17391303591682453,0.399999920000016,0.0,0.5384615384615384,19.0
732c0c9dc973,78.0,23.0,6.15692,0.20691454545454546,0.1079637054096586,0.08695651795841226,0.17391303591682453,0.399999920000016,0.0,0.5384615384615384,19.0
733b0cc5ac6c,8.0,1.0,6.479429,0.0,0.0,0.0,0.0,1.9999980000020001,0.0,1.0,1.0
735615572b3b,41.0,19.0,34.186984,1.3053650555555556,0.5715010699626104,0.0,0.0,1.9999980000020001,0.0,0.5588235294117647,16.0
736494521aa1,41.0,19.0,36.498118,1.4801229444444444,0.23584831684056207,0.0,0.0,1.9999980000020001,0.0,0.5588235294117647,16.0
739ff059c15f,8.0,1.0,7.715637,0.0,0.0,0.0,0.0,1.9999980000020001,0.0,1.0,1.0
73ac7fc4860d,78.0,23.0,19.634529,0.7114515,0.6621264446309294,0.08695651795841226,0.17391303591682453,0.399999920000016,0.0,0.5384615384615384,19.0
73ae4444285d,41.0,19.0,13.429106,0.4968599444444444,0.09522479337890713,0.0,0.0,1.9999980000020001,0.0,0.5588235294117647,16.0
73e2e17666b0,78.0,23.0,42.417263,1.612218545454546,2.104166343249455,0.08695651795841226,0.17391303591682453,0.399999920000016,0.0,0.5384615384615384,19.0
73ec0d0329c7,78.0,23.0,20.792383,0.7780595454545455,0.7108877210797595,0.08695651795841226,0.17391303591682453,0.399999920000016,0.0,0.5384615384615384,19.0
74152ad7986d,78.0,23.0,31.242709,1.1565658181818184,1.170584650298166,0.08695651795841226,0.17391303591682453,0.399999920000016,0.0,0.5384615384615384,19.0
741909bbd03f,41.0,19.0,17.644777,0.6817252777777778,0.12263163294565681,0.0,0.0,1.9999980000020001,0.0,0.5588235294117647,16.0
7468d18a974d,77.0,23.0,37.530569,1.463000318181818,2.1306763506197566,0.08695651795841226,0.1304347769376184,0.49999987500003124,0.0,0.5384615384615384,19.0
74fdc4057a92,77.0,23.0,36.627275,1.376102909090909,1.4005966478832177,0.08695651795841226,0.1304347769376184,0.49999987500003124,0.0,0.5384615384615384,19.0
74fdd66187d9,79.0,23.0,31.534497,1.181687272727273,1.2301818495796304,0.08695651795841226,0.21739129489603065,0.33333327777778704,0.0,0.5384615384615384,19.0
7517665ed2ac,10.0,5.0,2.242736,0.300265,0.008460554473555508,0.0,0.0,1.9999980000020001,0.0,0.19999999999999996,5.0
7519ecb2fddc,79.0,23.0,34.821077,1.2717573636363635,1.5022971011185802,0.08695651795841226,0.21739129489603065,0.33333327777778704,0.0,0.5384615384615384,19.0
752830370491,78.0,23.0,6.325287,0.20900031818181813,0.12190489733175353,0.08695651795841226,0.17391303591682453,0.399999920000016,0.0,0.5384615384615384,19.0
755edd282298,9.0,2.0,17.30309,0.095803,,0.0,0.499999750000125,0.0,0.0,0.75,2.0
756a08ed3a97,41.0,19.0,15.91493,0.4885150000000001,0.09321966987207596,0.0,0.0,1.9999980000020001,0.0,0.5588235294117647,16.0
7580fb818cd3,41.0,19.0,8.73677,0.3106442222222222,0.0650375844366892,0.0,0.0,1.9999980000020001,0.0,0.5588235294117647,16.0
75ab238901bd,78.0,23.0,39.018625,1.403988909090909,1.5210884440007615,0.08695651795841226,0.17391303591682453,0.399999920000016,0.0,0.5384615384615384,19.0
75c3bce76060,78.0,23.0,14.975577,0.551286409090909,0.5249462473562375,0.08695651795841226,0.17391303591682453,0.399999920000016,0.0,0.5384615384615384,19.0
75d09ab33d50,78.0,23.0,14.076226,0.5102412272727274,0.42261650864774863,0.08695651795841226,0.17391303591682453,0.399999920000016,0.0,0.5384615384615384,19.0
75d6f3c1d7fc,78.0,23.0,20.014687,0.7291490454545454,0.7254925564883146,0.08695651795841226,0.17391303591682453,0.399999920000016,0.0,0.5384615384615384,19.0
75e0fa4df52d,78.0,23.0,17.245171,0.6281494545454547,0.5495102203266995,0.08695651795841226,0.17391303591682453,0.399999920000016,0.0,0.5384615384615384,19.0
75e559507c27,41.0,19.0,16.188239,0.6644623333333333,0.063146574894773,0.0,0.0,1.9999980000020001,0.0,0.5588235294117647,16.0
75f1d120baba,78.0,23.0,5.263106,0.1729285,0.07988974953602354,0.08695651795841226,0.17391303591682453,0.399999920000016,0.0,0.5384615384615384,19.0
761af8027f31,78.0,23.0,19.092401,0.7019740454545457,0.6309136207019058,0.08695651795841226,0.17391303591682453,0.399999920000016,0.0,0.5384615384615384,19.0
76556617b48b,78.0,23.0,31.346308,1.1652325,1.1412952490441037,0.08695651795841226,0.17391303591682453,0.399999920000016,0.0,0.5384615384615384,19.0
766e045838f5,41.0,19.0,41.706649,1.2748982222222223,0.12884905968957977,0.0,0.0,1.9999980000020001,0.0,0.5588235294117647,16.0
7681698a0a69,41.0,19.0,43.192407,1.875191111111111,0.5782362501934237,0.0,0.0,1.9999980000020001,0.0,0.5588235294117647,16.0
76d0bf994d8e,78.0,23.0,38.094537,1.3082988636363637,1.2332066731300573,0.08695651795841226,0.17391303591682453,0.399999920000016,0.0,0.5384615384615384,19.0
76e29e2e48f2,78.0,23.0,5.812061,0.19263845454545453,0.09065847677579499,0.08695651795841226,0.17391303591682453,0.399999920000016,0.0,0.5384615384615384,19.0
76fa15a92a60,78.0,23.0,17.316597,0.6322692727272726,0.5961649697617009,0.08695651795841226,0.17391303591682453,0.399999920000016,0.0,0.5384615384615384,19.0
770f90e50915,41.0,19.0,65.081697,2.2790493888888887,0.9520051468766665,0.0,0.0,1.9999980000020001,0.0,0.5588235294117647,16.0
771c3a899de9,78.0,23.0,30.71443,1.146782090909091,1.214744130239855,0.08695651795841226,0.17391303591682453,0.399999920000016,0.0,0.5384615384615384,19.0
775e48505c52,78.0,23.0,17.208853,0.6245636363636364,0.5545413377514744,0.08695651795841226,0.17391303591682453,0.399999920000016,0.0,0.5384615384615384,19.0
7764a6877f12,78.0,23.0,31.536715,1.1773284545454545,1.1812191536795775,0.08695651795841226,0.17391303591682453,0.399999920000016,0.0,0.5384615384615384,19.0
776ca4226e2a,78.0,23.0,17.129028,0.6223280454545455,0.5475034048081542,0.08695651795841226,0.17391303591682453,0.399999920000016,0.0,0.5384615384615384,19.0
7797c63dd7d1,41.0,19.0,6.351254,0.21146855555555555,0.06124704019280511,0.0,0.0,1.9999980000020001,0.0,0.5588235294117647,16.0
77b047a68ca3,41.0,19.0,14.023265,0.5288182222222222,0.09291635403798633,0.0,0.0,1.9999980000020001,0.0,0.5588235294117647,16.0
77c8cceea3a0,78.0,23.0,13.15915,0.41197772727272725,0.3382606698731984,0.08695651795841226,0.17391303591682453,0.399999920000016,0.0,0.5384615384615384,19.0
77e2dc74d99f,78.0,23.0,6.485413,0.21753331818181812,0.10814616070343848,0.08695651795841226,0.17391303591682453,0.399999920000016,0.0,0.5384615384615384,19.0
77f0c3a9e875,78.0,23.0,33.729949,1.2675778181818182,1.3070377449384447,0.08695651795841226,0.17391303591682453,0.399999920000016,0.0,0.5384615384615384,19.0
780dc5e7ed60,78.0,23.0,31.809859,1.1804717727272729,1.1955807093411386,0.08695651795841226,0.17391303591682453,0.399999920000016,0.0,0.5384615384615384,19.0
78565e6b72a8,41.0,19.0,31.406164,1.241569222222222,0.16100203838481475,0.0,0.0,1.9999980000020001,0.0,0.5588235294117647,16.0
788c35203e62,78.0,23.0,29.793428,1.1037235,1.1242402399790141,0.08695651795841226,0.17391303591682453,0.399999920000016,0.0,0.5384615384615384,19.0
78924c10353a,41.0,19.0,22.993403,0.8899979999999998,0.1440133143468911,0.0,0.0,1.9999980000020001,0.0,0.5588235294117647,16.0
78c2f6fed2bd,79.0,23.0,22.793863,0.8423749545454545,0.8341184007759886,0.08695651795841226,0.21739129489603065,0.33333327777778704,0.0,0.5384615384615384,19.0
78c6de601251,78.0,23.0,31.89757,1.193375181818182,1.212394374214479,0.08695651795841226,0.17391303591682453,0.399999920000016,0.0,0.5384615384615384,19.0
78d346a10189,78.0,23.0,10.71613,0.3850969090909091,0.32090915651524293,0.08695651795841226,0.17391303591682453,0.399999920000016,0.0,0.5384615384615384,19.0
78dec6fa0286,65.0,19.0,30.474617,0.8460422777777779,0.2772287454586291,0.10526315235457093,0.15789472853185638,0.49999987500003124,0.0,0.5151515151515151,17.0
78f0466569de,41.0,19.0,15.034966,0.5656283333333332,0.10550643989266023,0.0,0.0,1.9999980000020001,0.0,0.5588235294117647,16.0
790e903a9661,78.0,23.0,14.020528,0.5078257727272727,0.43014796169811276,0.08695651795841226,0.17391303591682453,0.399999920000016,0.0,0.5384615384615384,19.0
790f67f280d8,41.0,19.0,9.126025,0.3185505,0.08251331220743217,0.0,0.0,1.9999980000020001,0.0,0.5588235294117647,16.0
79230ffd8a55,78.0,23.0,28.114482,1.044489090909091,1.0533483771884375,0.08695651795841226,0.17391303591682453,0.399999920000016,0.0,0.5384615384615384,19.0
7928626175cf,7.0,1.0,181.895086,0.0,0.0,0.0,0.0,1.9999980000020001,0.0,1.0,1.0
79600ca17194,78.0,23.0,31.765234,1.1774089090909092,1.2196891808236545,0.08695651795841226,0.17391303591682453,0.399999920000016,0.0,0.5384615384615384,19.0
79691000bd81,78.0,23.0,30.881361,1.1422380454545455,1.1390803597820012,0.08695651795841226,0.17391303591682453,0.399999920000016,0.0,0.5384615384615384,19.0
79caee140bec,41.0,19.0,19.849115,0.769721,0.15009234446401948,0.0,0.0,1.9999980000020001,0.0,0.5588235294117647,16.0
79e6d4b365ce,78.0,23.0,8.274701,0.28799322727272725,0.20517555969692367,0.08695651795841226,0.17391303591682453,0.399999920000016,0.0,0.5384615384615384,19.0
79e74206c54c,78.0,23.0,15.180958,0.5520403181818182,0.4736414185932109,0.08695651795841226,0.17391303591682453,0.399999920000016,0.0,0.5384615384615384,19.0
7a151b4d8b83,78.0,23.0,33.798253,1.2940027272727272,1.3406778460451296,0.08695651795841226,0.17391303591682453,0.399999920000016,0.0,0.5384615384615384,19.0
7a356f9af554,78.0,23.0,19.678032,0.7387225454545455,0.6979873581782414,0.08695651795841226,0.17391303591682453,0.399999920000016,0.0,0.5384615384615384,19.0
7a37273e220e,78.0,23.0,8.72217,0.29113531818181815,0.2467474938868992,0.08695651795841226,0.17391303591682453,0.399999920000016,0.0,0.5384615384615384,19.0
7a54d4d46117,78.0,23.0,14.033751,0.5056997272727273,0.4210571796774425,0.08695651795841226,0.17391303591682453,0.399999920000016,0.0,0.5384615384615384,19.0
7a5c84d634e0,41.0,19.0,4.768633,0.15662,0.04008717663234643,0.0,0.0,1.9999980000020001,0.0,0.5588235294117647,16.0
7a74ea260afa,78.0,23.0,7.274467,0.2341929545454545,0.15495247480175434,0.08695651795841226,0.17391303591682453,0.399999920000016,0.0,0.5384615384615384,19.0
7ac1cf989532,78.0,23.0,41.208412,1.5694599545454546,1.4620689311413817,0.08695651795841226,0.17391303591682453,0.399999920000016,0.0,0.5384615384615384,19.0
7ae3062d5440,76.0,23.0,29.243987,1.094707409090909,1.1794134243205756,0.08695651795841226,0.08695651795841226,0.6666664444445185,0.0,0.5384615384615384,19.0
7b3c06201400,78.0,23.0,36.494294,1.3104669545454544,1.1684700044841905,0.08695651795841226,0.17391303591682453,0.399999920000016,0.0,0.5384615384615384,19.0
7b86909e9112,79.0,23.0,15.181063,0.5373857727272727,0.44439440623691495,0.08695651795841226,0.21739129489603065,0.33333327777778704,0.0,0.5384615384615384,19.0
7b8dc9bf4f35,78.0,23.0,18.889003,0.6906394545454547,0.6418662730612921,0.08695651795841226,0.17391303591682453,0.399999920000016,0.0,0.5384615384615384,19.0
7b94a6a693d7,78.0,23.0,31.196392,1.1664419545454545,1.3228692762890344,0.08695651795841226,0.17391303591682453,0.399999920000016,0.0,0.5384615384615384,19.0
7b9cc6d17cda,78.0,23.0,14.244064,0.5180347727272727,0.4264069528916883,0.08695651795841226,0.17391303591682453,0.399999920000016,0.0,0.5384615384615384,19.0
7bd621a61a82,41.0,19.0,26.650881,1.0477418333333335,0.14311865793860373,0.0,0.0,1.9999980000020001,0.0,0.5588235294117647,16.0
7bfd05f46981,78.0,23.0,52.822449,2.1273691818181817,4.9957291489511,0.08695651795841226,0.17391303591682453,0.399999920000016,0.0,0.5384615384615384,19.0
7c0402420e92,77.0,23.0,38.555283,1.4021243181818182,1.2277522120799376,0.08695651795841226,0.1304347769376184,0.49999987500003124,0.0,0.5384615384615384,19.0
7c1a6c9c903e,78.0,23.0,10.865102,0.38774586363636365,0.3073041633470153,0.08695651795841226,0.17391303591682453,0.399999920000016,0.0,0.5384615384615384,19.0
7c27273b9bc5,41.0,19.0,26.898381,1.0574274444444447,0.14368444518057505,0.0,0.0,1.9999980000020001,0.0,0.5588235294117647,16.0
7c38b793c9d3,78.0,23.0,11.348984,0.424559,0.2307642254714291,0.08695651795841226,0.17391303591682453,0.399999920000016,0.0,0.5384615384615384,19.0
7c5059645930,41.0,19.0,30.699758,1.2610026111111112,0.11587602820009024,0.0,0.0,1.9999980000020001,0.0,0.5588235294117647,16.0
7c8da5db7097,41.0,19.0,32.968971,1.3037943333333333,0.19409926784054413,0.0,0.0,1.9999980000020001,0.0,0.5588235294117647,16.0
7c8ecff93a9c,41.0,19.0,39.28562,1.6535706111111113,0.5385872923706916,0.0,0.0,1.9999980000020001,0.0,0.5588235294117647,16.0
7ca9c6ac12d1,78.0,23.0,6.863497,0.23291495454545458,0.12406697241504659,0.08695651795841226,0.17391303591682453,0.399999920000016,0.0,0.5384615384615384,19.0
7cb8e702ec6a,78.0,23.0,22.1615,0.8182891363636362,0.7790577053746708,0.08695651795841226,0.17391303591682453,0.399999920000016,0.0,0.5384615384615384,19.0
7ce7ac71d41e,41.0,19.0,7.579404,0.27194083333333335,0.06680889575872363,0.0,0.0,1.9999980000020001,0.0,0.5588235294117647,16.0
7d50eeaff02b,10.0,5.0,7.164332,1.0178395,0.011682836342258644,0.0,0.0,1.9999980000020001,0.0,0.19999999999999996,5.0
7d51219a3be8,41.0,19.0,6.92079,0.24737594444444447,0.06839014156980455,0.0,0.0,1.9999980000020001,0.0,0.5588235294117647,16.0
7d5b1e822c6f,78.0,23.0,16.396449,0.5971307272727272,0.5300790907300157,0.08695651795841226,0.17391303591682453,0.399999920000016,0.0,0.5384615384615384,19.0
7d6ac455f021,41.0,19.0,12.437155,0.4655484444444444,0.0884514025062365,0.0,0.0,1.9999980000020001,0.0,0.5588235294117647,16.0
7d990254af83,41.0,19.0,29.279945,1.2049893333333332,0.10061499530563492,0.0,0.0,1.9999980000020001,0.0,0.5588235294117647,16.0
7d9c58338263,78.0,23.0,35.448253,1.3216997727272728,1.266163405926473,0.08695651795841226,0.17391303591682453,0.399999920000016,0.0,0.5384615384615384,19.0
7ddca7751766,78.0,23.0,26.867801,1.0326803636363637,1.1128801978893088,0.08695651795841226,0.17391303591682453,0.399999920000016,0.0,0.5384615384615384,19.0
7de50a1476df,49.0,14.0,17.166135,0.9164161538461537,0.2806152790039672,0.21428569897959293,0.07142856632653098,0.99999950000025,0.0,0.33333333333333337,17.0
7e09e657bb0c,78.0,23.0,12.585713,0.40049540909090914,0.2889256980094593,0.08695651795841226,0.17391303591682453,0.399999920000016,0.0,0.5384615384615384,19.0
7e1345b84c8a,41.0,19.0,27.802535,1.058201611111111,0.2613345649370551,0.0,0.0,1.9999980000020001,0.0,0.5588235294117647,16.0
7e58c61a4f11,78.0,23.0,31.83164,1.1771050454545455,1.2070572990015833,0.08695651795841226,0.17391303591682453,0.399999920000016,0.0,0.5384615384615384,19.0
7e612ff82367,78.0,23.0,17.387854,0.6352525909090908,0.5412192872885356,0.08695651795841226,0.17391303591682453,0.399999920000016,0.0,0.5384615384615384,19.0
7e846e2c0467,78.0,23.0,31.964395,1.1881902727272726,1.200243237069259,0.08695651795841226,0.17391303591682453,0.399999920000016,0.0,0.5384615384615384,19.0
7ed183da544f,41.0,19.0,14.461514,0.5527808333333333,0.1064737152099881,0.0,0.0,1.9999980000020001,0.0,0.5588235294117647,16.0
7ef51096cdba,79.0,23.0,39.235693,1.4727278181818184,2.1786946624975903,0.08695651795841226,0.21739129489603065,0.33333327777778704,0.0,0.525,20.0
7f03e311d53d,41.0,19.0,20.590589,0.788592388888889,0.13337404170145345,0.0,0.0,1.9999980000020001,0.0,0.5588235294117647,16.0
7f0adbf156ec,41.0,19.0,12.819558,0.4731261666666666,0.09201786161280925,0.0,0.0,1.9999980000020001,0.0,0.5588235294117647,16.0
7f1bb50445e0,78.0,23.0,8.489271,0.28273313636363634,0.2532496394958738,0.08695651795841226,0.17391303591682453,0.399999920000016,0.0,0.5384615384615384,19.0
7f1c2fa27aed,78.0,23.0,11.076425,0.37058022727272727,0.29725561023948843,0.08695651795841226,0.17391303591682453,0.399999920000016,0.0,0.5384615384615384,19.0
7f1c95d97103,78.0,23.0,25.207171,0.9583795909090909,0.9141900648603117,0.08695651795841226,0.17391303591682453,0.399999920000016,0.0,0.5384615384615384,19.0
7f1d12a348d6,78.0,23.0,14.160759,0.5157267727272726,0.42871044408250897,0.08695651795841226,0.17391303591682453,0.399999920000016,0.0,0.5384615384615384,19.0
7f49cff31809,78.0,23.0,19.499301,0.7151992272727272,0.6669360620621335,0.08695651795841226,0.17391303591682453,0.399999920000016,0.0,0.5384615384615384,19.0
7f502df56e10,41.0,19.0,15.402636,0.5895368333333334,0.09927668123348653,0.0,0.0,1.9999980000020001,0.0,0.5588235294117647,16.0
7f54c1d6d3f0,41.0,19.0,30.899852,1.215023,0.1537557297541633,0.0,0.0,1.9999980000020001,0.0,0.5588235294117647,16.0
7f85a0f06a6f,102.0,48.0,242.036056,5.068959765957446,8.422950974009863,0.0,0.0,2.9999970000030003,0.0,0.9791666666666666,2.0
7faa322ea863,78.0,23.0,13.967751,0.5020340454545454,0.4336496841271411,0.08695651795841226,0.17391303591682453,0.399999920000016,0.0,0.5384615384615384,19.0
800dce611da7,79.0,23.0,29.571635,1.0943230000000002,1.0785379536195767,0.08695651795841226,0.21739129489603065,0.33333327777778704,0.0,0.5384615384615384,19.0
8011b3bdd499,78.0,23.0,27.55357,1.0185814545454546,1.005087436915327,0.08695651795841226,0.17391303591682453,0.399999920000016,0.0,0.5384615384615384,19.0
802d5a5ea95f,41.0,19.0,28.911394,1.1435652222222223,0.13905905107736047,0.0,0.0,1.9999980000020001,0.0,0.5588235294117647,16.0
8032226f10b5,41.0,19.0,15.935578,0.4817661111111111,0.09043669447278246,0.0,0.0,1.9999980000020001,0.0,0.5588235294117647,16.0
8044d4ccbedd,78.0,23.0,30.552413,1.1311757727272729,1.1190403647891447,0.08695651795841226,0.17391303591682453,0.399999920000016,0.0,0.5384615384615384,19.0
804d1b86a386,78.0,23.0,13.465141,0.4852104090909091,0.40438333839100404,0.08695651795841226,0.17391303591682453,0.399999920000016,0.0,0.5384615384615384,19.0
806b221ffa8d,10.0,5.0,6.100696,0.61881225,0.004850281735803219,0.0,0.0,1.9999980000020001,0.0,0.19999999999999996,5.0
806f1ef89903,78.0,23.0,17.216018,0.6297949545454545,0.5633151585457103,0.08695651795841226,0.17391303591682453,0.399999920000016,0.0,0.5384615384615384,19.0
80b2a8eab1ac,78.0,23.0,36.999723,1.267446681818182,1.4162903009970194,0.08695651795841226,0.17391303591682453,0.399999920000016,0.0,0.5384615384615384,19.0
80b72059e426,7.0,1.0,181.89443,0.0,0.0,0.0,0.0,1.9999980000020001,0.0,1.0,1.0
80c19946a9dd,78.0,23.0,30.338077,1.126403,1.1276259666226716,0.08695651795841226,0.17391303591682453,0.399999920000016,0.0,0.5384615384615384,19.0
80f4bf366e21,78.0,23.0,30.785203,1.137704181818182,1.102070578962883,0.08695651795841226,0.17391303591682453,0.399999920000016,0.0,0.5384615384615384,19.0
81031832477c,78.0,23.0,8.306207,0.2917405454545455,0.18939412109187684,0.08695651795841226,0.17391303591682453,0.399999920000016,0.0,0.5384615384615384,19.0
81043b6213fe,78.0,23.0,19.694517,0.7225242272727272,0.7085635742616676,0.08695651795841226,0.17391303591682453,0.399999920000016,0.0,0.5384615384615384,19.0
8109007945e6,10.0,5.0,9.042709,1.0558577500000002,0.1973121051994783,0.0,0.0,1.9999980000020001,0.0,0.19999999999999996,5.0
810e1a2e6007,78.0,23.0,28.19645,1.0531460909090908,1.0562639303979406,0.08695651795841226,0.17391303591682453,0.399999920000016,0.0,0.5384615384615384,19.0
813d70adb797,78.0,23.0,27.812795,1.0170603181818183,0.9968136727498699,0.08695651795841226,0.17391303591682453,0.399999920000016,0.0,0.5384615384615384,19.0
8149cb443135,41.0,19.0,4.949714,0.16278722222222225,0.03797084978298261,0.0,0.0,1.9999980000020001,0.0,0.5588235294117647,16.0
81978238ddb0,78.0,23.0,18.31334,0.6690400454545457,0.5969489663719351,0.08695651795841226,0.17391303591682453,0.399999920000016,0.0,0.5384615384615384,19.0
81a4a0726a24,41.0,19.0,28.339318,1.146024,0.11192907564640577,0.0,0.0,1.9999980000020001,0.0,0.5588235294117647,16.0
81b23cdb06f6,78.0,23.0,17.069798,0.6220476363636364,0.5489704169194536,0.08695651795841226,0.17391303591682453,0.399999920000016,0.0,0.5384615384615384,19.0
81cf9af3b209,41.0,19.0,34.638557,1.4189883888888888,0.12899624705308696,0.0,0.0,1.9999980000020001,0.0,0.5588235294117647,16.0
81d1d19e7383,78.0,23.0,21.985504,0.8123928181818183,0.737687884293095,0.08695651795841226,0.17391303591682453,0.399999920000016,0.0,0.5384615384615384,19.0
81f2b50f4c38,41.0,19.0,31.692476,1.3139684444444446,0.19799594975662035,0.0,0.0,1.9999980000020001,0.0,0.5588235294117647,16.0
820c1c77b013,41.0,19.0,44.809574,1.8148841111111114,0.8221996068863004,0.0,0.0,1.9999980000020001,0.0,0.5588235294117647,16.0
8214239eb336,78.0,23.0,7.151889,0.2418145,0.1414113186430179,0.08695651795841226,0.17391303591682453,0.399999920000016,0.0,0.5384615384615384,19.0
8217fc818701,78.0,23.0,37.850231,1.4564557727272727,2.095685005780504,0.08695651795841226,0.17391303591682453,0.399999920000016,0.0,0.5384615384615384,19.0
821b923030b8,41.0,19.0,20.653126,0.7753862222222223,0.12380134710592541,0.0,0.0,1.9999980000020001,0.0,0.5588235294117647,16.0
822e8d5fb75c,41.0,19.0,18.958633,0.7817262222222222,0.06539522925624715,0.0,0.0,1.9999980000020001,0.0,0.5588235294117647,16.0
82768af250a6,78.0,23.0,18.608244,0.6813991818181817,0.62449631495879,0.08695651795841226,0.17391303591682453,0.399999920000016,0.0,0.5384615384615384,19.0
8286c9e52b92,78.0,23.0,34.762901,1.3068041363636365,2.101280362569049,0.08695651795841226,0.17391303591682453,0.399999920000016,0.0,0.5384615384615384,19.0
828bcf1a3a29,78.0,23.0,31.04234,1.147745,1.210011110033607,0.08695651795841226,0.17391303591682453,0.399999920000016,0.0,0.5384615384615384,19.0
82954f34f57e,78.0,23.0,19.958625,0.742593909090909,0.6799769027101065,0.08695651795841226,0.17391303591682453,0.399999920000016,0.0,0.5384615384615384,19.0
82aa8ff9b2c8,79.0,23.0,33.912759,1.2492985454545453,1.2278614182677723,0.08695651795841226,0.21739129489603065,0.33333327777778704,0.0,0.5384615384615384,19.0
82b6d963bb1e,8.0,1.0,7.691581,0.0,0.0,0.0,0.0,1.9999980000020001,0.0,1.0,1.0
83430dda5218,41.0,19.0,33.470378,1.168835222222222,0.4334526796671739,0.0,0.0,1.9999980000020001,0.0,0.5588235294117647,16.0
834817473e4e,78.0,23.0,26.462674,0.9838043181818182,0.9612591373574452,0.08695651795841226,0.17391303591682453,0.399999920000016,0.0,0.5384615384615384,19.0
8351c82a22f9,78.0,23.0,42.022362,1.3577643636363639,1.5811194749555968,0.08695651795841226,0.17391303591682453,0.399999920000016,0.0,0.5384615384615384,19.0
835d148c534b,78.0,23.0,5.803345,0.19408127272727277,0.10075290826296722,0.08695651795841226,0.17391303591682453,0.399999920000016,0.0,0.5384615384615384,19.0
835f9f07d6b5,41.0,19.0,29.979479,1.1821973888888888,0.29539866855909647,0.0,0.0,1.9999980000020001,0.0,0.5588235294117647,16.0
83b0379fdb1a,78.0,23.0,26.303237,0.9713046363636363,0.9604770824675545,0.08695651795841226,0.17391303591682453,0.399999920000016,0.0,0.5384615384615384,19.0
83d04c4ab303,78.0,23.0,8.437398,0.2950103636363636,0.19258683745546987,0.08695651795841226,0.17391303591682453,0.399999920000016,0.0,0.5384615384615384,19.0
83fa02a0cd59,78.0,23.0,87.877582,3.375738590909091,7.123525567215487,0.08695651795841226,0.17391303591682453,0.399999920000016,0.0,0.5384615384615384,19.0
843d07509737,41.0,19.0,27.960883,1.026773111111111,0.2880449787248081,0.0,0.0,1.9999980000020001,0.0,0.5588235294117647,16.0
847080095207,19.0,10.0,3.285752,0.12619655555555556,0.11474301894898781,0.299999970000003,0.0,0.9999990000010001,0.499999750000125,0.15384615384615385,12.0
847a4d30138a,48.0,14.0,180.978198,0.9819547692307691,1.0180483618939846,0.14285713265306196,0.07142856632653098,0.99999950000025,0.0,0.4444444444444444,16.0
84976c3bd811,78.0,23.0,13.51755,0.486621590909091,0.40027825144607776,0.08695651795841226,0.17391303591682453,0.399999920000016,0.0,0.5384615384615384,19.0
849b2c0a13b2,78.0,23.0,30.419365,1.1281647727272728,1.3190561275913468,0.08695651795841226,0.17391303591682453,0.399999920000016,0.0,0.5384615384615384,19.0
850744459c87,78.0,23.0,21.698831,0.7941095,0.747970896064288,0.08695651795841226,0.17391303591682453,0.399999920000016,0.0,0.5384615384615384,19.0
8507808fc0bf,78.0,23.0,29.62869,1.0606755454545456,1.1135828673315067,0.08695651795841226,0.17391303591682453,0.399999920000016,0.0,0.5384615384615384,19.0
8541d3b83da3,78.0,23.0,6.781585,0.23062649999999996,0.2158726787430278,0.08695651795841226,0.17391303591682453,0.399999920000016,0.0,0.5384615384615384,19.0
8586f1b7e08a,78.0,23.0,5.993552,0.2022915,0.1071568012648265,0.08695651795841226,0.17391303591682453,0.399999920000016,0.0,0.5384615384615384,19.0
85da537a231f,78.0,23.0,5.617978,0.18875045454545453,0.08016139745878595,0.08695651795841226,0.17391303591682453,0.399999920000016,0.0,0.5384615384615384,19.0
85e23272afa3,41.0,19.0,14.505028,0.5472280555555556,0.09738748278154716,0.0,0.0,1.9999980000020001,0.0,0.5588235294117647,16.0
85f44b11a688,41.0,19.0,15.405093,0.5891423333333333,0.09645129244277835,0.0,0.0,1.9999980000020001,0.0,0.5588235294117647,16.0
868ff4abe668,41.0,19.0,28.177252,1.1032368333333333,0.16407332683545164,0.0,0.0,1.9999980000020001,0.0,0.5588235294117647,16.0
869ea8b45651,14.0,6.0,182.178476,0.0054504,0.0011515482187038457,0.49999991666668053,0.0,0.0,0.0,0.16666666666666663,6.0
86d69c102e21,78.0,23.0,5.822838,0.1965649090909091,0.11091003166784677,0.08695651795841226,0.17391303591682453,0.399999920000016,0.0,0.5384615384615384,19.0
870f0960f0aa,78.0,23.0,30.995471,1.1433094090909093,1.1605716538578925,0.08695651795841226,0.17391303591682453,0.399999920000016,0.0,0.5384615384615384,19.0
87100004e3ed,41.0,19.0,33.04524,1.3971235555555555,1.0445594861756582,0.0,0.0,1.9999980000020001,0.0,0.5588235294117647,16.0
871c688ee777,98.0,46.0,253.418026,5.560375044444444,10.857200835195972,0.0,0.0,2.9999970000030003,0.0,0.9782608695652174,2.0
872bdefa8a21,98.0,46.0,241.074232,4.887776266666666,10.742703732655759,0.0,0.0,2.9999970000030003,0.0,0.9782608695652174,2.0
873662fef00a,78.0,23.0,7.01301,0.24215931818181816,0.1686056006854843,0.08695651795841226,0.17391303591682453,0.399999920000016,0.0,0.5384615384615384,19.0
875457151646,78.0,23.0,32.269389,1.2013387727272724,1.1014582028719033,0.08695651795841226,0.17391303591682453,0.399999920000016,0.0,0.5384615384615384,19.0
877005494989,41.0,19.0,5.539229,0.19390455555555555,0.054251502004929314,0.0,0.0,1.9999980000020001,0.0,0.5588235294117647,16.0
87a40e9b26ad,77.0,23.0,32.159966,1.1997849999999999,1.295862653194866,0.08695651795841226,0.1304347769376184,0.49999987500003124,0.0,0.5384615384615384,19.0
87c4227080f7,77.0,23.0,41.065888,1.594413,1.7283682767731836,0.08695651795841226,0.1304347769376184,0.49999987500003124,0.0,0.5384615384615384,19.0
87f16cdafc1e,78.0,23.0,7.730594,0.2732684090909091,0.15238066945073198,0.08695651795841226,0.17391303591682453,0.399999920000016,0.0,0.5384615384615384,19.0
87f801bbecfa,78.0,23.0,16.314225,0.5986508181818181,0.5532880730457074,0.08695651795841226,0.17391303591682453,0.399999920000016,0.0,0.5384615384615384,19.0
87ffb3ccc065,78.0,23.0,33.389413,1.2355640454545453,1.1634043627064201,0.08695651795841226,0.17391303591682453,0.399999920000016,0.0,0.5384615384615384,19.0
885afc044451,78.0,23.0,5.510774,0.18292463636363634,0.09449315745121213,0.08695651795841226,0.17391303591682453,0.399999920000016,0.0,0.5384615384615384,19.0
88a9903b5b95,18.0,10.0,2.9184900000000003,0.15558933333333333,0.13970525688838628,0.299999970000003,0.0,0.0,0.0,0.15384615384615385,12.0
88c5870ef902,41.0,19.0,18.416919,0.7033393888888888,0.11484823421631077,0.0,0.0,1.9999980000020001,0.0,0.5588235294117647,16.0
88c5bb5e1c8c,41.0,19.0,6.195047,0.18960088888888887,0.051145076249578154,0.0,0.0,1.9999980000020001,0.0,0.5588235294117647,16.0
88cb0ed8e113,78.0,23.0,30.979856,1.1448745000000002,1.1542882457718366,0.08695651795841226,0.17391303591682453,0.399999920000016,0.0,0.5384615384615384,19.0
88dfe9725954,76.0,23.0,23.296895,0.8784679999999999,1.0665562665409685,0.08695651795841226,0.08695651795841226,0.6666664444445185,0.0,0.5384615384615384,19.0
891e14bef08d,41.0,19.0,5.676715,0.19164799999999999,0.04661708793110603,0.0,0.0,1.9999980000020001,0.0,0.5588235294117647,16.0
891e253eb59d,78.0,23.0,28.669576,1.0622156363636364,1.0543904062151401,0.08695651795841226,0.17391303591682453,0.399999920000016,0.0,0.5384615384615384,19.0
892953287ce1,78.0,23.0,27.114303,1.0067160909090909,1.0005800085126773,0.08695651795841226,0.17391303591682453,0.399999920000016,0.0,0.5384615384615384,19.0
895f6dc35abc,10.0,5.0,30.998193,1.31309675,0.5656587265553763,0.0,0.0,1.9999980000020001,0.0,0.19999999999999996,5.0
8974f9e7f995,10.0,5.0,6.812962,0.567831,0.006628661554190284,0.0,0.0,1.9999980000020001,0.0,0.19999999999999996,5.0
8980478b51e8,78.0,23.0,24.860419,0.9197014090909092,0.9292467293856204,0.08695651795841226,0.17391303591682453,0.399999920000016,0.0,0.5384615384615384,19.0
89d21e8987cf,41.0,19.0,22.970691,0.8935605555555556,0.14376346834060544,0.0,0.0,1.9999980000020001,0.0,0.5588235294117647,16.0
89d51ddb0f59,78.0,23.0,6.161698,0.20886995454545454,0.12826244721124294,0.08695651795841226,0.17391303591682453,0.399999920000016,0.0,0.5384615384615384,19.0
89e1075c301e,41.0,19.0,22.347767,0.8624338888888889,0.13389390224567796,0.0,0.0,1.9999980000020001,0.0,0.5588235294117647,16.0
89fdecab3f93,78.0,23.0,34.488099,1.3134841363636367,1.6610099981756739,0.08695651795841226,0.17391303591682453,0.399999920000016,0.0,0.5384615384615384,19.0
8a81d684f3ab,78.0,23.0,14.377512,0.5227383636363636,0.41631390205623686,0.08695651795841226,0.17391303591682453,0.399999920000016,0.0,0.5384615384615384,19.0
8a9d460220c8,78.0,23.0,37.663754,1.3853618181818181,1.456746063412061,0.08695651795841226,0.17391303591682453,0.399999920000016,0.0,0.5384615384615384,19.0
8aa1e1741da9,78.0,23.0,13.558275,0.49128463636363634,0.40643571380015614,0.08695651795841226,0.17391303591682453,0.399999920000016,0.0,0.5384615384615384,19.0
8b0418cf28c5,78.0,23.0,30.830348,1.1485143636363637,1.1488220591385705,0.08695651795841226,0.17391303591682453,0.399999920000016,0.0,0.5384615384615384,19.0
8b217a38b17e,78.0,23.0,5.491315,0.1807783181818182,0.08414072086654333,0.08695651795841226,0.17391303591682453,0.399999920000016,0.0,0.5384615384615384,19.0
8b21d9c3d749,41.0,19.0,20.300118,0.8676364444444444,0.06663155111261632,0.0,0.0,1.9999980000020001,0.0,0.5588235294117647,16.0
8b3b4e58c154,78.0,23.0,36.316836,1.2914365909090908,1.3559168407332594,0.08695651795841226,0.17391303591682453,0.399999920000016,0.0,0.5384615384615384,19.0
8bb70e974403,79.0,23.0,17.075248,0.6333337727272728,0.5908228103582431,0.08695651795841226,0.21739129489603065,0.33333327777778704,0.0,0.5384615384615384,19.0
8bd52507228c,80.0,23.0,8.868878,0.30820186363636365,0.19883334976911968,0.08695651795841226,0.2608695538752368,0.285714244897965,0.0,0.5384615384615384,19.0
8be5952c076e,78.0,23.0,12.700436,0.4698339090909091,0.5235767079572243,0.08695651795841226,0.17391303591682453,0.399999920000016,0.0,0.5384615384615384,19.0
8be855de31fc,9.0,2.0,17.214986,0.098336,,0.0,0.499999750000125,0.0,0.0,0.75,2.0
8bfe58507b69,78.0,23.0,10.641187,0.3248527272727273,0.45628436226370744,0.08695651795841226,0.17391303591682453,0.399999920000016,0.0,0.5384615384615384,19.0
8c498e29e8ba,78.0,23.0,24.546658,0.9275358636363638,0.9153246626716556,0.08695651795841226,0.17391303591682453,0.399999920000016,0.0,0.5384615384615384,19.0
8c5c712280af,78.0,23.0,21.029375,0.7770695,0.7121665697328955,0.08695651795841226,0.17391303591682453,0.399999920000016,0.0,0.5384615384615384,19.0
8c731ded2677,41.0,19.0,20.220824,0.7846438888888889,0.12090363563496193,0.0,0.0,1.9999980000020001,0.0,0.5588235294117647,16.0
8c78e9005a76,78.0,23.0,14.065809,0.5097345454545454,0.4272168937309442,0.08695651795841226,0.17391303591682453,0.399999920000016,0.0,0.5384615384615384,19.0
8c83122ad2d4,77.0,23.0,27.77495,1.0162518181818183,1.1487258845950705,0.08695651795841226,0.1304347769376184,0.49999987500003124,0.0,0.5384615384615384,19.0
8cb2f24c1e41,41.0,19.0,5.328099,0.18009544444444445,0.04573765623926786,0.0,0.0,1.9999980000020001,0.0,0.5588235294117647,16.0
8cbbfca43cd3,7.0,1.0,0.484305,0.0,0.0,0.0,0.0,1.9999980000020001,0.0,1.0,1.0
8cf166bff927,78.0,23.0,24.957776,0.9399925909090908,0.9485149769387462,0.08695651795841226,0.17391303591682453,0.399999920000016,0.0,0.5384615384615384,19.0
8d15d7640103,78.0,23.0,19.291777,0.7063667727272728,0.6611662493323325,0.08695651795841226,0.17391303591682453,0.399999920000016,0.0,0.5384615384615384,19.0
8d61e88758b1,78.0,23.0,5.957281,0.20264204545454545,0.12326409060011771,0.08695651795841226,0.17391303591682453,0.399999920000016,0.0,0.5384615384615384,19.0
8dadc44be6b2,41.0,19.0,19.569702,0.7573247222222222,0.11768145169047298,0.0,0.0,1.9999980000020001,0.0,0.5588235294117647,16.0
8dbe12487d3a,78.0,23.0,21.13863,0.7755345454545456,0.7116707484081269,0.08695651795841226,0.17391303591682453,0.399999920000016,0.0,0.5384615384615384,19.0
8df5f90350f1,41.0,19.0,10.423724,0.43993438888888886,0.058555603355864086,0.0,0.0,1.9999980000020001,0.0,0.5588235294117647,16.0
8e00877720bd,9.0,2.0,17.219802,0.085972,,0.0,0.499999750000125,0.0,0.0,0.75,2.0
8e035dfd34a0,78.0,23.0,11.131961,0.4006958636363636,0.30085413875866596,0.08695651795841226,0.17391303591682453,0.399999920000016,0.0,0.5384615384615384,19.0
8e053a026ccf,78.0,23.0,6.767604,0.2320089545454545,0.14124218290462842,0.08695651795841226,0.17391303591682453,0.399999920000016,0.0,0.5384615384615384,19.0
8e592e968861,78.0,23.0,33.510408,1.210142181818182,1.1505580059007656,0.08695651795841226,0.17391303591682453,0.399999920000016,0.0,0.5384615384615384,19.0
8e661a504707,41.0,19.0,26.387764,1.0198255555555555,0.39823087863777507,0.0,0.0,1.9999980000020001,0.0,0.5588235294117647,16.0
8e7b6eea1b51,79.0,23.0,41.754796,1.7181167727272728,2.6703351381357665,0.08695651795841226,0.21739129489603065,0.33333327777778704,0.0,0.5384615384615384,19.0
8e9f278f68eb,41.0,19.0,23.835667,0.9217917222222223,0.13002756337828825,0.0,0.0,1.9999980000020001,0.0,0.5588235294117647,16.0
8eb69c5b4a99,78.0,23.0,14.180637,0.5124916363636364,0.4132703967413086,0.08695651795841226,0.17391303591682453,0.399999920000016,0.0,0.5384615384615384,19.0
8edfdf24e646,78.0,23.0,11.464397,0.4061752727272727,0.2992493200142144,0.08695651795841226,0.17391303591682453,0.399999920000016,0.0,0.5384615384615384,19.0
8ef51e5cae56,41.0,19.0,34.988113,1.4823586111111111,0.4883415097313787,0.0,0.0,1.9999980000020001,0.0,0.5588235294117647,16.0
8f4e12b14c13,76.0,23.0,6.753813,0.23650349999999998,0.2093507451174089,0.08695651795841226,0.08695651795841226,0.6666664444445185,0.0,0.5384615384615384,19.0
8f519d759ab1,78.0,23.0,58.201463,2.2174935454545452,2.261536728251279,0.08695651795841226,0.17391303591682453,0.399999920000016,0.0,0.5384615384615384,19.0
8f5cade5e9b4,41.0,19.0,5.712727,0.19386644444444442,0.057233608468967655,0.0,0.0,1.9999980000020001,0.0,0.5588235294117647,16.0
8f6337f2b8dd,78.0,23.0,24.660821,0.9122454545454545,0.8736600175463118,0.08695651795841226,0.17391303591682453,0.399999920000016,0.0,0.5384615384615384,19.0
8f714376741c,78.0,23.0,8.741079,0.29799204545454544,0.23711884854716037,0.08695651795841226,0.17391303591682453,0.399999920000016,0.0,0.5384615384615384,19.0
8f7e64328e37,78.0,23.0,33.254139,1.2299587727272727,1.1590615669875404,0.08695651795841226,0.17391303591682453,0.399999920000016,0.0,0.5384615384615384,19.0
8f8748f21601,78.0,23.0,8.351399,0.2903615909090909,0.17987619855351286,0.08695651795841226,0.17391303591682453,0.399999920000016,0.0,0.5384615384615384,19.0
8fd6a62921a2,78.0,23.0,23.028114,0.8511397727272727,0.7844475710009123,0.08695651795841226,0.17391303591682453,0.399999920000016,0.0,0.5384615384615384,19.0
8fdf5b3d016e,77.0,23.0,21.132576,0.7869212272727274,0.8522221471633483,0.08695651795841226,0.1304347769376184,0.49999987500003124,0.0,0.5384615384615384,19.0
8ff20ae0d50b,41.0,19.0,6.157528,0.19877111111111112,0.04837676260098059,0.0,0.0,1.9999980000020001,0.0,0.5588235294117647,16.0
8ffc405a6923,41.0,19.0,7.659352,0.2700848888888889,0.0636988635016253,0.0,0.0,1.9999980000020001,0.0,0.5588235294117647,16.0
900ff27921b1,78.0,23.0,30.110258,1.1099296363636364,1.084002353273827,0.08695651795841226,0.17391303591682453,0.399999920000016,0.0,0.5384615384615384,19.0
901830de645a,78.0,23.0,32.616773,1.1955307727272728,1.1956099585657178,0.08695651795841226,0.17391303591682453,0.399999920000016,0.0,0.5384615384615384,19.0
9041c7c0b07d,41.0,19.0,26.573215,1.027031777777778,0.1542121142290921,0.0,0.0,1.9999980000020001,0.0,0.5588235294117647,16.0
90565296493b,41.0,19.0,5.477456,0.17866566666666667,0.04662014420953293,0.0,0.0,1.9999980000020001,0.0,0.5588235294117647,16.0
9066046a4192,78.0,23.0,13.568747,0.48846577272727276,0.4047147279313726,0.08695651795841226,0.17391303591682453,0.399999920000016,0.0,0.5384615384615384,19.0
906a71b4079e,79.0,23.0,35.201888,1.3177781363636363,1.3736369122456076,0.08695651795841226,0.21739129489603065,0.33333327777778704,0.0,0.5384615384615384,19.0
90787e9549b0,78.0,23.0,45.438583,1.6372552272727274,2.864560345161256,0.08695651795841226,0.17391303591682453,0.399999920000016,0.0,0.5384615384615384,19.0
907de2e1393d,78.0,23.0,34.944042,1.3333045909090908,1.9411761729052106,0.08695651795841226,0.17391303591682453,0.399999920000016,0.0,0.5384615384615384,19.0
9095e340e798,78.0,23.0,14.793186,0.5460257272727274,0.4494866446693523,0.08695651795841226,0.17391303591682453,0.399999920000016,0.0,0.5384615384615384,19.0
90b82d053fb9,78.0,23.0,33.59323,1.2287516363636364,1.3399197494423223,0.08695651795841226,0.17391303591682453,0.399999920000016,0.0,0.5384615384615384,19.0
9114eec3a66c,78.0,23.0,32.934991,1.2209045909090908,1.2559849694700689,0.08695651795841226,0.17391303591682453,0.399999920000016,0.0,0.5384615384615384,19.0
912a66ddb1e5,78.0,23.0,22.138512,0.8172699545454545,0.7559052171041575,0.08695651795841226,0.17391303591682453,0.399999920000016,0.0,0.5384615384615384,19.0
91466aba690f,19.0,10.0,2.07191,0.07800055555555556,0.07475992532117577,0.299999970000003,0.0,0.9999990000010001,0.499999750000125,0.15384615384615385,12.0
915f6a0f89c0,78.0,23.0,13.448677,0.482591,0.4007493190368216,0.08695651795841226,0.17391303591682453,0.399999920000016,0.0,0.5384615384615384,19.0
916941e9da78,41.0,19.0,22.287587,0.8684738333333333,0.12710966062478124,0.0,0.0,1.9999980000020001,0.0,0.5588235294117647,16.0
9196bb9b72db,41.0,19.0,35.501871,1.3564232222222223,0.34661915983388414,0.0,0.0,1.9999980000020001,0.0,0.5588235294117647,16.0
91a95afd079b,77.0,23.0,35.794451,1.3521339090909092,1.4349026418457775,0.08695651795841226,0.1304347769376184,0.49999987500003124,0.0,0.5384615384615384,19.0
91da09f913a7,78.0,23.0,20.822078,0.7767096363636363,0.6958527148071156,0.08695651795841226,0.17391303591682453,0.399999920000016,0.0,0.5384615384615384,19.0
92033b310238,80.0,23.0,21.958256,0.818093090909091,0.7193513660419832,0.08695651795841226,0.2608695538752368,0.285714244897965,0.0,0.5384615384615384,19.0
920cd94412d3,78.0,23.0,21.708935,0.7983311363636364,0.8112504896221749,0.08695651795841226,0.17391303591682453,0.399999920000016,0.0,0.5384615384615384,19.0
921271ca48cf,41.0,19.0,26.49845,1.0677030555555556,0.11361816134262641,0.0,0.0,1.9999980000020001,0.0,0.5588235294117647,16.0
92448032a122,41.0,19.0,20.699594,0.823692388888889,0.09695208980858347,0.0,0.0,1.9999980000020001,0.0,0.5588235294117647,16.0
9273664818e8,41.0,19.0,19.758868,0.7878064444444445,0.10616233270976617,0.0,0.0,1.9999980000020001,0.0,0.5588235294117647,16.0
9275f805cd30,77.0,23.0,36.299321,1.3555303181818181,1.2749568099420685,0.08695651795841226,0.1304347769376184,0.49999987500003124,0.0,0.5384615384615384,19.0
9282c8da0eb4,78.0,23.0,29.412948,1.091896,1.0438611635643433,0.08695651795841226,0.17391303591682453,0.399999920000016,0.0,0.5384615384615384,19.0
9290e29012f3,78.0,23.0,22.531962,0.8368708181818182,0.8016154322557275,0.08695651795841226,0.17391303591682453,0.399999920000016,0.0,0.5384615384615384,19.0
92a864acc50a,78.0,23.0,5.68323,0.1911575909090909,0.09875739947282026,0.08695651795841226,0.17391303591682453,0.399999920000016,0.0,0.5384615384615384,19.0
92d7d78c0aa0,78.0,23.0,37.260565,1.4422020454545454,1.446052646008386,0.08695651795841226,0.17391303591682453,0.399999920000016,0.0,0.5384615384615384,19.0
92e0e9ef10e2,7.0,1.0,181.474922,0.0,0.0,0.0,0.0,1.9999980000020001,0.0,1.0,1.0
92e77a86aa14,7.0,1.0,130.131515,0.0,0.0,0.0,0.0,1.9999980000020001,0.0,1.0,1.0
93004d740710,78.0,23.0,8.206916,0.27322195454545456,0.19061288881507044,0.08695651795841226,0.17391303591682453,0.399999920000016,0.0,0.5384615384615384,19.0
930ba8ece269,78.0,23.0,32.525209,1.1994974545454546,1.1923489628403465,0.08695651795841226,0.17391303591682453,0.399999920000016,0.0,0.5384615384615384,19.0
9312c4104203,78.0,23.0,29.97301,1.1159677272727273,1.2708456674505098,0.08695651795841226,0.17391303591682453,0.399999920000016,0.0,0.5384615384615384,19.0
934fbd91d5cb,78.0,23.0,29.906029,1.1004730454545455,1.228925767762254,0.08695651795841226,0.17391303591682453,0.399999920000016,0.0,0.5384615384615384,19.0
9373eb9c009c,78.0,23.0,33.860124,1.2697020454545456,1.3358607776275075,0.08695651795841226,0.17391303591682453,0.399999920000016,0.0,0.5384615384615384,19.0
93760c845eb1,78.0,23.0,66.252587,2.420066954545455,2.72272027873007,0.08695651795841226,0.17391303591682453,0.399999920000016,0.0,0.5384615384615384,19.0
9378474e667a,76.0,23.0,21.336338,0.7922726363636362,0.9069469141547973,0.08695651795841226,0.08695651795841226,0.6666664444445185,0.0,0.5384615384615384,19.0
93985328362a,9.0,2.0,17.222829,0.092153,,0.0,0.499999750000125,0.0,0.0,0.75,2.0
9399d5db9e36,78.0,23.0,15.00357,0.5436517272727273,0.4766133103454974,0.08695651795841226,0.17391303591682453,0.399999920000016,0.0,0.5384615384615384,19.0
94088e3fc4b4,78.0,23.0,8.387872,0.29602672727272733,0.19261411588809021,0.08695651795841226,0.17391303591682453,0.399999920000016,0.0,0.5384615384615384,19.0
943e900695fc,7.0,1.0,181.499271,0.0,0.0,0.0,0.0,1.9999980000020001,0.0,1.0,1.0
94757711b031,78.0,23.0,17.061386,0.6242409545454546,0.561339149305987,0.08695651795841226,0.17391303591682453,0.399999920000016,0.0,0.5384615384615384,19.0
947772399ebd,78.0,23.0,17.002012,0.6329707727272725,0.5239194461533305,0.08695651795841226,0.17391303591682453,0.399999920000016,0.0,0.5384615384615384,19.0
9480b5165b3b,78.0,23.0,14.09132,0.514122681818182,0.42875276226719644,0.08695651795841226,0.17391303591682453,0.399999920000016,0.0,0.5384615384615384,19.0
94be9b0416ae,78.0,23.0,17.030112,0.6219129545454546,0.5360329107612594,0.08695651795841226,0.17391303591682453,0.399999920000016,0.0,0.5384615384615384,19.0
94c2043bfb03,18.0,10.0,0.852338,0.044655,0.040605652694544886,0.299999970000003,0.0,0.0,0.0,0.15384615384615385,12.0
94c94c41797e,41.0,19.0,28.275221,1.1310952222222221,0.1299162409973783,0.0,0.0,1.9999980000020001,0.0,0.5588235294117647,16.0
94f3ea1429d2,41.0,19.0,5.169723,0.16461316666666667,0.042061301657084216,0.0,0.0,1.9999980000020001,0.0,0.5588235294117647,16.0
94f8a010edd8,78.0,23.0,13.645396,0.49274613636363646,0.4152486802760251,0.08695651795841226,0.17391303591682453,0.399999920000016,0.0,0.5384615384615384,19.0
9509735d0ec2,106.0,50.0,244.143917,4.9066831836734695,14.494744563948855,0.0,0.0,2.9999970000030003,0.0,0.98,2.0
951a1bd405fc,41.0,19.0,17.913864,0.7250956666666667,0.06750952820158054,0.0,0.0,1.9999980000020001,0.0,0.5588235294117647,16.0
952eb916405a,78.0,23.0,21.735722,0.8033701818181815,0.7627584269644608,0.08695651795841226,0.17391303591682453,0.399999920000016,0.0,0.5384615384615384,19.0
95563ef73f54,9.0,2.0,17.221008,0.094318,,0.0,0.499999750000125,0.0,0.0,0.75,2.0
955f2ee542dc,78.0,23.0,32.423935,1.2062036818181818,1.2313818113947625,0.08695651795841226,0.17391303591682453,0.399999920000016,0.0,0.5384615384615384,19.0
9563969d8145,78.0,23.0,32.153241,1.1911088181818181,1.194161517863501,0.08695651795841226,0.17391303591682453,0.399999920000016,0.0,0.5384615384615384,19.0
9565fc2c37ea,77.0,23.0,41.056561,1.5922165454545456,2.376772703542122,0.08695651795841226,0.1304347769376184,0.49999987500003124,0.0,0.5384615384615384,19.0
958f76af4fc5,78.0,23.0,20.162754,0.7431233636363637,0.7172926197282553,0.08695651795841226,0.17391303591682453,0.399999920000016,0.0,0.5384615384615384,19.0
95926c333561,41.0,19.0,28.509471,1.150697388888889,0.12067078553609686,0.0,0.0,1.9999980000020001,0.0,0.5588235294117647,16.0
95b1e3401c4c,78.0,23.0,30.090816,1.1100875454545456,1.1186680336972916,0.08695651795841226,0.17391303591682453,0.399999920000016,0.0,0.5384615384615384,19.0
95c75efa68a0,78.0,23.0,13.876446,0.5039466818181819,0.42541282736211333,0.08695651795841226,0.17391303591682453,0.399999920000016,0.0,0.5384615384615384,19.0
9635b465858b,79.0,23.0,14.471641,0.5226002272727274,0.4726251940912619,0.08695651795841226,0.21739129489603065,0.33333327777778704,0.0,0.5384615384615384,19.0
964157b948f9,77.0,23.0,107.105648,4.289804,5.495454294500293,0.08695651795841226,0.1304347769376184,0.49999987500003124,0.0,0.5384615384615384,19.0
965c0ffb4dc7,18.0,10.0,3.327089,0.19477633333333333,0.18161964032697567,0.299999970000003,0.0,0.0,0.0,0.15384615384615385,12.0
965cb2ddf29e,78.0,23.0,13.377871,0.4943861818181818,0.5774020903576588,0.08695651795841226,0.17391303591682453,0.399999920000016,0.0,0.5384615384615384,19.0
9664ba09df73,79.0,23.0,32.51984,1.2185067727272727,1.1464904637105497,0.08695651795841226,0.21739129489603065,0.33333327777778704,0.0,0.5384615384615384,19.0
966edb4e7822,78.0,23.0,31.791929,1.177345772727273,1.1902276944997874,0.08695651795841226,0.17391303591682453,0.399999920000016,0.0,0.5384615384615384,19.0
96760368a1a7,79.0,23.0,16.963777,0.6307608181818182,0.5619488448350027,0.08695651795841226,0.21739129489603065,0.33333327777778704,0.0,0.5384615384615384,19.0
967ff024f30a,41.0,19.0,31.965884,1.2589357222222222,0.22544622598247646,0.0,0.0,1.9999980000020001,0.0,0.5588235294117647,16.0
96812ad15faa,78.0,23.0,31.20282,1.1071840454545454,0.9757088437156358,0.08695651795841226,0.17391303591682453,0.399999920000016,0.0,0.5384615384615384,19.0
96b9d6d9fdf0,41.0,19.0,33.532453,1.3617916666666667,0.6042412677329557,0.0,0.0,1.9999980000020001,0.0,0.5588235294117647,16.0
96cf9462ffe7,41.0,19.0,25.790734,1.027922888888889,0.2654716823342909,0.0,0.0,1.9999980000020001,0.0,0.5588235294117647,16.0
96d9d9f58afa,10.0,5.0,9.912737,1.151701,0.2613072025605111,0.0,0.0,1.9999980000020001,0.0,0.19999999999999996,5.0
970e6cc958e7,41.0,19.0,12.668207,0.47743499999999994,0.08965787042910596,0.0,0.0,1.9999980000020001,0.0,0.5588235294117647,16.0
9712ce6afe71,78.0,23.0,28.529762,1.0515797272727272,1.0505616383626688,0.08695651795841226,0.17391303591682453,0.399999920000016,0.0,0.5384615384615384,19.0
972e105759cd,78.0,23.0,24.197443,0.8729192727272725,0.8294017031541864,0.08695651795841226,0.17391303591682453,0.399999920000016,0.0,0.5384615384615384,19.0
978cd984e240,41.0,19.0,30.189436,1.207905722222222,0.11534676346911799,0.0,0.0,1.9999980000020001,0.0,0.5588235294117647,16.0
97a552fec48b,18.0,10.0,0.758012,0.03486666666666667,0.0289449431982514,0.299999970000003,0.0,0.0,0.0,0.15384615384615385,12.0
97cd4e0dcd82,78.0,23.0,35.379909,1.3221774545454545,1.6198127140120018,0.08695651795841226,0.17391303591682453,0.399999920000016,0.0,0.5384615384615384,19.0
980293698e07,78.0,23.0,13.411998,0.48141968181818195,0.40488944525299114,0.08695651795841226,0.17391303591682453,0.399999920000016,0.0,0.5384615384615384,19.0
98290715be2f,41.0,19.0,27.52808,1.1004114999999999,0.1270627643782441,0.0,0.0,1.9999980000020001,0.0,0.5588235294117647,16.0
98483ce397e5,41.0,19.0,11.988155,0.4552617777777778,0.12402773821659487,0.0,0.0,1.9999980000020001,0.0,0.5588235294117647,16.0
9886dbacc865,78.0,23.0,42.244769,1.6259793636363638,3.7666033356711712,0.08695651795841226,0.17391303591682453,0.399999920000016,0.0,0.5384615384615384,19.0
98cbe0cb6364,106.0,50.0,223.294256,4.478780897959184,10.255296642029496,0.0,0.0,2.9999970000030003,0.0,0.98,2.0
996a7ff16a06,77.0,23.0,37.287762,1.3787827272727275,2.223569368681488,0.08695651795841226,0.1304347769376184,0.49999987500003124,0.0,0.5384615384615384,19.0
999ecdf914b5,10.0,5.0,6.924229,0.83397975,0.0022913734418466124,0.0,0.0,1.9999980000020001,0.0,0.19999999999999996,5.0
99c18366d3f6,78.0,23.0,30.541215,1.1326962272727272,1.1462219771405509,0.08695651795841226,0.17391303591682453,0.399999920000016,0.0,0.5384615384615384,19.0
9a5c4423a3a2,78.0,23.0,31.532422,1.178603318181818,1.1108919741764953,0.08695651795841226,0.17391303591682453,0.399999920000016,0.0,0.5384615384615384,19.0
9a6dbccb0b27,78.0,23.0,33.540065,1.2573965454545453,1.6509059657945313,0.08695651795841226,0.17391303591682453,0.399999920000016,0.0,0.5384615384615384,19.0
9a904db71abc,78.0,23.0,14.417226,0.5249398636363636,0.43796174191472537,0.08695651795841226,0.17391303591682453,0.399999920000016,0.0,0.5384615384615384,19.0
9a963f0c2dbe,77.0,23.0,22.242631,0.8117826818181818,0.7131776020631277,0.08695651795841226,0.1304347769376184,0.49999987500003124,0.0,0.5384615384615384,19.0
9aad60b4d9d2,78.0,23.0,40.428834,1.5422675454545454,2.0455919519009123,0.08695651795841226,0.17391303591682453,0.399999920000016,0.0,0.5384615384615384,19.0
9af6c300a986,41.0,19.0,26.931105,1.0835774444444444,0.10986426108945542,0.0,0.0,1.9999980000020001,0.0,0.5588235294117647,16.0
9aff83368e57,78.0,23.0,6.838998,0.21629863636363636,0.12971603618804292,0.08695651795841226,0.17391303591682453,0.399999920000016,0.0,0.5384615384615384,19.0
9b753c1c17a1,41.0,19.0,37.822009,1.6682188333333334,3.2074359961669634,0.0,0.0,1.9999980000020001,0.0,0.5588235294117647,16.0
9be40e386a43,77.0,23.0,30.947428,1.1442945454545457,1.2884330434803255,0.08695651795841226,0.1304347769376184,0.49999987500003124,0.0,0.5384615384615384,19.0
9beed2b4e01b,78.0,23.0,10.514681,0.37168677272727274,0.28044765267046623,0.08695651795841226,0.17391303591682453,0.399999920000016,0.0,0.5384615384615384,19.0
9bfcded5cf7d,77.0,23.0,15.865353,0.5963927272727273,0.6253555494531307,0.08695651795841226,0.1304347769376184,0.49999987500003124,0.0,0.5384615384615384,19.0
9bfee3f7050b,78.0,23.0,33.770635,1.276210090909091,1.3159753938744958,0.08695651795841226,0.17391303591682453,0.399999920000016,0.0,0.5384615384615384,19.0
9c36dc9b0d33,78.0,23.0,14.308856,0.5195143636363636,0.4183996372067244,0.08695651795841226,0.17391303591682453,0.399999920000016,0.0,0.5384615384615384,19.0
9ca29a9a8811,41.0,19.0,27.773906,1.076777222222222,0.2824765640776668,0.0,0.0,1.9999980000020001,0.0,0.5588235294117647,16.0
9ca7a6514e71,78.0,23.0,14.986115999999999,0.5449077727272728,0.46786366718968897,0.08695651795841226,0.17391303591682453,0.399999920000016,0.0,0.5384615384615384,19.0
9cdd69adfe08,78.0,23.0,6.039278,0.20742286363636364,0.1042814986632658,0.08695651795841226,0.17391303591682453,0.399999920000016,0.0,0.5384615384615384,19.0
9cddf7567912,78.0,23.0,14.090858,0.5106622272727273,0.4887195359986701,0.08695651795841226,0.17391303591682453,0.399999920000016,0.0,0.5384615384615384,19.0
9ce8877808ad,78.0,23.0,5.904252,0.196099,0.08610269121340212,0.08695651795841226,0.17391303591682453,0.399999920000016,0.0,0.5384615384615384,19.0
9d1da2bbdbdc,78.0,23.0,10.521208,0.37105995454545454,0.28290773331827385,0.08695651795841226,0.17391303591682453,0.399999920000016,0.0,0.5384615384615384,19.0
9d1f34f33a98,78.0,23.0,14.169473,0.5168858636363637,0.4879723412240157,0.08695651795841226,0.17391303591682453,0.399999920000016,0.0,0.5384615384615384,19.0
9d895ee58ec7,41.0,19.0,41.718286,1.807722388888889,0.9233817351343815,0.0,0.0,1.9999980000020001,0.0,0.5588235294117647,16.0
9dc109f96439,41.0,19.0,17.771041,0.6854727222222223,0.12517167771119772,0.0,0.0,1.9999980000020001,0.0,0.5588235294117647,16.0
9dc588cf9988,79.0,23.0,38.361424,1.3920720454545454,1.762031995429586,0.08695651795841226,0.21739129489603065,0.33333327777778704,0.0,0.5384615384615384,19.0
9ddbb7ef05cf,78.0,23.0,37.047416,1.4254253181818184,1.925240587809133,0.08695651795841226,0.17391303591682453,0.399999920000016,0.0,0.5384615384615384,19.0
9df4a95aa051,78.0,23.0,8.186077,0.2833736818181818,0.1857130141931455,0.08695651795841226,0.17391303591682453,0.399999920000016,0.0,0.5384615384615384,19.0
9e0a220f8da3,78.0,23.0,35.234188,1.2868826818181818,1.3259191820967926,0.08695651795841226,0.17391303591682453,0.399999920000016,0.0,0.5384615384615384,19.0
9e31ef397b82,78.0,23.0,30.185287,1.1160442727272726,1.1593141338058537,0.08695651795841226,0.17391303591682453,0.399999920000016,0.0,0.5384615384615384,19.0
9e3bc28acb5e,78.0,23.0,9.84983,0.3536422272727273,0.3431642712297715,0.08695651795841226,0.17391303591682453,0.399999920000016,0.0,0.5384615384615384,19.0
9e53c72f4fe5,78.0,23.0,43.131584,1.4825039545454544,1.31564251262486,0.08695651795841226,0.17391303591682453,0.399999920000016,0.0,0.5384615384615384,19.0
9e770c02c72c,78.0,23.0,29.596643,1.093511590909091,1.1065899122916252,0.08695651795841226,0.17391303591682453,0.399999920000016,0.0,0.5384615384615384,19.0
9e872095b02f,78.0,23.0,33.216791,1.2362106363636363,1.2384832898331561,0.08695651795841226,0.17391303591682453,0.399999920000016,0.0,0.5384615384615384,19.0
9e93295776d8,76.0,23.0,16.121969,0.5926817272727273,0.5286441750754095,0.08695651795841226,0.08695651795841226,0.6666664444445185,0.0,0.5384615384615384,19.0
9e9532fece6a,18.0,10.0,3.471958,0.20472744444444443,0.18864570630954677,0.299999970000003,0.0,0.0,0.0,0.15384615384615385,12.0
9eb1e2eb6e06,78.0,23.0,12.925096,0.41735477272727267,0.3188697283938905,0.08695651795841226,0.17391303591682453,0.399999920000016,0.0,0.5384615384615384,19.0
9eba8a6fc4cf,78.0,23.0,32.179486,1.1915537272727272,1.1871255596774277,0.08695651795841226,0.17391303591682453,0.399999920000016,0.0,0.5384615384615384,19.0
9ed97795d066,78.0,23.0,5.376797,0.17537313636363636,0.09844547905520643,0.08695651795841226,0.17391303591682453,0.399999920000016,0.0,0.5384615384615384,19.0
9eec22a1de04,41.0,19.0,22.151102,0.8882496666666667,0.09383172396244624,0.0,0.0,1.9999980000020001,0.0,0.5588235294117647,16.0
9f04a9dabbb0,77.0,23.0,15.182495,0.5423339545454545,0.46016785228492624,0.08695651795841226,0.1304347769376184,0.49999987500003124,0.0,0.5384615384615384,19.0
9f0f5abd4860,78.0,23.0,30.44524,1.1309349545454543,1.068615014372051,0.08695651795841226,0.17391303591682453,0.399999920000016,0.0,0.5384615384615384,19.0
9f460f44142b,78.0,23.0,31.723819,1.1779667272727272,1.2012546953993832,0.08695651795841226,0.17391303591682453,0.399999920000016,0.0,0.5384615384615384,19.0
9f646903b63f,78.0,23.0,29.780693,1.0866930000000001,1.0496078518949465,0.08695651795841226,0.17391303591682453,0.399999920000016,0.0,0.5384615384615384,19.0
9f6dc5d8440f,41.0,19.0,29.506477,1.1660245555555555,0.1551512387144053,0.0,0.0,1.9999980000020001,0.0,0.5588235294117647,16.0
9f8d8ddbb4d8,48.0,14.0,12.793074,0.6692116153846155,0.20455440845145106,0.21428569897959293,0.0,1.9999980000020001,0.0,0.33333333333333337,17.0
9f8e36af26a7,78.0,23.0,8.09892,0.27805509090909086,0.18123916053417982,0.08695651795841226,0.17391303591682453,0.399999920000016,0.0,0.5384615384615384,19.0
9f8ea8ea71d6,78.0,23.0,16.729558,0.610948090909091,0.5020138497740314,0.08695651795841226,0.17391303591682453,0.399999920000016,0.0,0.5384615384615384,19.0
9fc60c091437,77.0,23.0,35.480594,1.2995596818181818,1.3727796853390772,0.08695651795841226,0.1304347769376184,0.49999987500003124,0.0,0.5384615384615384,19.0
9fcc0196229e,41.0,19.0,7.93663,0.28179161111111106,0.06719531172120907,0.0,0.0,1.9999980000020001,0.0,0.5588235294117647,16.0
9ffdfe4aec28,78.0,23.0,47.438133,1.845462318181818,3.080513018014638,0.08695651795841226,0.17391303591682453,0.399999920000016,0.0,0.5384615384615384,19.0
9ffe48038b20,78.0,23.0,38.449281,1.3858199545454546,1.3073310560534237,0.08695651795841226,0.17391303591682453,0.399999920000016,0.0,0.5384615384615384,19.0
a014e8463139,41.0,19.0,18.693551,0.7552228333333333,0.06957806896551949,0.0,0.0,1.9999980000020001,0.0,0.5588235294117647,16.0
a0196817366c,78.0,23.0,30.665456,1.138941909090909,1.1535856164303295,0.08695651795841226,0.17391303591682453,0.399999920000016,0.0,0.5384615384615384,19.0
a0553ccc2b10,41.0,19.0,34.414804,1.3748437777777778,0.2803176313414639,0.0,0.0,1.9999980000020001,0.0,0.5588235294117647,16.0
a05922518deb,41.0,19.0,17.194125,0.6997121666666666,0.07045489661123634,0.0,0.0,1.9999980000020001,0.0,0.5588235294117647,16.0
a09c71243ff3,78.0,23.0,5.9202829999999995,0.20000345454545457,0.09054300057653598,0.08695651795841226,0.17391303591682453,0.399999920000016,0.0,0.5384615384615384,19.0
a0b32811c90b,41.0,19.0,30.479961,1.202324777777778,0.1725405485350364,0.0,0.0,1.9999980000020001,0.0,0.5588235294117647,16.0
a0d5d8330a0a,78.0,23.0,23.578551,0.8606209545454547,0.7950798281619561,0.08695651795841226,0.17391303591682453,0.399999920000016,0.0,0.5384615384615384,19.0
a0ef7291da7d,78.0,23.0,34.970518,1.269474909090909,1.598784962197198,0.08695651795841226,0.17391303591682453,0.399999920000016,0.0,0.5384615384615384,19.0
a10a3060333e,78.0,23.0,31.045304,1.1492849090909092,1.2408274754810429,0.08695651795841226,0.17391303591682453,0.399999920000016,0.0,0.5384615384615384,19.0
a13f6a1e4bb4,78.0,23.0,13.765975,0.5000278181818181,0.41293864319298174,0.08695651795841226,0.17391303591682453,0.399999920000016,0.0,0.5384615384615384,19.0
a154b7eee69d,78.0,23.0,12.738194,0.4642517272727273,0.37284987164211425,0.08695651795841226,0.17391303591682453,0.399999920000016,0.0,0.5384615384615384,19.0
a157c45623cf,78.0,23.0,47.247469,1.7842958181818183,1.6913142415774,0.08695651795841226,0.17391303591682453,0.399999920000016,0.0,0.5384615384615384,19.0
a16007f12116,78.0,23.0,7.58316,0.25461177272727276,0.1476616518621547,0.08695651795841226,0.17391303591682453,0.399999920000016,0.0,0.5384615384615384,19.0
a184f1abfab0,78.0,23.0,29.542258,1.0916139090909092,1.072150632635568,0.08695651795841226,0.17391303591682453,0.399999920000016,0.0,0.5384615384615384,19.0
a19698ff0447,78.0,23.0,31.299601,1.157607590909091,1.2127182572087762,0.08695651795841226,0.17391303591682453,0.399999920000016,0.0,0.5384615384615384,19.0
a19c48a15b90,41.0,19.0,28.970169,1.1621069999999998,0.1251075977567733,0.0,0.0,1.9999980000020001,0.0,0.5588235294117647,16.0
a19e015cec98,76.0,23.0,36.423484,1.3753080909090907,1.448659214560498,0.08695651795841226,0.08695651795841226,0.6666664444445185,0.0,0.5384615384615384,19.0
a1a10752c0e2,78.0,23.0,8.692544,0.3062858636363636,0.19871029456551526,0.08695651795841226,0.17391303591682453,0.399999920000016,0.0,0.5384615384615384,19.0
a1c05a2e3a51,77.0,23.0,30.910903,1.1467333636363637,1.2041987187052579,0.08695651795841226,0.1304347769376184,0.49999987500003124,0.0,0.5384615384615384,19.0
a1ccefd45b84,78.0,23.0,21.869744,0.805255681818182,0.7552450985429694,0.08695651795841226,0.17391303591682453,0.399999920000016,0.0,0.5384615384615384,19.0
a1d4ce6e8245,78.0,23.0,5.947023,0.20012877272727272,0.08841958280129698,0.08695651795841226,0.17391303591682453,0.399999920000016,0.0,0.5384615384615384,19.0
a1faf2b755b9,78.0,23.0,12.935209,0.4714555454545455,0.44257595772377517,0.08695651795841226,0.17391303591682453,0.399999920000016,0.0,0.5384615384615384,19.0
a2164500f98e,48.0,14.0,6.432914,0.3134011538461538,0.12522356701039822,0.21428569897959293,0.0,1.9999980000020001,0.0,0.33333333333333337,17.0
a2265b914c0d,79.0,23.0,7.629294,0.27938413636363635,0.16085186794815,0.08695651795841226,0.21739129489603065,0.33333327777778704,0.0,0.5384615384615384,19.0
a22a87f878ef,78.0,23.0,33.739619,1.2466915,1.2751677013006395,0.08695651795841226,0.17391303591682453,0.399999920000016,0.0,0.5384615384615384,19.0
a27a90d1f196,78.0,23.0,31.824779,1.173954090909091,1.2726023578435797,0.08695651795841226,0.17391303591682453,0.399999920000016,0.0,0.5384615384615384,19.0
a295966eb8ae,78.0,23.0,8.454237,0.28449263636363636,0.22217037934872577,0.08695651795841226,0.17391303591682453,0.399999920000016,0.0,0.5384615384615384,19.0
a2b69aa9a26f,78.0,23.0,11.594904,0.4261293636363637,0.3183882729234775,0.08695651795841226,0.17391303591682453,0.399999920000016,0.0,0.5384615384615384,19.0
a2c6c3927afe,78.0,23.0,19.324231,0.6771659999999999,0.5251849742007005,0.08695651795841226,0.17391303591682453,0.399999920000016,0.0,0.5384615384615384,19.0
a32709a0dbde,78.0,23.0,30.435569,1.119340090909091,1.0973291831564278,0.08695651795841226,0.17391303591682453,0.399999920000016,0.0,0.5384615384615384,19.0
a328ccd0438a,6.0,1.0,3.968373,0.0,0.0,0.0,0.0,1.9999980000020001,0.0,0.5,2.0
a35fb2617cb6,78.0,23.0,22.029509,0.8144762727272726,0.7867042839787346,0.08695651795841226,0.17391303591682453,0.399999920000016,0.0,0.5384615384615384,19.0
a371ce5420bc,78.0,23.0,5.741236,0.19453322727272732,0.08475620794340605,0.08695651795841226,0.17391303591682453,0.399999920000016,0.0,0.5384615384615384,19.0
a3812c8c9423,41.0,19.0,28.443364,1.1258283333333337,0.13309834200054527,0.0,0.0,1.9999980000020001,0.0,0.5588235294117647,16.0
a3a09743b113,78.0,23.0,14.166312,0.5121502727272726,0.4559179103818688,0.08695651795841226,0.17391303591682453,0.399999920000016,0.0,0.5384615384615384,19.0
a3a764e87d14,80.0,23.0,34.039476,1.2753447727272729,1.2604943787363725,0.08695651795841226,0.2608695538752368,0.285714244897965,0.0,0.5384615384615384,19.0
a3be3955014f,41.0,19.0,16.549189,0.6318676666666666,0.10079721311506934,0.0,0.0,1.9999980000020001,0.0,0.5588235294117647,16.0
a3d7348f974c,78.0,23.0,9.012706,0.3101024545454546,0.22367949379961102,0.08695651795841226,0.17391303591682453,0.399999920000016,0.0,0.5384615384615384,19.0
a3ed2088a13e,78.0,23.0,5.744322,0.1904594090909091,0.09367996190102265,0.08695651795841226,0.17391303591682453,0.399999920000016,0.0,0.5384615384615384,19.0
a44b0bd870fe,78.0,23.0,8.817384,0.3147378181818181,0.2058045373646318,0.08695651795841226,0.17391303591682453,0.399999920000016,0.0,0.5384615384615384,19.0
a4a967c63884,78.0,23.0,5.541234,0.18606513636363634,0.08493866332959693,0.08695651795841226,0.17391303591682453,0.399999920000016,0.0,0.5384615384615384,19.0
a4f2699c14a8,41.0,19.0,19.926577,0.8476402222222224,0.07062678673850693,0.0,0.0,1.9999980000020001,0.0,0.5588235294117647,16.0
a50cbc7fd15e,21.0,8.0,129.17539,0.863618,0.08827128815947649,0.0,0.0,1.9999980000020001,0.0,0.36363636363636365,8.0
a5764a51f5ea,76.0,23.0,36.543808,1.396363181818182,1.7561982898904274,0.08695651795841226,0.08695651795841226,0.6666664444445185,0.0,0.5384615384615384,19.0
a5796e5b96df,78.0,23.0,33.265616,1.2370583181818182,1.2478166017413277,0.08695651795841226,0.17391303591682453,0.399999920000016,0.0,0.5384615384615384,19.0
a58883fc8f33,41.0,19.0,26.581857,1.0328007222222224,0.16325541642570413,0.0,0.0,1.9999980000020001,0.0,0.5588235294117647,16.0
a58a998126a6,78.0,23.0,20.02097,0.7349369090909093,0.6801465683135203,0.08695651795841226,0.17391303591682453,0.399999920000016,0.0,0.5384615384615384,19.0
a5e5abca6379,41.0,19.0,12.247736,0.5110664444444443,0.04886809061764515,0.0,0.0,1.9999980000020001,0.0,0.5588235294117647,16.0
a5fbd315dfac,78.0,23.0,13.888821,0.5072592727272727,0.47235569529682897,0.08695651795841226,0.17391303591682453,0.399999920000016,0.0,0.5384615384615384,19.0
a60382f01cf7,41.0,19.0,35.091101,1.4225068333333333,0.25051188245675976,0.0,0.0,1.9999980000020001,0.0,0.5588235294117647,16.0
a6039b2177cb,78.0,23.0,34.095201,1.2582450454545455,1.166337882561705,0.08695651795841226,0.17391303591682453,0.399999920000016,0.0,0.5384615384615384,19.0
a60d3ededeb2,78.0,23.0,39.587445,1.4931397272727274,2.1498468102710677,0.08695651795841226,0.17391303591682453,0.399999920000016,0.0,0.5384615384615384,19.0
a616f3ea9414,41.0,19.0,25.700291,1.012395777777778,0.17562928959217936,0.0,0.0,1.9999980000020001,0.0,0.5588235294117647,16.0
a61a701cbfde,78.0,23.0,10.973633,0.39671490909090923,0.33735586005834495,0.08695651795841226,0.17391303591682453,0.399999920000016,0.0,0.5384615384615384,19.0
a62dd6ee06ee,78.0,23.0,33.76866,1.238525181818182,1.3500116615645754,0.08695651795841226,0.17391303591682453,0.399999920000016,0.0,0.5384615384615384,19.0
a662d16d52e6,78.0,23.0,32.567287,1.2182145,1.2603491791674903,0.08695651795841226,0.17391303591682453,0.399999920000016,0.0,0.5384615384615384,19.0
a6b6508418f8,41.0,19.0,20.324054,0.7982988888888888,0.10953621453301288,0.0,0.0,1.9999980000020001,0.0,0.5588235294117647,16.0
a6d6febeb417,79.0,23.0,6.273594,0.21779827272727273,0.11262912212938697,0.08695651795841226,0.21739129489603065,0.33333327777778704,0.0,0.5384615384615384,19.0
a724a10cb636,78.0,23.0,8.478501,0.29907127272727274,0.2156402200043886,0.08695651795841226,0.17391303591682453,0.399999920000016,0.0,0.5384615384615384,19.0
a74dfd4ed95b,78.0,23.0,19.369309,0.708563090909091,0.6561121183300268,0.08695651795841226,0.17391303591682453,0.399999920000016,0.0,0.5384615384615384,19.0
a74fa30f9b38,78.0,23.0,7.997073,0.25062590909090904,0.1427826611712157,0.08695651795841226,0.17391303591682453,0.399999920000016,0.0,0.5384615384615384,19.0
a757eae2c192,41.0,19.0,20.459664,0.8706805000000001,0.06815024847846463,0.0,0.0,1.9999980000020001,0.0,0.5588235294117647,16.0
a77b7e98ba73,78.0,23.0,5.619165,0.1863854090909091,0.10437901709665007,0.08695651795841226,0.17391303591682453,0.399999920000016,0.0,0.5384615384615384,19.0
a791583ea81e,78.0,23.0,32.189035,1.1918055454545455,1.198151051960825,0.08695651795841226,0.17391303591682453,0.399999920000016,0.0,0.5384615384615384,19.0
a79cfb0418d3,78.0,23.0,21.490472,0.7810122272727272,0.8130837108360652,0.08695651795841226,0.17391303591682453,0.399999920000016,0.0,0.5384615384615384,19.0
a7ac74715d28,78.0,23.0,37.735372,1.4355148181818183,2.207758656493129,0.08695651795841226,0.17391303591682453,0.399999920000016,0.0,0.5384615384615384,19.0
a7c9b8fe228c,78.0,23.0,8.002442,0.27692177272727275,0.19037835175348705,0.08695651795841226,0.17391303591682453,0.399999920000016,0.0,0.5384615384615384,19.0
a81237f27dce,78.0,23.0,31.930748,1.1956440454545454,1.6836190743072463,0.08695651795841226,0.17391303591682453,0.399999920000016,0.0,0.5384615384615384,19.0
a828e5a93b2e,78.0,23.0,8.573087,0.29773945454545453,0.22780510720114772,0.08695651795841226,0.17391303591682453,0.399999920000016,0.0,0.5384615384615384,19.0
a8838b21dfb1,78.0,23.0,8.898628,0.31700022727272725,0.19998465606877414,0.08695651795841226,0.17391303591682453,0.399999920000016,0.0,0.5384615384615384,19.0
a90e7e2f568e,41.0,19.0,5.581751,0.1849668333333333,0.047406007101669395,0.0,0.0,1.9999980000020001,0.0,0.5588235294117647,16.0
a938a32e16f8,78.0,23.0,21.132377,0.7709022727272727,0.7327841189865365,0.08695651795841226,0.17391303591682453,0.399999920000016,0.0,0.5384615384615384,19.0
a94217dab595,78.0,23.0,5.412098,0.1812456818181818,0.07691472969116753,0.08695651795841226,0.17391303591682453,0.399999920000016,0.0,0.5384615384615384,19.0
a94686491e70,78.0,23.0,13.643423,0.496271590909091,0.43899378191264565,0.08695651795841226,0.17391303591682453,0.399999920000016,0.0,0.5384615384615384,19.0
a99d676b2402,78.0,23.0,5.362002,0.17482404545454544,0.0761118950796581,0.08695651795841226,0.17391303591682453,0.399999920000016,0.0,0.5384615384615384,19.0
a9b4ee1bb69b,41.0,19.0,12.829309,0.48597638888888883,0.09296122000385201,0.0,0.0,1.9999980000020001,0.0,0.5588235294117647,16.0
a9c3701a05ce,41.0,19.0,25.182181,0.9873799444444443,0.13548823709371022,0.0,0.0,1.9999980000020001,0.0,0.5588235294117647,16.0
aa082c784de1,78.0,23.0,14.792027000000001,0.5342225909090909,0.47289854446157087,0.08695651795841226,0.17391303591682453,0.399999920000016,0.0,0.5384615384615384,19.0
aa10c2f3402f,78.0,23.0,14.17103,0.5137418636363636,0.4429626817451841,0.08695651795841226,0.17391303591682453,0.399999920000016,0.0,0.5384615384615384,19.0
aa2804f6ae61,78.0,23.0,6.128087,0.1999740909090909,0.11657719155008679,0.08695651795841226,0.17391303591682453,0.399999920000016,0.0,0.5384615384615384,19.0
aa45379e59cd,78.0,23.0,13.589041,0.49331795454545446,0.4161417589189298,0.08695651795841226,0.17391303591682453,0.399999920000016,0.0,0.5384615384615384,19.0
aa75e793d4c7,78.0,23.0,32.863672,1.2327663181818185,1.2824844028721822,0.08695651795841226,0.17391303591682453,0.399999920000016,0.0,0.5384615384615384,19.0
aa78d1c03461,78.0,23.0,33.99064,1.2320252272727272,1.5019778494012468,0.08695651795841226,0.17391303591682453,0.399999920000016,0.0,0.5384615384615384,19.0
aa873993a52c,78.0,23.0,17.194897,0.6306230909090907,0.5508664416120956,0.08695651795841226,0.17391303591682453,0.399999920000016,0.0,0.5384615384615384,19.0
aa8895fb3638,76.0,23.0,35.519035,1.2985903636363636,1.4494430308446904,0.08695651795841226,0.08695651795841226,0.6666664444445185,0.0,0.5384615384615384,19.0
aaaaed40e44d,78.0,23.0,30.619291,1.149918681818182,1.213798493447087,0.08695651795841226,0.17391303591682453,0.399999920000016,0.0,0.5384615384615384,19.0
aaddbc0ec50b,10.0,5.0,8.646199,0.19390225000000003,0.12037542162854509,0.0,0.0,1.9999980000020001,0.0,0.19999999999999996,5.0
aae3e77c397a,78.0,23.0,5.7776499999999995,0.1752222727272727,0.08709778362670303,0.08695651795841226,0.17391303591682453,0.399999920000016,0.0,0.5384615384615384,19.0
ab2c5deecfbd,41.0,19.0,18.89046,0.7813862777777777,0.07237355159481752,0.0,0.0,1.9999980000020001,0.0,0.5588235294117647,16.0
ab5cbe13a1f8,78.0,23.0,5.721781,0.1935115909090909,0.09034305672936703,0.08695651795841226,0.17391303591682453,0.399999920000016,0.0,0.5384615384615384,19.0
ab6f04c976e7,41.0,19.0,33.330173,1.2564761111111113,0.13406636004206315,0.0,0.0,1.9999980000020001,0.0,0.5588235294117647,16.0
ac44e974b438,41.0,19.0,37.075233,1.3921207222222223,0.6024622214562313,0.0,0.0,1.9999980000020001,0.0,0.5588235294117647,16.0
ac66e6dbd715,41.0,19.0,25.350722,1.0608987777777774,0.08165090167259459,0.0,0.0,1.9999980000020001,0.0,0.5588235294117647,16.0
acc265b93fa6,41.0,19.0,29.109779,1.1789842222222222,0.1320584876629672,0.0,0.0,1.9999980000020001,0.0,0.5588235294117647,16.0
acd0ef3ddf26,80.0,23.0,34.046614,1.207739181818182,1.2029763192168568,0.08695651795841226,0.2608695538752368,0.285714244897965,0.0,0.5384615384615384,19.0
acf2dbfd7a44,78.0,23.0,10.71861,0.38120940909090906,0.305930898224802,0.08695651795841226,0.17391303591682453,0.399999920000016,0.0,0.5384615384615384,19.0
ad0204952244,79.0,23.0,29.873832,1.1184856818181819,1.0764411424121876,0.08695651795841226,0.21739129489603065,0.33333327777778704,0.0,0.5384615384615384,19.0
ad201e0a4d9e,78.0,23.0,19.701927,0.7258686818181818,0.6607480859413667,0.08695651795841226,0.17391303591682453,0.399999920000016,0.0,0.5384615384615384,19.0
ad26924d9f17,74.0,22.0,30.601067,1.1904511904761905,1.1818388351947835,0.09090908677685969,0.13636363016528952,0.6666664444445185,0.0,0.5263157894736843,19.0
ad40dbd89a18,41.0,19.0,28.315625,1.1208791666666669,0.11726081828894985,0.0,0.0,1.9999980000020001,0.0,0.5588235294117647,16.0
ad6b8edb2073,41.0,19.0,20.683818,0.8356596111111111,0.07231128908052276,0.0,0.0,1.9999980000020001,0.0,0.5588235294117647,16.0
ad96a44c0c4e,78.0,23.0,15.156123000000001,0.5548304090909091,0.4559996727758495,0.08695651795841226,0.17391303591682453,0.399999920000016,0.0,0.5384615384615384,19.0
ade593d64f71,41.0,19.0,39.587995,1.1153831111111112,0.1287705158100523,0.0,0.0,1.9999980000020001,0.0,0.5588235294117647,16.0
adeabd6bae59,41.0,19.0,6.725541,0.23344305555555556,0.05285495596827697,0.0,0.0,1.9999980000020001,0.0,0.5588235294117647,16.0
adf87e0f3df2,78.0,23.0,33.775722,1.2681826818181818,1.3221829763400261,0.08695651795841226,0.17391303591682453,0.399999920000016,0.0,0.5384615384615384,19.0
adfdd0560cfd,78.0,23.0,32.911713,1.2415385454545456,1.2905010248241435,0.08695651795841226,0.17391303591682453,0.399999920000016,0.0,0.5384615384615384,19.0
ae417efeed69,18.0,10.0,2.746877,0.15757411111111108,0.14402181583829968,0.299999970000003,0.0,0.0,0.0,0.15384615384615385,12.0
ae5e92d370df,41.0,19.0,24.445579,0.9578865555555554,0.1351819502336289,0.0,0.0,1.9999980000020001,0.0,0.5588235294117647,16.0
aea163336131,42.0,19.0,74.453491,2.7020448333333333,0.7924053021275124,0.0,0.0,1.9999980000020001,0.0,0.5588235294117647,16.0
aea53d971d0d,41.0,19.0,25.022137,0.980314888888889,0.14812218377482228,0.0,0.0,1.9999980000020001,0.0,0.5588235294117647,16.0
aeaecd14c7d6,78.0,23.0,8.402633,0.29570159090909093,0.1845750057414159,0.08695651795841226,0.17391303591682453,0.399999920000016,0.0,0.5384615384615384,19.0
aeba7e30ed06,78.0,23.0,8.889426,0.3146687272727273,0.2047534675904245,0.08695651795841226,0.17391303591682453,0.399999920000016,0.0,0.5384615384615384,19.0
aebf84dec26a,41.0,19.0,19.290653,0.7433306111111111,0.12040379213059738,0.0,0.0,1.9999980000020001,0.0,0.5588235294117647,16.0
aed923099fe1,78.0,23.0,13.890295,0.5030064545454546,0.43154685809237747,0.08695651795841226,0.17391303591682453,0.399999920000016,0.0,0.5384615384615384,19.0
aee2abb65929,13.0,6.0,2.9354,0.06341640000000001,0.13107078969511093,0.33333327777778704,0.0,0.0,0.0,0.16666666666666663,6.0
af21e3b43e9b,78.0,23.0,22.642222,0.8361282272727272,0.793061384627645,0.08695651795841226,0.17391303591682453,0.399999920000016,0.0,0.5384615384615384,19.0
af66e5be1461,78.0,23.0,18.058054,0.6603613636363637,0.6104271176998037,0.08695651795841226,0.17391303591682453,0.399999920000016,0.0,0.5384615384615384,19.0
af6fa8cf766b,41.0,19.0,33.13241,1.3104581666666664,0.3608866079925692,0.0,0.0,1.9999980000020001,0.0,0.5588235294117647,16.0
af8848c8c915,78.0,23.0,17.435384,0.6385694090909091,0.5587539112364788,0.08695651795841226,0.17391303591682453,0.399999920000016,0.0,0.5384615384615384,19.0
afb6e7c3f996,78.0,23.0,31.225183,1.1526460454545455,1.0321900876639267,0.08695651795841226,0.17391303591682453,0.399999920000016,0.0,0.5384615384615384,19.0
afb820ae50c3,78.0,23.0,12.896036,0.46978536363636364,0.3783176516285835,0.08695651795841226,0.17391303591682453,0.399999920000016,0.0,0.5384615384615384,19.0
afc0682755b7,78.0,23.0,21.507952,0.7923562272727271,0.7670605954283213,0.08695651795841226,0.17391303591682453,0.399999920000016,0.0,0.5384615384615384,19.0
afcd41e76385,78.0,23.0,10.391223,0.36984595454545455,0.2949999224649579,0.08695651795841226,0.17391303591682453,0.399999920000016,0.0,0.5384615384615384,19.0
afe9217b41a4,41.0,19.0,18.186572,0.7401494444444445,0.0684318719416465,0.0,0.0,1.9999980000020001,0.0,0.5588235294117647,16.0
b047b32f36fa,78.0,23.0,6.578825,0.2196126818181818,0.14676585416927465,0.08695651795841226,0.17391303591682453,0.399999920000016,0.0,0.5384615384615384,19.0
b06b317eb476,78.0,23.0,14.260888,0.5166004090909091,0.41839365055384986,0.08695651795841226,0.17391303591682453,0.399999920000016,0.0,0.5384615384615384,19.0
b0aaa495a1d4,78.0,23.0,31.845168,1.1785210454545454,1.2041957389647278,0.08695651795841226,0.17391303591682453,0.399999920000016,0.0,0.5384615384615384,19.0
b0be4e7d02de,78.0,23.0,19.316274,0.7251885454545455,0.6985764410659403,0.08695651795841226,0.17391303591682453,0.399999920000016,0.0,0.5384615384615384,19.0
b0eef11281ec,7.0,1.0,0.476061,0.0,0.0,0.0,0.0,1.9999980000020001,0.0,1.0,1.0
b11316664b1f,78.0,23.0,14.025963,0.5083255909090908,0.4515209538127411,0.08695651795841226,0.17391303591682453,0.399999920000016,0.0,0.5384615384615384,19.0
b131c4b6a026,78.0,23.0,5.223095,0.16849731818181815,0.07771868898815006,0.08695651795841226,0.17391303591682453,0.399999920000016,0.0,0.5384615384615384,19.0
b144f5c8642f,78.0,23.0,12.590212,0.47980204545454536,0.4237239219499141,0.08695651795841226,0.17391303591682453,0.399999920000016,0.0,0.5384615384615384,19.0
b14e762c7e24,78.0,23.0,5.28121,0.1726375909090909,0.09891810661526271,0.08695651795841226,0.17391303591682453,0.399999920000016,0.0,0.5384615384615384,19.0
b164b4864eb5,78.0,23.0,34.170121,1.2801524999999998,1.345698559404734,0.08695651795841226,0.17391303591682453,0.399999920000016,0.0,0.5384615384615384,19.0
b19b57560dee,78.0,23.0,5.435891,0.17812327272727274,0.08289417346011942,0.08695651795841226,0.17391303591682453,0.399999920000016,0.0,0.5384615384615384,19.0
b19c66f3117b,41.0,19.0,19.084297,0.7310857222222222,0.12275815711428212,0.0,0.0,1.9999980000020001,0.0,0.5588235294117647,16.0
b1ab060ab73d,41.0,19.0,27.802486000000002,1.0881545000000001,0.15943022026920817,0.0,0.0,1.9999980000020001,0.0,0.5588235294117647,16.0
b1ab74614ac0,78.0,23.0,37.641647,1.4143893181818183,1.594180099064582,0.08695651795841226,0.17391303591682453,0.399999920000016,0.0,0.5384615384615384,19.0
b1abace316be,41.0,19.0,28.278978,1.1687633888888889,0.1189875567602808,0.0,0.0,1.9999980000020001,0.0,0.5588235294117647,16.0
b1bf98fda6d8,78.0,23.0,15.74309,0.5552147727272726,0.4951636293094898,0.08695651795841226,0.17391303591682453,0.399999920000016,0.0,0.5384615384615384,19.0
b245e57ec45f,41.0,19.0,27.590219,1.0790327777777777,0.1410556030255051,0.0,0.0,1.9999980000020001,0.0,0.5588235294117647,16.0
b254be5f7852,78.0,23.0,14.267078,0.5172285454545454,0.44667039596293856,0.08695651795841226,0.17391303591682453,0.399999920000016,0.0,0.5384615384615384,19.0
b25e690e8f98,41.0,19.0,15.803507,0.6470991111111111,0.06004141213890615,0.0,0.0,1.9999980000020001,0.0,0.5588235294117647,16.0
b296a887aeb5,78.0,23.0,17.446837,0.6376096818181819,0.5795380928128708,0.08695651795841226,0.17391303591682453,0.399999920000016,0.0,0.5384615384615384,19.0
b2b372eb4843,78.0,23.0,10.242982,0.3702360454545454,0.2746519322254775,0.08695651795841226,0.17391303591682453,0.399999920000016,0.0,0.5384615384615384,19.0
b2d99b471250,78.0,23.0,14.074403,0.5111281818181818,0.43553554337167555,0.08695651795841226,0.17391303591682453,0.399999920000016,0.0,0.5384615384615384,19.0
b2f552688a7f,78.0,23.0,11.772554,0.37516009090909086,0.28455131557609525,0.08695651795841226,0.17391303591682453,0.399999920000016,0.0,0.5384615384615384,19.0
b378c217b68e,78.0,23.0,14.579731,0.5327783636363637,0.45771286215773244,0.08695651795841226,0.17391303591682453,0.399999920000016,0.0,0.5384615384615384,19.0
b386ea717066,41.0,19.0,13.268369,0.4940125555555554,0.09344181929019488,0.0,0.0,1.9999980000020001,0.0,0.5588235294117647,16.0
b38aed450653,78.0,23.0,20.222408,0.7447295,0.6964706423304335,0.08695651795841226,0.17391303591682453,0.399999920000016,0.0,0.5384615384615384,19.0
b399e6a666cd,77.0,23.0,38.977942,1.471188590909091,1.7530654431886328,0.08695651795841226,0.1304347769376184,0.49999987500003124,0.0,0.5384615384615384,19.0
b3b5e795ed39,78.0,23.0,14.424925,0.5217457727272727,0.42122785160278553,0.08695651795841226,0.17391303591682453,0.399999920000016,0.0,0.5384615384615384,19.0
b3ffcb8ef78f,41.0,19.0,26.926895000000002,1.0706940555555555,0.16077541971570605,0.0,0.0,1.9999980000020001,0.0,0.5588235294117647,16.0
b42d3dc0ad69,41.0,19.0,32.770699,1.2949170555555558,0.17241934383202864,0.0,0.0,1.9999980000020001,0.0,0.5588235294117647,16.0
b431aaed14eb,78.0,23.0,30.548366,1.1366388181818181,1.3559849558998183,0.08695651795841226,0.17391303591682453,0.399999920000016,0.0,0.5384615384615384,19.0
b440e9d23a52,78.0,23.0,13.49704,0.48804627272727275,0.3998534766515143,0.08695651795841226,0.17391303591682453,0.399999920000016,0.0,0.5384615384615384,19.0
b4583c62a037,41.0,19.0,5.376574,0.17508222222222222,0.04058582332402398,0.0,0.0,1.9999980000020001,0.0,0.5588235294117647,16.0
b47d1022fb17,78.0,23.0,29.380675,1.090797318181818,1.0778427119370648,0.08695651795841226,0.17391303591682453,0.399999920000016,0.0,0.5384615384615384,19.0
b47d2fbf2b3f,78.0,23.0,45.326181,1.6016580454545455,1.6610229443783955,0.08695651795841226,0.17391303591682453,0.399999920000016,0.0,0.5384615384615384,19.0
b49fc57bfabe,78.0,23.0,41.625962,1.484371,1.4943680036754827,0.08695651795841226,0.17391303591682453,0.399999920000016,0.0,0.5384615384615384,19.0
b4c04c2ef994,78.0,23.0,14.377162,0.5257182727272727,0.44268929898843784,0.08695651795841226,0.17391303591682453,0.399999920000016,0.0,0.5384615384615384,19.0
b4cd427ad619,78.0,23.0,19.648409,0.719360181818182,0.7042960898996711,0.08695651795841226,0.17391303591682453,0.399999920000016,0.0,0.5384615384615384,19.0
b4dc9b05acbf,21.0,8.0,100.777341,1.317491571428571,0.00468288646232724,0.0,0.0,1.9999980000020001,0.0,0.36363636363636365,8.0
b51e10ce861a,78.0,23.0,8.712936,0.29543704545454547,0.2571248067979879,0.08695651795841226,0.17391303591682453,0.399999920000016,0.0,0.5384615384615384,19.0
b51ee399368e,41.0,19.0,30.655244,1.1579182777777777,0.33299788167720606,0.0,0.0,1.9999980000020001,0.0,0.5588235294117647,16.0
b523e3bbf59c,78.0,23.0,13.684725,0.49671013636363637,0.4319294320257921,0.08695651795841226,0.17391303591682453,0.399999920000016,0.0,0.5384615384615384,19.0
b540a9fd5808,78.0,23.0,39.470965,1.6042929545454547,1.616611768484216,0.08695651795841226,0.17391303591682453,0.399999920000016,0.0,0.5384615384615384,19.0
b541465d63eb,78.0,23.0,21.318287,0.7842400454545455,0.7396921245717532,0.08695651795841226,0.17391303591682453,0.399999920000016,0.0,0.5384615384615384,19.0
b561f4c46bb0,77.0,23.0,33.283001,1.2505276363636364,1.3371398819082376,0.08695651795841226,0.1304347769376184,0.49999987500003124,0.0,0.5384615384615384,19.0
b56cf23ffa87,78.0,23.0,35.646696,1.2891335454545454,1.3539872022572277,0.08695651795841226,0.17391303591682453,0.399999920000016,0.0,0.5384615384615384,19.0
b5a45c889df8,78.0,23.0,33.922684,1.2439146363636364,1.2226302383809589,0.08695651795841226,0.17391303591682453,0.399999920000016,0.0,0.5384615384615384,19.0
b5a7a76f5b05,9.0,2.0,17.231451,0.089214,,0.0,0.499999750000125,0.0,0.0,0.75,2.0
b5c9b3aabc7b,78.0,23.0,73.457391,2.426998772727273,2.4890281232202898,0.08695651795841226,0.17391303591682453,0.399999920000016,0.0,0.5384615384615384,19.0
b5ce53e65360,78.0,23.0,8.676918,0.30548481818181816,0.24570592091566085,0.08695651795841226,0.17391303591682453,0.399999920000016,0.0,0.5384615384615384,19.0
b5e912bb3a3c,77.0,23.0,12.195497,0.44875277272727276,0.4979216114606922,0.08695651795841226,0.1304347769376184,0.49999987500003124,0.0,0.5384615384615384,19.0
b6229c6d226f,78.0,23.0,33.287937,1.229214909090909,1.4283882720006293,0.08695651795841226,0.17391303591682453,0.399999920000016,0.0,0.5384615384615384,19.0
b62eb813c8b0,78.0,23.0,5.22452,0.16919218181818182,0.08654817462223889,0.08695651795841226,0.17391303591682453,0.399999920000016,0.0,0.5384615384615384,19.0
b63cfd4579c8,41.0,19.0,28.813037,1.1539248333333334,0.12055045415839012,0.0,0.0,1.9999980000020001,0.0,0.5588235294117647,16.0
b647d9d05570,77.0,23.0,15.321219,0.5717576818181819,0.6831413829785503,0.08695651795841226,0.1304347769376184,0.49999987500003124,0.0,0.5384615384615384,19.0
b65267811708,78.0,23.0,6.961594,0.23864895454545457,0.19711841952792825,0.08695651795841226,0.17391303591682453,0.399999920000016,0.0,0.5384615384615384,19.0
b68d5466fb84,78.0,23.0,13.63608,0.49143713636363634,0.4186598490341129,0.08695651795841226,0.17391303591682453,0.399999920000016,0.0,0.5384615384615384,19.0
b6a1684df598,78.0,23.0,8.739288,0.29474513636363636,0.23512405715246934,0.08695651795841226,0.17391303591682453,0.399999920000016,0.0,0.5384615384615384,19.0
b6a1b4f7d517,41.0,19.0,5.5570260000000005,0.19177688888888889,0.053778472587730504,0.0,0.0,1.9999980000020001,0.0,0.5588235294117647,16.0
b6a5f8c44854,79.0,23.0,13.768798,0.49263895454545453,0.4096661049469756,0.08695651795841226,0.21739129489603065,0.33333327777778704,0.0,0.5384615384615384,19.0
b6aefd829f3a,79.0,23.0,15.177668,0.5509043636363636,0.41754237657267407,0.08695651795841226,0.21739129489603065,0.33333327777778704,0.0,0.5384615384615384,19.0
b6ddeea50060,41.0,19.0,11.926161,0.42440888888888895,0.09061115913220097,0.0,0.0,1.9999980000020001,0.0,0.5588235294117647,16.0
b71f3ad2da6d,78.0,23.0,25.118169,0.9496361818181818,0.8984138995480357,0.08695651795841226,0.17391303591682453,0.399999920000016,0.0,0.5384615384615384,19.0
b774d8802532,78.0,23.0,38.593411,1.4844949545454547,1.422990086102817,0.08695651795841226,0.17391303591682453,0.399999920000016,0.0,0.5384615384615384,19.0
b79138fe084c,78.0,23.0,30.256083,1.1196123636363635,1.1279217705376194,0.08695651795841226,0.17391303591682453,0.399999920000016,0.0,0.5384615384615384,19.0
b7af0511b381,78.0,23.0,35.74504,1.4075633636363636,2.665833241135285,0.08695651795841226,0.17391303591682453,0.399999920000016,0.0,0.5384615384615384,19.0
b7fe83aa348c,41.0,19.0,47.603642,1.8361367222222225,0.5500907808084478,0.0,0.0,1.9999980000020001,0.0,0.5588235294117647,16.0
b80aa537658e,78.0,23.0,34.70382,1.2922058181818183,1.3311485000977321,0.08695651795841226,0.17391303591682453,0.399999920000016,0.0,0.5384615384615384,19.0
b83d71d113f0,78.0,23.0,32.01636,1.1823600454545455,1.156893147900526,0.08695651795841226,0.17391303591682453,0.399999920000016,0.0,0.5384615384615384,19.0
b84127b66b3d,78.0,23.0,20.0277,0.7546085909090909,0.7778130281779169,0.08695651795841226,0.17391303591682453,0.399999920000016,0.0,0.5384615384615384,19.0
b86bc876c07b,78.0,23.0,37.517254,1.4045227727272727,1.7885121520804175,0.08695651795841226,0.17391303591682453,0.399999920000016,0.0,0.5384615384615384,19.0
b8732f3bfa92,78.0,23.0,32.973585,1.2215562727272726,1.2578265541778304,0.08695651795841226,0.17391303591682453,0.399999920000016,0.0,0.5384615384615384,19.0
b87aa0482d29,78.0,23.0,33.49851,1.2633149090909088,1.1587568163805846,0.08695651795841226,0.17391303591682453,0.399999920000016,0.0,0.5384615384615384,19.0
b88caa4411c7,78.0,23.0,6.995294,0.24581718181818182,0.19608997687568896,0.08695651795841226,0.17391303591682453,0.399999920000016,0.0,0.5384615384615384,19.0
b88fb63761dd,78.0,23.0,13.689371,0.4941429090909091,0.43793015100137433,0.08695651795841226,0.17391303591682453,0.399999920000016,0.0,0.5384615384615384,19.0
b892feee4950,78.0,23.0,6.192413,0.21311781818181813,0.10123968997884668,0.08695651795841226,0.17391303591682453,0.399999920000016,0.0,0.5384615384615384,19.0
b89b1f0e82bd,18.0,10.0,1.873949,0.11659166666666668,0.23675453453207607,0.299999970000003,0.0,0.0,0.0,0.15384615384615385,12.0
b8c05deaf9f9,41.0,19.0,28.707833,1.1878300555555557,0.09404371175367598,0.0,0.0,1.9999980000020001,0.0,0.5588235294117647,16.0
b8ff6352a664,41.0,19.0,35.236771,1.387438666666667,0.48160726062743164,0.0,0.0,1.9999980000020001,0.0,0.5588235294117647,16.0
b9131f01e0fd,78.0,23.0,5.611088,0.1895544090909091,0.09712435992491623,0.08695651795841226,0.17391303591682453,0.399999920000016,0.0,0.5384615384615384,19.0
b9409e1e3491,78.0,23.0,6.539613,0.22443072727272728,0.12024755773430468,0.08695651795841226,0.17391303591682453,0.399999920000016,0.0,0.5384615384615384,19.0
b97d99f25ee5,41.0,19.0,6.137727,0.20598533333333333,0.05394463412992775,0.0,0.0,1.9999980000020001,0.0,0.5588235294117647,16.0
b9c27a4d5ca5,41.0,19.0,34.655269,1.3085875555555555,0.4032722928530639,0.0,0.0,1.9999980000020001,0.0,0.5588235294117647,16.0
b9dcf46dbc52,78.0,23.0,24.651291,0.8999660454545455,0.898012247192679,0.08695651795841226,0.17391303591682453,0.399999920000016,0.0,0.5384615384615384,19.0
b9f489469b72,78.0,23.0,29.539521,1.0941633636363637,1.106324497882216,0.08695651795841226,0.17391303591682453,0.399999920000016,0.0,0.5384615384615384,19.0
ba23a450674a,78.0,23.0,16.976754,0.6219977272727273,0.5555313083482019,0.08695651795841226,0.17391303591682453,0.399999920000016,0.0,0.5384615384615384,19.0
ba584e45302f,10.0,5.0,4.717363,0.57704175,0.01227823655565682,0.0,0.0,1.9999980000020001,0.0,0.19999999999999996,5.0
ba7dcfe09e09,41.0,19.0,19.898773,0.6870882777777777,0.0682949921976073,0.0,0.0,1.9999980000020001,0.0,0.5588235294117647,16.0
ba968e30593b,78.0,23.0,32.718238,1.213716590909091,1.2385101463641386,0.08695651795841226,0.17391303591682453,0.399999920000016,0.0,0.5384615384615384,19.0
ba9a5cbbcd81,78.0,23.0,20.049212,0.738343590909091,0.7155377439491064,0.08695651795841226,0.17391303591682453,0.399999920000016,0.0,0.5384615384615384,19.0
bad3f705d84b,78.0,23.0,34.563181,1.303338818181818,1.3174761303521876,0.08695651795841226,0.17391303591682453,0.399999920000016,0.0,0.5384615384615384,19.0
bada4bbdd15f,106.0,50.0,235.271698,4.724323326530612,13.401516625620632,0.0,0.0,2.9999970000030003,0.0,0.98,2.0
bb0958002c32,9.0,2.0,17.218806,0.092552,,0.0,0.499999750000125,0.0,0.0,0.75,2.0
bb119cf62ed1,78.0,23.0,13.949692,0.5030908181818181,0.4364313458442163,0.08695651795841226,0.17391303591682453,0.399999920000016,0.0,0.5384615384615384,19.0
bb6dc290b5a5,78.0,23.0,14.051423,0.5082868636363636,0.4210228444864444,0.08695651795841226,0.17391303591682453,0.399999920000016,0.0,0.5384615384615384,19.0
bb6e8b53d888,9.0,2.0,17.705298,0.107012,,0.0,0.499999750000125,0.0,0.0,0.75,2.0
bb920fe52719,102.0,48.0,247.668983,5.1741645957446805,14.13859420048893,0.0,0.0,2.9999970000030003,0.0,0.9791666666666666,2.0
bba880559ff1,78.0,23.0,21.735983,0.8063956818181819,0.7484605115852894,0.08695651795841226,0.17391303591682453,0.399999920000016,0.0,0.5384615384615384,19.0
bba8c846b59b,78.0,23.0,32.554042,1.2333918181818182,1.7161451542455104,0.08695651795841226,0.17391303591682453,0.399999920000016,0.0,0.5384615384615384,19.0
bbab7147f39e,41.0,19.0,5.35955,0.18253333333333333,0.04582446538566875,0.0,0.0,1.9999980000020001,0.0,0.5588235294117647,16.0
bbc20904a0d3,78.0,23.0,48.103486,1.5591880909090912,2.639029320649291,0.08695651795841226,0.17391303591682453,0.399999920000016,0.0,0.5384615384615384,19.0
bbc6407e89de,78.0,23.0,6.209271,0.21182877272727277,0.10633545408346345,0.08695651795841226,0.17391303591682453,0.399999920000016,0.0,0.5384615384615384,19.0
bbde9e206047,79.0,23.0,9.900759,0.3487482727272727,0.21721087533923425,0.08695651795841226,0.21739129489603065,0.33333327777778704,0.0,0.5384615384615384,19.0
bc2580b41816,78.0,23.0,17.590207,0.6471673636363637,0.5943927692045247,0.08695651795841226,0.17391303591682453,0.399999920000016,0.0,0.5384615384615384,19.0
bc2bf228ac60,79.0,23.0,35.707392,1.3215328636363637,1.3855045056751778,0.08695651795841226,0.21739129489603065,0.33333327777778704,0.0,0.5384615384615384,19.0
bc35a734ab08,10.0,5.0,5.480423,0.230419,0.010009333144620573,0.0,0.0,1.9999980000020001,0.0,0.19999999999999996,5.0
bc9b7610ba06,79.0,23.0,31.220754,1.1600606363636365,1.1094492916348202,0.08695651795841226,0.21739129489603065,0.33333327777778704,0.0,0.5384615384615384,19.0
bc9e49668bd4,41.0,19.0,12.551482,0.4694095,0.08192789385813241,0.0,0.0,1.9999980000020001,0.0,0.5588235294117647,16.0
bccfc925acf6,41.0,19.0,24.160132,0.9406848888888888,0.13995029705783113,0.0,0.0,1.9999980000020001,0.0,0.5588235294117647,16.0
bcd480625d0d,78.0,23.0,29.950541,1.107878727272727,1.121450445540408,0.08695651795841226,0.17391303591682453,0.399999920000016,0.0,0.5384615384615384,19.0
bce8c41cbdff,41.0,19.0,29.723878,1.2210329444444443,0.10204168812533104,0.0,0.0,1.9999980000020001,0.0,0.5588235294117647,16.0
bcece3f31f1c,77.0,23.0,21.348598,0.7902589545454544,1.0555627704110067,0.08695651795841226,0.1304347769376184,0.49999987500003124,0.0,0.5384615384615384,19.0
bcff216bff41,78.0,23.0,19.421256,0.7153085909090908,0.6388804587491986,0.08695651795841226,0.17391303591682453,0.399999920000016,0.0,0.5384615384615384,19.0
bd0e5d82337e,78.0,23.0,33.579204,1.2818138181818182,1.8732322275277395,0.08695651795841226,0.17391303591682453,0.399999920000016,0.0,0.5384615384615384,19.0
bd100215e3b3,78.0,23.0,18.954408,0.7007291818181819,0.6250897581539132,0.08695651795841226,0.17391303591682453,0.399999920000016,0.0,0.5384615384615384,19.0
bd1b2048a803,78.0,23.0,65.26533,2.3732115,3.163147378341746,0.08695651795841226,0.17391303591682453,0.399999920000016,0.0,0.5384615384615384,19.0
bd4fce38beb9,78.0,23.0,5.431874,0.17859145454545455,0.08967801037613203,0.08695651795841226,0.17391303591682453,0.399999920000016,0.0,0.5384615384615384,19.0
bd7e0070acf2,41.0,19.0,19.753073,0.845367388888889,0.06230573324307735,0.0,0.0,1.9999980000020001,0.0,0.5588235294117647,16.0
bdce9384faf7,78.0,23.0,40.823826,1.5555557272727272,2.7551569042627473,0.08695651795841226,0.17391303591682453,0.399999920000016,0.0,0.5384615384615384,19.0
bdd8e8ff6416,41.0,19.0,27.015507,1.0984240555555556,0.2546120263093432,0.0,0.0,1.9999980000020001,0.0,0.5588235294117647,16.0
be07a2f2aa95,78.0,23.0,8.735454,0.3107969090909091,0.20412227234042818,0.08695651795841226,0.17391303591682453,0.399999920000016,0.0,0.5384615384615384,19.0
be60cb81cec1,78.0,23.0,17.098004,0.6057637272727273,0.49442524681369093,0.08695651795841226,0.17391303591682453,0.399999920000016,0.0,0.5384615384615384,19.0
be8b6a4833df,78.0,23.0,33.579705,1.2527076363636365,1.3348380150797516,0.08695651795841226,0.17391303591682453,0.399999920000016,0.0,0.5384615384615384,19.0
bea8fec02e83,8.0,1.0,5.496535,0.0,0.0,0.0,0.0,1.9999980000020001,0.0,1.0,1.0
beb4d1c18639,78.0,23.0,14.05666,0.5129779545454546,0.4157755327251744,0.08695651795841226,0.17391303591682453,0.399999920000016,0.0,0.5384615384615384,19.0
beba2facbca7,78.0,23.0,21.544867,0.7916406818181817,0.7317944993244109,0.08695651795841226,0.17391303591682453,0.399999920000016,0.0,0.5384615384615384,19.0
bed8c584992b,8.0,1.0,6.372109,0.0,0.0,0.0,0.0,1.9999980000020001,0.0,1.0,1.0
beece25cf12f,78.0,23.0,7.458856,0.2619364545454545,0.29722691024819453,0.08695651795841226,0.17391303591682453,0.399999920000016,0.0,0.5384615384615384,19.0
bf0ed7b30606,78.0,23.0,12.587881,0.4617600909090909,0.24846896212450653,0.08695651795841226,0.17391303591682453,0.399999920000016,0.0,0.5384615384615384,19.0
bf1edc72713d,78.0,23.0,30.724206,1.1384796363636365,1.1700368570934825,0.08695651795841226,0.17391303591682453,0.399999920000016,0.0,0.5384615384615384,19.0
bf4211c76c3c,78.0,23.0,31.289831,1.0333378636363637,1.0259650201159183,0.08695651795841226,0.17391303591682453,0.399999920000016,0.0,0.5384615384615384,19.0
bf8d4977ba8d,78.0,23.0,37.042156,1.4164613636363634,2.1564977089929105,0.08695651795841226,0.17391303591682453,0.399999920000016,0.0,0.5384615384615384,19.0
bf8de9ce43e4,78.0,23.0,30.97804,1.1652524545454546,1.3490628456712612,0.08695651795841226,0.17391303591682453,0.399999920000016,0.0,0.5384615384615384,19.0
bf9eef99bc2b,78.0,23.0,34.588903,1.3158567727272727,1.108893973614762,0.08695651795841226,0.17391303591682453,0.399999920000016,0.0,0.5384615384615384,19.0
bfb0c03d8f38,7.0,1.0,5.635971,0.0,0.0,0.0,0.0,2.9999970000030003,0.0,1.0,1.0
c01dec03378c,41.0,19.0,32.207521,1.3016312777777779,0.11281479595900196,0.0,0.0,1.9999980000020001,0.0,0.5588235294117647,16.0
c05f6c3836df,41.0,19.0,23.487094,0.9401215555555554,0.09925175699213666,0.0,0.0,1.9999980000020001,0.0,0.5588235294117647,16.0
c0680f66b2f7,41.0,19.0,4.534649,0.14206033333333334,0.03290801047840873,0.0,0.0,1.9999980000020001,0.0,0.5588235294117647,16.0
c09800b43fab,78.0,23.0,5.762598,0.19613827272727272,0.0889345904060056,0.08695651795841226,0.17391303591682453,0.399999920000016,0.0,0.5384615384615384,19.0
c0a9842b8bae,78.0,23.0,35.177335,1.343950090909091,1.2927054957790733,0.08695651795841226,0.17391303591682453,0.399999920000016,0.0,0.5384615384615384,19.0
c0ad7864ed34,78.0,23.0,20.847684,0.7891541363636364,0.6955608009985486,0.08695651795841226,0.17391303591682453,0.399999920000016,0.0,0.5384615384615384,19.0
c0bf2a12e392,78.0,23.0,13.697303,0.4982463636363637,0.4110859660498028,0.08695651795841226,0.17391303591682453,0.399999920000016,0.0,0.5384615384615384,19.0
c110330cb36e,78.0,23.0,14.206284,0.5158987727272728,0.4284908573389181,0.08695651795841226,0.17391303591682453,0.399999920000016,0.0,0.5384615384615384,19.0
c137ad3ccadf,41.0,19.0,28.422315,1.1297097222222225,0.1786694649549028,0.0,0.0,1.9999980000020001,0.0,0.5588235294117647,16.0
c17809dcc4c9,78.0,23.0,5.912485,0.1959920909090909,0.10071089604923077,0.08695651795841226,0.17391303591682453,0.399999920000016,0.0,0.5384615384615384,19.0
c1986be85b90,78.0,23.0,6.313419,0.20616945454545454,0.11540376016351803,0.08695651795841226,0.17391303591682453,0.399999920000016,0.0,0.5384615384615384,19.0
c1b119cdc156,78.0,23.0,5.579431,0.18291181818181815,0.09577941584735526,0.08695651795841226,0.17391303591682453,0.399999920000016,0.0,0.5384615384615384,19.0
c1d1e7787d2f,78.0,23.0,8.964501,0.3100769545454546,0.2662326014907296,0.08695651795841226,0.17391303591682453,0.399999920000016,0.0,0.5384615384615384,19.0
c2084a22c5c4,78.0,23.0,15.143623,0.5268803181818182,0.42401909999246234,0.08695651795841226,0.17391303591682453,0.399999920000016,0.0,0.5384615384615384,19.0
c218c6a29834,78.0,23.0,27.07407,0.9729209090909091,0.943952565732234,0.08695651795841226,0.17391303591682453,0.399999920000016,0.0,0.5384615384615384,19.0
c2397460174c,41.0,19.0,25.416029,0.9868963333333333,0.15521909921519475,0.0,0.0,1.9999980000020001,0.0,0.5588235294117647,16.0
c24ac3e9a10b,78.0,23.0,11.649014,0.3975449545454545,0.5534748550585161,0.08695651795841226,0.17391303591682453,0.399999920000016,0.0,0.5384615384615384,19.0
c26f8adccecd,78.0,23.0,32.228342,1.1924851363636362,1.182254959911226,0.08695651795841226,0.17391303591682453,0.399999920000016,0.0,0.5384615384615384,19.0
c27518ee4375,78.0,23.0,32.125259,1.2036671818181817,1.2275458646058863,0.08695651795841226,0.17391303591682453,0.399999920000016,0.0,0.5384615384615384,19.0
c27b76b9c7b4,78.0,23.0,25.441079,0.9597461818181817,1.0213262985737448,0.08695651795841226,0.17391303591682453,0.399999920000016,0.0,0.5384615384615384,19.0
c281eb07f579,41.0,19.0,24.868887,1.0026347777777778,0.11610049457337816,0.0,0.0,1.9999980000020001,0.0,0.5588235294117647,16.0
c2a5805bba01,80.0,23.0,8.726523,0.2744295,0.16734037827669004,0.08695651795841226,0.2608695538752368,0.285714244897965,0.0,0.5384615384615384,19.0
c2befe1afa20,78.0,23.0,12.590488,0.40789340909090915,0.31104729295852207,0.08695651795841226,0.17391303591682453,0.399999920000016,0.0,0.5384615384615384,19.0
c2e010b614c2,21.0,8.0,182.001279,0.7877658571428572,0.08700965916002001,0.0,0.0,1.9999980000020001,0.0,0.36363636363636365,8.0
c323c49f4adb,78.0,23.0,24.780489,0.9121210000000001,0.8892852300186022,0.08695651795841226,0.17391303591682453,0.399999920000016,0.0,0.5384615384615384,19.0
c327896a270f,78.0,23.0,13.765127,0.5004898181818181,0.40204322964157974,0.08695651795841226,0.17391303591682453,0.399999920000016,0.0,0.5384615384615384,19.0
c363636431ec,78.0,23.0,13.912561,0.5063288181818182,0.40594089605480116,0.08695651795841226,0.17391303591682453,0.399999920000016,0.0,0.5384615384615384,19.0
c3cc3626dad5,78.0,23.0,27.169352,1.011000090909091,1.0127679094880764,0.08695651795841226,0.17391303591682453,0.399999920000016,0.0,0.5384615384615384,19.0
c3cd88e87f68,78.0,23.0,16.223654,0.5909086363636363,0.4970630239934173,0.08695651795841226,0.17391303591682453,0.399999920000016,0.0,0.5384615384615384,19.0
c40c6a1ed760,9.0,1.0,15.416038,0.0,0.0,0.0,0.9999990000010001,0.99999950000025,0.0,0.5,2.0
c43bc0474ba0,79.0,23.0,14.604562,0.5311680454545455,0.4815689277709126,0.08695651795841226,0.21739129489603065,0.33333327777778704,0.0,0.5384615384615384,19.0
c4478b1cfc1f,41.0,19.0,32.520626,1.332714222222222,0.1434557271587774,0.0,0.0,1.9999980000020001,0.0,0.5588235294117647,16.0
c475a6d6eac5,78.0,23.0,17.33039,0.633511409090909,0.5606209693586517,0.08695651795841226,0.17391303591682453,0.399999920000016,0.0,0.5384615384615384,19.0
c48515226305,10.0,5.0,8.680103,0.92824,0.21870993221311796,0.0,0.0,1.9999980000020001,0.0,0.19999999999999996,5.0
c48a1f306184,41.0,19.0,20.327886,0.7911992777777779,0.12499701190442894,0.0,0.0,1.9999980000020001,0.0,0.5588235294117647,16.0
c4c06cdfa4b3,41.0,19.0,7.57228,0.2661116111111111,0.05930166022786417,0.0,0.0,1.9999980000020001,0.0,0.5588235294117647,16.0
c4c180ce6cac,78.0,23.0,57.706352,2.1709755909090904,3.867377524080241,0.08695651795841226,0.17391303591682453,0.399999920000016,0.0,0.5384615384615384,19.0
c4e093d8a8ac,41.0,19.0,19.828988,0.7659469444444444,0.1120465359978361,0.0,0.0,1.9999980000020001,0.0,0.5588235294117647,16.0
c4ff745f53de,78.0,23.0,19.288039,0.7158637272727273,0.6281959122920917,0.08695651795841226,0.17391303591682453,0.399999920000016,0.0,0.5384615384615384,19.0
c54d6c76e69f,10.0,5.0,7.628687,0.9668620000000001,0.014425590848673545,0.0,0.0,1.9999980000020001,0.0,0.19999999999999996,5.0
c56641ddf471,41.0,19.0,78.034174,2.9174756111111106,1.2813588892861838,0.0,0.0,1.9999980000020001,0.0,0.5588235294117647,16.0
c591fa3bf2a3,78.0,23.0,5.495296,0.18373786363636366,0.09071282904612747,0.08695651795841226,0.17391303591682453,0.399999920000016,0.0,0.5384615384615384,19.0
c598d96b1e7a,41.0,19.0,30.49324,1.2436351666666665,0.2215664092133022,0.0,0.0,1.9999980000020001,0.0,0.5588235294117647,16.0
c5a37a88382f,41.0,19.0,28.413175,1.1188715,0.3424265363130076,0.0,0.0,1.9999980000020001,0.0,0.5588235294117647,16.0
c5bf6015c9bd,78.0,23.0,32.184938,1.184696590909091,1.1831995622789548,0.08695651795841226,0.17391303591682453,0.399999920000016,0.0,0.5384615384615384,19.0
c5d0288e3bd4,78.0,23.0,38.699712,1.5778342272727273,1.420342176374644,0.08695651795841226,0.17391303591682453,0.399999920000016,0.0,0.5384615384615384,19.0
c5f00034bffd,78.0,23.0,13.877354,0.503369590909091,0.4276591673399183,0.08695651795841226,0.17391303591682453,0.399999920000016,0.0,0.5384615384615384,19.0
c60531975295,78.0,23.0,8.751169,0.30879713636363637,0.2041378129178553,0.08695651795841226,0.17391303591682453,0.399999920000016,0.0,0.5384615384615384,19.0
c613ce7c4cb7,41.0,19.0,7.007065,0.2489133888888889,0.06330889615596634,0.0,0.0,1.9999980000020001,0.0,0.5588235294117647,16.0
c615df53cda2,78.0,23.0,32.226602,1.1953734545454546,1.2041033999917878,0.08695651795841226,0.17391303591682453,0.399999920000016,0.0,0.5384615384615384,19.0
c6951b5eb2c3,78.0,23.0,11.487776,0.4330817727272727,0.45986234494868994,0.08695651795841226,0.17391303591682453,0.399999920000016,0.0,0.5384615384615384,19.0
c6bdcbb1fb6a,78.0,23.0,19.745048,0.7242799090909091,0.6699580264772746,0.08695651795841226,0.17391303591682453,0.399999920000016,0.0,0.5384615384615384,19.0
c6d1f93de078,76.0,23.0,33.842331,1.2802433181818182,1.6261915694883227,0.08695651795841226,0.08695651795841226,0.6666664444445185,0.0,0.5384615384615384,19.0
c6d85904cd63,78.0,23.0,30.023329,1.113425,1.119396232538901,0.08695651795841226,0.17391303591682453,0.399999920000016,0.0,0.5384615384615384,19.0
c6db446247aa,79.0,23.0,6.220932,0.21407222727272723,0.11006368798971924,0.08695651795841226,0.21739129489603065,0.33333327777778704,0.0,0.5384615384615384,19.0
c6ea6fc7d570,76.0,23.0,32.625137,1.220303909090909,1.2893737867172614,0.08695651795841226,0.08695651795841226,0.6666664444445185,0.0,0.5384615384615384,19.0
c714d9ac41e4,79.0,23.0,15.313908,0.5681015909090908,0.584121139118351,0.08695651795841226,0.21739129489603065,0.33333327777778704,0.0,0.5384615384615384,19.0
c75ab8246c7b,41.0,19.0,10.366701,0.437849,0.023068436949522996,0.0,0.0,1.9999980000020001,0.0,0.5588235294117647,16.0
c789c1e710c9,18.0,10.0,1.104479,0.05399533333333334,0.04374832052776426,0.299999970000003,0.0,0.0,0.0,0.15384615384615385,12.0
c79a502eee9f,79.0,23.0,32.965213,1.2296989999999999,1.1955280681061085,0.08695651795841226,0.21739129489603065,0.33333327777778704,0.0,0.5384615384615384,19.0
c7b9444540e9,41.0,19.0,12.111516,0.44996249999999993,0.08574171976434261,0.0,0.0,1.9999980000020001,0.0,0.5588235294117647,16.0
c84d2adebd29,78.0,23.0,15.796254,0.5655791818181819,0.4501327782994529,0.08695651795841226,0.17391303591682453,0.399999920000016,0.0,0.5384615384615384,19.0
c86e71ba3b42,78.0,23.0,23.823107,0.8960844090909089,0.8993955476609546,0.08695651795841226,0.17391303591682453,0.399999920000016,0.0,0.5384615384615384,19.0
c87b82fb294f,78.0,23.0,8.495901,0.2878558181818182,0.24186939863166146,0.08695651795841226,0.17391303591682453,0.399999920000016,0.0,0.5384615384615384,19.0
c89987235aff,78.0,23.0,41.771468,1.5142185454545454,2.0092198364886316,0.08695651795841226,0.17391303591682453,0.399999920000016,0.0,0.5384615384615384,19.0
c8a9060dd1e6,78.0,23.0,21.378124,0.7887003181818181,0.741767964996203,0.08695651795841226,0.17391303591682453,0.399999920000016,0.0,0.5384615384615384,19.0
c8c2da7bec7f,78.0,23.0,14.25298,0.5150734545454546,0.41113779168925446,0.08695651795841226,0.17391303591682453,0.399999920000016,0.0,0.5384615384615384,19.0
c8c7c8fa1fd1,78.0,23.0,14.472751,0.5337456363636363,0.5203617608628083,0.08695651795841226,0.17391303591682453,0.399999920000016,0.0,0.5384615384615384,19.0
c8dcfc1212e5,78.0,23.0,6.196121,0.20813559090909092,0.12511261627169534,0.08695651795841226,0.17391303591682453,0.399999920000016,0.0,0.5384615384615384,19.0
c8e6327f7e13,41.0,19.0,14.32314,0.5442303888888889,0.11144360725979378,0.0,0.0,1.9999980000020001,0.0,0.5588235294117647,16.0
c8fbc8422b77,78.0,23.0,30.709372,1.1314326363636364,1.1359375166732395,0.08695651795841226,0.17391303591682453,0.399999920000016,0.0,0.5384615384615384,19.0
c94525b5c8bd,77.0,23.0,112.009199,4.205238318181818,5.819811302239597,0.08695651795841226,0.1304347769376184,0.49999987500003124,0.0,0.5384615384615384,19.0
c9698430922f,78.0,23.0,34.799796,1.2828574545454545,1.5568521405847158,0.08695651795841226,0.17391303591682453,0.399999920000016,0.0,0.5384615384615384,19.0
c9ccae060abb,78.0,23.0,32.163172,1.2211937272727271,1.7136560141548993,0.08695651795841226,0.17391303591682453,0.399999920000016,0.0,0.5384615384615384,19.0
ca2457e938d8,41.0,19.0,14.875392,0.555773,0.10019181118763561,0.0,0.0,1.9999980000020001,0.0,0.5588235294117647,16.0
ca6d0af4c0c2,78.0,23.0,17.135785,0.625922,0.5593124328855751,0.08695651795841226,0.17391303591682453,0.399999920000016,0.0,0.5384615384615384,19.0
ca8481fd502c,41.0,19.0,20.042503,0.7708221111111111,0.12471299892288641,0.0,0.0,1.9999980000020001,0.0,0.5588235294117647,16.0
cabc836aa876,41.0,19.0,12.706132,0.47948694444444434,0.08918150823723112,0.0,0.0,1.9999980000020001,0.0,0.5588235294117647,16.0
cac7c22c2806,78.0,23.0,6.564262,0.22607859090909085,0.13146068581234943,0.08695651795841226,0.17391303591682453,0.399999920000016,0.0,0.5384615384615384,19.0
cacda6267dda,78.0,23.0,30.821792,1.147513909090909,1.1682966533737382,0.08695651795841226,0.17391303591682453,0.399999920000016,0.0,0.5384615384615384,19.0
cb0a0803d3fd,41.0,19.0,4.599179,0.15154716666666668,0.032700357203031924,0.0,0.0,1.9999980000020001,0.0,0.5588235294117647,16.0
cb0d4851ba5c,19.0,10.0,1.491678,0.06275244444444444,0.05587805020558411,0.299999970000003,0.0,0.9999990000010001,0.499999750000125,0.15384615384615385,12.0
cb229a41035d,7.0,1.0,181.528752,0.0,0.0,0.0,0.0,1.9999980000020001,0.0,1.0,1.0
cb4bc071660f,78.0,23.0,5.843775,0.19671318181818176,0.07690257197546489,0.08695651795841226,0.17391303591682453,0.399999920000016,0.0,0.5384615384615384,19.0
cb720c819f3b,10.0,5.0,3.2468339999999998,0.12452674999999999,0.008996735125403365,0.0,0.0,1.9999980000020001,0.0,0.19999999999999996,5.0
cb7e05f768a1,78.0,23.0,30.816854,1.140261090909091,1.1562100101992885,0.08695651795841226,0.17391303591682453,0.399999920000016,0.0,0.5384615384615384,19.0
cb8deda2117d,78.0,23.0,33.41553,1.1952763636363635,1.2084700176222252,0.08695651795841226,0.17391303591682453,0.399999920000016,0.0,0.5384615384615384,19.0
cb8f62303953,8.0,1.0,2.998506,0.0,0.0,0.0,0.0,2.9999970000030003,0.0,1.0,1.0
cb941f3b3781,41.0,19.0,20.705121,0.8232026666666666,0.0991659036795825,0.0,0.0,1.9999980000020001,0.0,0.5588235294117647,16.0
cbad379e6679,41.0,19.0,17.021667,0.40740033333333336,0.15381496312816137,0.0,0.0,1.9999980000020001,0.0,0.5588235294117647,16.0
cbaf5c702ef1,78.0,23.0,6.010612,0.20676622727272728,0.10447768926605555,0.08695651795841226,0.17391303591682453,0.399999920000016,0.0,0.5384615384615384,19.0
cbb75b0c7110,78.0,23.0,30.621325,1.1359016363636363,1.1290012890233707,0.08695651795841226,0.17391303591682453,0.399999920000016,0.0,0.5384615384615384,19.0
cbbe89ec5880,78.0,23.0,13.482512,0.4836295454545454,0.4234567497438116,0.08695651795841226,0.17391303591682453,0.399999920000016,0.0,0.5384615384615384,19.0
cbefd6ec15d9,41.0,19.0,5.665598,0.1717604444444444,0.04225416895160583,0.0,0.0,1.9999980000020001,0.0,0.5588235294117647,16.0
cc0e88fbb505,41.0,19.0,12.314034,0.4589163888888888,0.08574327750780843,0.0,0.0,1.9999980000020001,0.0,0.5588235294117647,16.0
cc5a11273b19,41.0,19.0,31.58504,1.2918801666666666,0.1342462689100323,0.0,0.0,1.9999980000020001,0.0,0.5588235294117647,16.0
cc9c120e6b53,78.0,23.0,35.98142,1.3618730909090908,1.5929108599434862,0.08695651795841226,0.17391303591682453,0.399999920000016,0.0,0.5384615384615384,19.0
ccbb56ef416b,78.0,23.0,39.786872,1.4697415909090912,1.8877756719924483,0.08695651795841226,0.17391303591682453,0.399999920000016,0.0,0.5384615384615384,19.0
ccc95189c9b1,78.0,23.0,14.962379,0.5401470454545455,0.4765118815777917,0.08695651795841226,0.17391303591682453,0.399999920000016,0.0,0.5384615384615384,19.0
cccbe5606403,9.0,1.0,13.847291,0.0,0.0,0.0,0.9999990000010001,0.99999950000025,0.0,0.5,2.0
cccf9269fc67,78.0,23.0,6.89929,0.2379890909090909,0.1037438700467505,0.08695651795841226,0.17391303591682453,0.399999920000016,0.0,0.5384615384615384,19.0
ccdeea716ee0,78.0,23.0,32.155335,1.1957051818181816,1.1943432605745596,0.08695651795841226,0.17391303591682453,0.399999920000016,0.0,0.5384615384615384,19.0
cda6ceb345b9,78.0,23.0,32.072225,1.1940714090909093,1.1890976795291803,0.08695651795841226,0.17391303591682453,0.399999920000016,0.0,0.5384615384615384,19.0
cdabab2cd345,18.0,10.0,1.593473,0.0872701111111111,0.07784090085142328,0.299999970000003,0.0,0.0,0.0,0.15384615384615385,12.0
cdb5fc199019,78.0,23.0,13.854426,0.5021101818181818,0.402897214172505,0.08695651795841226,0.17391303591682453,0.399999920000016,0.0,0.5384615384615384,19.0
cddb3452e374,41.0,19.0,29.108316,1.1455937222222223,0.14318320380210783,0.0,0.0,1.9999980000020001,0.0,0.5588235294117647,16.0
cdec2b5aaa9e,78.0,23.0,19.537101,0.7113065909090909,0.6386408107604221,0.08695651795841226,0.17391303591682453,0.399999920000016,0.0,0.5384615384615384,19.0
ce15f6856184,78.0,23.0,31.297901,1.163905818181818,1.2501353323732076,0.08695651795841226,0.17391303591682453,0.399999920000016,0.0,0.5384615384615384,19.0
ce1e298fdf84,78.0,23.0,6.625051,0.2327005909090909,0.14237061902341505,0.08695651795841226,0.17391303591682453,0.399999920000016,0.0,0.5384615384615384,19.0
ce33d0030bee,78.0,23.0,13.868779,0.5038404090909091,0.4284816394326832,0.08695651795841226,0.17391303591682453,0.399999920000016,0.0,0.5384615384615384,19.0
ce48cb9ee5f6,79.0,23.0,36.008981,1.3632218181818183,1.6500441922381421,0.08695651795841226,0.21739129489603065,0.33333327777778704,0.0,0.5384615384615384,19.0
ce6473954b24,41.0,19.0,25.048704,1.0450405555555555,0.0901434495040917,0.0,0.0,1.9999980000020001,0.0,0.5588235294117647,16.0
ce85a97d0e1a,78.0,23.0,36.06926,1.3157808181818182,1.315284057851985,0.08695651795841226,0.17391303591682453,0.399999920000016,0.0,0.5384615384615384,19.0
ce8b20d97ee0,78.0,23.0,31.015903,1.1620400000000002,1.1400423475422807,0.08695651795841226,0.17391303591682453,0.399999920000016,0.0,0.5384615384615384,19.0
ce9d7a8f935a,78.0,23.0,34.940246,1.2867181818181816,1.4912200792578456,0.08695651795841226,0.17391303591682453,0.399999920000016,0.0,0.5384615384615384,19.0
cf0eac85dd63,78.0,23.0,19.640571,0.7179694999999999,0.6873888662544277,0.08695651795841226,0.17391303591682453,0.399999920000016,0.0,0.5384615384615384,19.0
cf2bbba156c4,78.0,23.0,15.005314,0.5463578181818183,0.4996915748812448,0.08695651795841226,0.17391303591682453,0.399999920000016,0.0,0.5384615384615384,19.0
cf55a9dba43d,78.0,23.0,22.728288,0.8329721818181817,0.8000058900140695,0.08695651795841226,0.17391303591682453,0.399999920000016,0.0,0.5384615384615384,19.0
cf864827e4c1,78.0,23.0,20.862851,0.76467,0.7430820043965538,0.08695651795841226,0.17391303591682453,0.399999920000016,0.0,0.5384615384615384,19.0
cfa70dfd8d25,50.0,26.0,37.259981,1.3698080799999999,0.7389033238034775,0.0,0.0,1.9999980000020001,0.0,0.5106382978723405,24.0
cff81f485a27,80.0,23.0,15.831911,0.5900771363636365,0.5220676971880814,0.08695651795841226,0.2608695538752368,0.285714244897965,0.0,0.5384615384615384,19.0
cffd100c9492,18.0,10.0,1.198856,0.06695855555555556,0.05969314349469106,0.299999970000003,0.0,0.0,0.0,0.15384615384615385,12.0
d00e1a313dd4,21.0,10.0,5.977155,0.18221688888888887,0.16816052352918953,0.299999970000003,0.0,2.9999970000030003,0.7499998125000469,0.15384615384615385,12.0
d0543978eba7,78.0,23.0,5.540218,0.18431050000000002,0.09687851667878153,0.08695651795841226,0.17391303591682453,0.399999920000016,0.0,0.5384615384615384,19.0
d06efcd410ee,74.0,22.0,13.406953,0.5026460952380953,0.4202677674861474,0.09090908677685969,0.13636363016528952,0.6666664444445185,0.0,0.5263157894736843,19.0
d0753cb7240d,18.0,10.0,0.812819,0.04226633333333333,0.03583260164640575,0.299999970000003,0.0,0.0,0.0,0.15384615384615385,12.0
d08dc80ce634,79.0,23.0,13.230001,0.4764117272727273,0.37428702927733876,0.08695651795841226,0.21739129489603065,0.33333327777778704,0.0,0.5384615384615384,19.0
d09e716b8be5,78.0,23.0,17.056449,0.6206902272727272,0.5685663987158891,0.08695651795841226,0.17391303591682453,0.399999920000016,0.0,0.5384615384615384,19.0
d0a1511c0aec,78.0,23.0,34.710874,1.2724845000000002,1.2687448577777192,0.08695651795841226,0.17391303591682453,0.399999920000016,0.0,0.5384615384615384,19.0
d0b39080adf0,8.0,1.0,6.4661159999999995,0.0,0.0,0.0,0.0,1.9999980000020001,0.0,1.0,1.0
d121c41f16e6,78.0,23.0,7.44383,0.2632795,0.1339877160217984,0.08695651795841226,0.17391303591682453,0.399999920000016,0.0,0.5384615384615384,19.0
d123e15024a2,78.0,23.0,14.225439,0.5165146363636364,0.43768845188792904,0.08695651795841226,0.17391303591682453,0.399999920000016,0.0,0.5384615384615384,19.0
d180b1bf8d4d,41.0,19.0,14.611775,0.5515805555555556,0.09983961654056632,0.0,0.0,1.9999980000020001,0.0,0.5588235294117647,16.0
d18d717e6488,78.0,23.0,30.562796,1.131896090909091,1.1511503636357232,0.08695651795841226,0.17391303591682453,0.399999920000016,0.0,0.5384615384615384,19.0
d19e61b6e0b3,78.0,23.0,8.468047,0.2965824090909091,0.20389209565838384,0.08695651795841226,0.17391303591682453,0.399999920000016,0.0,0.5384615384615384,19.0
d1cbfa940dc9,78.0,23.0,19.781438,0.7230976363636364,0.6726122577243888,0.08695651795841226,0.17391303591682453,0.399999920000016,0.0,0.5384615384615384,19.0
d24650ba9c4a,78.0,23.0,5.522265,0.18385345454545454,0.08113320533643732,0.08695651795841226,0.17391303591682453,0.399999920000016,0.0,0.5384615384615384,19.0
d2877161f993,41.0,19.0,17.952344,0.6874082222222222,0.10941593443722555,0.0,0.0,1.9999980000020001,0.0,0.5588235294117647,16.0
d28d266c0592,8.0,1.0,6.503573,0.0,0.0,0.0,0.0,1.9999980000020001,0.0,1.0,1.0
d33ca1b641a6,78.0,23.0,25.078668,0.923603409090909,0.8895707584791699,0.08695651795841226,0.17391303591682453,0.399999920000016,0.0,0.5384615384615384,19.0
d35e6cecf75b,78.0,23.0,22.240096,0.8237673181818184,0.771105845487251,0.08695651795841226,0.17391303591682453,0.399999920000016,0.0,0.5384615384615384,19.0
d36773148a51,78.0,23.0,7.609592,0.27073190909090905,0.1799486811586938,0.08695651795841226,0.17391303591682453,0.399999920000016,0.0,0.5384615384615384,19.0
d367aa512855,41.0,19.0,32.282217,1.3098212222222223,0.3759721086703977,0.0,0.0,1.9999980000020001,0.0,0.5588235294117647,16.0
d3a7a1a065c7,77.0,23.0,24.985349,0.9452069999999999,1.0043665023962214,0.08695651795841226,0.1304347769376184,0.49999987500003124,0.0,0.5384615384615384,19.0
d3cf146cb2b7,77.0,23.0,14.87379,0.5449898636363637,0.5544699127379656,0.08695651795841226,0.1304347769376184,0.49999987500003124,0.0,0.5384615384615384,19.0
d3d0be9078dc,10.0,5.0,8.383283,0.89662325,0.1054485190266637,0.0,0.0,1.9999980000020001,0.0,0.19999999999999996,5.0
d3eb2aa9bc29,41.0,19.0,34.279614,0.8778066111111111,0.4909380481714259,0.0,0.0,1.9999980000020001,0.0,0.5588235294117647,16.0
d3fe22ac4e7f,78.0,23.0,5.735403,0.19236218181818182,0.10798443605385978,0.08695651795841226,0.17391303591682453,0.399999920000016,0.0,0.5384615384615384,19.0
d401adc2e9ec,78.0,23.0,13.53039,0.48867268181818185,0.4221072883445163,0.08695651795841226,0.17391303591682453,0.399999920000016,0.0,0.5384615384615384,19.0
d40a29679e45,48.0,14.0,13.81602,0.7308266153846154,0.23125759160243023,0.21428569897959293,0.0,1.9999980000020001,0.0,0.33333333333333337,17.0
d431acfc5742,78.0,23.0,31.442589,1.1449440909090907,1.1852631604963118,0.08695651795841226,0.17391303591682453,0.399999920000016,0.0,0.5384615384615384,19.0
d4410ac4e9ee,10.0,5.0,7.660099,1.07455675,0.03221770302566592,0.0,0.0,1.9999980000020001,0.0,0.19999999999999996,5.0
d4859a9ec232,78.0,23.0,7.884699,0.2780294545454546,0.20120456195309272,0.08695651795841226,0.17391303591682453,0.399999920000016,0.0,0.5384615384615384,19.0
d4925a491e31,78.0,23.0,19.92192,0.7303663636363638,0.6937335362892135,0.08695651795841226,0.17391303591682453,0.399999920000016,0.0,0.5384615384615384,19.0
d4cf4439a556,78.0,23.0,32.208615,1.1966995454545453,1.2077023831917455,0.08695651795841226,0.17391303591682453,0.399999920000016,0.0,0.5384615384615384,19.0
d4f040589565,78.0,23.0,32.432755,1.205087818181818,1.3163297862521506,0.08695651795841226,0.17391303591682453,0.399999920000016,0.0,0.5384615384615384,19.0
d4f1a200dd93,41.0,19.0,22.066511,0.5658439999999999,0.06156550676455501,0.0,0.0,1.9999980000020001,0.0,0.5588235294117647,16.0
d4f1a250a2fd,78.0,23.0,20.023219,0.7544995454545455,0.7593900591070709,0.08695651795841226,0.17391303591682453,0.399999920000016,0.0,0.5384615384615384,19.0
d50658d372ee,78.0,23.0,36.839422,1.2354217727272727,1.2318378654347923,0.08695651795841226,0.17391303591682453,0.399999920000016,0.0,0.5384615384615384,19.0
d55cf6c9f2d8,79.0,23.0,15.010912,0.5407033181818183,0.4161278243262675,0.08695651795841226,0.21739129489603065,0.33333327777778704,0.0,0.5384615384615384,19.0
d56afdeba19b,41.0,19.0,6.672441,0.23077777777777778,0.05759885214292908,0.0,0.0,1.9999980000020001,0.0,0.5588235294117647,16.0
d57a6966a9d3,78.0,23.0,30.468434,1.1280207727272726,1.1069974414508192,0.08695651795841226,0.17391303591682453,0.399999920000016,0.0,0.5384615384615384,19.0
d5b5f5aa335a,41.0,19.0,25.083467,1.0052282222222224,0.10897782781538397,0.0,0.0,1.9999980000020001,0.0,0.5588235294117647,16.0
d5c481c30a3f,78.0,23.0,37.033159,1.3636275909090907,1.4401926550281443,0.08695651795841226,0.17391303591682453,0.399999920000016,0.0,0.5384615384615384,19.0
d5def714bb0e,41.0,19.0,31.164164,1.2788959444444443,0.12979287589960725,0.0,0.0,1.9999980000020001,0.0,0.5588235294117647,16.0
d5fdfa8db7e7,78.0,23.0,14.755379,0.5343141363636364,0.44962052574548594,0.08695651795841226,0.17391303591682453,0.399999920000016,0.0,0.5384615384615384,19.0
d611f7254104,78.0,23.0,22.938796,0.8398760909090908,0.8119348282394819,0.08695651795841226,0.17391303591682453,0.399999920000016,0.0,0.5384615384615384,19.0
d61394caebaa,78.0,23.0,19.671002,0.7357385909090909,0.7558533150329191,0.08695651795841226,0.17391303591682453,0.399999920000016,0.0,0.5384615384615384,19.0
d61c552adc51,78.0,23.0,37.329677,1.4155179090909091,1.693485068235715,0.08695651795841226,0.17391303591682453,0.399999920000016,0.0,0.5384615384615384,19.0
d633332813ae,41.0,19.0,28.28301,1.1080286111111113,0.15327681146641348,0.0,0.0,1.9999980000020001,0.0,0.5588235294117647,16.0
d63c72141a32,78.0,23.0,19.697351,0.724197818181818,0.6780497163313417,0.08695651795841226,0.17391303591682453,0.399999920000016,0.0,0.5384615384615384,19.0
d653fa8e583f,78.0,23.0,31.087948,1.153553681818182,1.2307042098414103,0.08695651795841226,0.17391303591682453,0.399999920000016,0.0,0.5384615384615384,19.0
d656e9c796dd,78.0,23.0,32.449886,1.2034095454545455,1.2139215169771747,0.08695651795841226,0.17391303591682453,0.399999920000016,0.0,0.5384615384615384,19.0
d6935cd74215,76.0,23.0,15.692152,0.5838138636363637,0.4440004571620657,0.08695651795841226,0.08695651795841226,0.6666664444445185,0.0,0.5384615384615384,19.0
d6ddf72e7d3f,78.0,23.0,5.800055,0.19299159090909088,0.10120996893571073,0.08695651795841226,0.17391303591682453,0.399999920000016,0.0,0.5384615384615384,19.0
d6e3d4dd4117,78.0,23.0,8.826462,0.31539063636363635,0.29345217219466313,0.08695651795841226,0.17391303591682453,0.399999920000016,0.0,0.5384615384615384,19.0
d6ffd5a68946,77.0,23.0,14.437153,0.5117518636363637,0.41318866122716247,0.08695651795841226,0.1304347769376184,0.49999987500003124,0.0,0.5384615384615384,19.0
d77de7525e43,78.0,23.0,17.109753,0.6246530454545454,0.5662404686427909,0.08695651795841226,0.17391303591682453,0.399999920000016,0.0,0.5384615384615384,19.0
d7b76e389cca,77.0,23.0,15.765446,0.584364,0.6415837998199677,0.08695651795841226,0.1304347769376184,0.49999987500003124,0.0,0.5384615384615384,19.0
d7c682ee619c,78.0,23.0,36.011489,1.3085375000000001,1.2298693481544618,0.08695651795841226,0.17391303591682453,0.399999920000016,0.0,0.5384615384615384,19.0
d7d2e7b009ad,79.0,23.0,33.272884,1.2316969545454546,1.2550244919579583,0.08695651795841226,0.21739129489603065,0.33333327777778704,0.0,0.5384615384615384,19.0
d806128a69d6,78.0,23.0,13.744702,0.49572909090909084,0.4074979180040192,0.08695651795841226,0.17391303591682453,0.399999920000016,0.0,0.5384615384615384,19.0
d85614be2ceb,9.0,2.0,17.221522,0.092952,,0.0,0.499999750000125,0.0,0.0,0.75,2.0
d87fc316b223,7.0,1.0,4.657818,0.0,0.0,0.0,0.0,1.9999980000020001,0.0,1.0,1.0
d8a823ae46d8,78.0,23.0,6.346355,0.21183054545454547,0.11715129220909062,0.08695651795841226,0.17391303591682453,0.399999920000016,0.0,0.5384615384615384,19.0
d8b223099cd7,78.0,23.0,20.345426,0.7648608636363634,0.7651157299616148,0.08695651795841226,0.17391303591682453,0.399999920000016,0.0,0.5384615384615384,19.0
d8fe9346ea0c,10.0,5.0,4.868415,0.38673025,0.03328574215661513,0.0,0.0,1.9999980000020001,0.0,0.19999999999999996,5.0
d8ffb57163db,78.0,23.0,10.158002,0.3563767727272727,0.23922783451086,0.08695651795841226,0.17391303591682453,0.399999920000016,0.0,0.5384615384615384,19.0
d8ffef8f2331,78.0,23.0,36.134591,1.3831721363636365,1.7111504471176915,0.08695651795841226,0.17391303591682453,0.399999920000016,0.0,0.5384615384615384,19.0
d934af310029,7.0,1.0,3.7385070000000002,0.0,0.0,0.0,0.0,2.9999970000030003,0.0,1.0,1.0
d9c52475a4cd,78.0,23.0,32.948204,1.239389318181818,1.3738781087255776,0.08695651795841226,0.17391303591682453,0.399999920000016,0.0,0.5384615384615384,19.0
da12918fabc7,79.0,23.0,31.933383,1.182862409090909,1.206983042445942,0.08695651795841226,0.21739129489603065,0.33333327777778704,0.0,0.5384615384615384,19.0
da253c267d88,78.0,23.0,23.952277,0.8706059545454546,0.8480626511227125,0.08695651795841226,0.17391303591682453,0.399999920000016,0.0,0.5384615384615384,19.0
da4acbe1c3b0,78.0,23.0,22.998419,0.8457114545454545,0.8010396638286025,0.08695651795841226,0.17391303591682453,0.399999920000016,0.0,0.5384615384615384,19.0
dab4f2f5a081,41.0,19.0,12.656304,0.47632427777777786,0.08738207534312309,0.0,0.0,1.9999980000020001,0.0,0.5588235294117647,16.0
dacaf7357598,41.0,19.0,49.340409,2.0094845,0.9243184266760945,0.0,0.0,1.9999980000020001,0.0,0.5588235294117647,16.0
dad5311ca1f8,41.0,19.0,31.257975,1.2420926666666667,0.14232814911737057,0.0,0.0,1.9999980000020001,0.0,0.5588235294117647,16.0
dad84656ee84,78.0,23.0,14.007447,0.509102409090909,0.426572059539619,0.08695651795841226,0.17391303591682453,0.399999920000016,0.0,0.5384615384615384,19.0
dad8cec88dac,41.0,19.0,6.757697,0.2379161111111111,0.05977510301011016,0.0,0.0,1.9999980000020001,0.0,0.5588235294117647,16.0
db034bb0eb3c,41.0,19.0,25.697757,1.068171,0.09927236988205732,0.0,0.0,1.9999980000020001,0.0,0.5588235294117647,16.0
db44d45a0fe0,41.0,19.0,15.303076,0.5156052777777778,0.1648460259114567,0.0,0.0,1.9999980000020001,0.0,0.5588235294117647,16.0
db7ac32078d8,41.0,19.0,31.26593,0.9696438888888887,0.3241295631542658,0.0,0.0,1.9999980000020001,0.0,0.5588235294117647,16.0
db8a57fed772,78.0,23.0,13.7597,0.49777931818181814,0.4431594743575883,0.08695651795841226,0.17391303591682453,0.399999920000016,0.0,0.5384615384615384,19.0
db8e4df0fa02,80.0,23.0,33.737318,1.2511325909090907,1.1883594272163083,0.08695651795841226,0.2608695538752368,0.285714244897965,0.0,0.5384615384615384,19.0
dba3199ead51,77.0,23.0,34.122096,1.285806,1.6198153327564988,0.08695651795841226,0.1304347769376184,0.49999987500003124,0.0,0.5384615384615384,19.0
dbd4e1be684d,7.0,1.0,2.758768,0.0,0.0,0.0,0.0,1.9999980000020001,0.0,1.0,1.0
dbdc10580dca,78.0,23.0,6.223453,0.21227731818181816,0.11910282164399214,0.08695651795841226,0.17391303591682453,0.399999920000016,0.0,0.5384615384615384,19.0
dc3b279ab3dc,78.0,23.0,38.677712,1.3967518636363636,1.9045723329023687,0.08695651795841226,0.17391303591682453,0.399999920000016,0.0,0.5384615384615384,19.0
dc7871aa93e4,78.0,23.0,53.906131,1.8248217272727276,1.968164467568031,0.08695651795841226,0.17391303591682453,0.399999920000016,0.0,0.5384615384615384,19.0
dcd2bdf4bcac,78.0,23.0,34.460529,1.2442399545454543,1.124405291226157,0.08695651795841226,0.17391303591682453,0.399999920000016,0.0,0.5384615384615384,19.0
dcd5f8b77610,78.0,23.0,14.78683,0.5365085909090909,0.4729167672222751,0.08695651795841226,0.17391303591682453,0.399999920000016,0.0,0.5384615384615384,19.0
dd320cf350b8,78.0,23.0,31.150407,1.1671656818181815,1.0775444455846461,0.08695651795841226,0.17391303591682453,0.399999920000016,0.0,0.5384615384615384,19.0
dd38432bf394,78.0,23.0,30.502019,1.1313650909090907,1.1281267846063145,0.08695651795841226,0.17391303591682453,0.399999920000016,0.0,0.5384615384615384,19.0
dd50f82e4883,41.0,19.0,7.327794,0.262539,0.0621114485421166,0.0,0.0,1.9999980000020001,0.0,0.5588235294117647,16.0
dd85a9bb34a0,78.0,23.0,40.117507,1.5440262272727272,2.157507435051073,0.08695651795841226,0.17391303591682453,0.399999920000016,0.0,0.5384615384615384,19.0
dd89f924e620,78.0,23.0,14.27689,0.5141760000000001,0.44831655057315195,0.08695651795841226,0.17391303591682453,0.399999920000016,0.0,0.5384615384615384,19.0
dd923116dee2,78.0,23.0,31.771438,1.178835590909091,1.1866185141248924,0.08695651795841226,0.17391303591682453,0.399999920000016,0.0,0.5384615384615384,19.0
ddc526876103,78.0,23.0,30.712791,1.1359123636363637,1.1387904338539598,0.08695651795841226,0.17391303591682453,0.399999920000016,0.0,0.5384615384615384,19.0
ddd1d93b759e,41.0,19.0,67.340103,2.5990550000000003,0.8099678507017132,0.0,0.0,1.9999980000020001,0.0,0.5588235294117647,16.0
ddde7f16f139,78.0,23.0,6.055764,0.202679,0.18166389892509371,0.08695651795841226,0.17391303591682453,0.399999920000016,0.0,0.5384615384615384,19.0
dddff21f0cf5,78.0,23.0,14.27938,0.5213411818181819,0.45713247397472334,0.08695651795841226,0.17391303591682453,0.399999920000016,0.0,0.5384615384615384,19.0
dde649a7e2b7,79.0,23.0,34.081986,1.2755935454545457,1.240454517890758,0.08695651795841226,0.21739129489603065,0.33333327777778704,0.0,0.5384615384615384,19.0
de025c9e290d,41.0,19.0,31.776928,1.3475198888888889,0.2804946532985001,0.0,0.0,1.9999980000020001,0.0,0.5588235294117647,16.0
de18d858d4bf,41.0,19.0,12.68335,0.47728944444444443,0.08599474153022191,0.0,0.0,1.9999980000020001,0.0,0.5588235294117647,16.0
de328956f81d,78.0,23.0,5.771648,0.1948019090909091,0.08996421553458492,0.08695651795841226,0.17391303591682453,0.399999920000016,0.0,0.5384615384615384,19.0
de422a60796f,78.0,23.0,31.903072,1.180746318181818,1.1933824989796016,0.08695651795841226,0.17391303591682453,0.399999920000016,0.0,0.5384615384615384,19.0
de484d7b9a50,78.0,23.0,20.02723,0.7360200454545454,0.6880322837042485,0.08695651795841226,0.17391303591682453,0.399999920000016,0.0,0.5384615384615384,19.0
de6c4cb29fa5,78.0,23.0,43.461838,1.5649339545454544,2.2911334833134758,0.08695651795841226,0.17391303591682453,0.399999920000016,0.0,0.5384615384615384,19.0
de9443e550d9,78.0,23.0,17.464337,0.6358266818181818,0.5542590212967207,0.08695651795841226,0.17391303591682453,0.399999920000016,0.0,0.5384615384615384,19.0
dea5389bca83,78.0,23.0,32.374163,1.2000358636363637,1.1806066795544568,0.08695651795841226,0.17391303591682453,0.399999920000016,0.0,0.5384615384615384,19.0
df08a35c138f,41.0,19.0,18.745892,0.7145520555555556,0.12493767320711754,0.0,0.0,1.9999980000020001,0.0,0.5588235294117647,16.0
df16ee951426,78.0,23.0,17.098563,0.6281842272727273,0.5564728747351424,0.08695651795841226,0.17391303591682453,0.399999920000016,0.0,0.5384615384615384,19.0
df19d7cbd8e9,78.0,23.0,34.592194,1.3383579090909092,1.4096649733232265,0.08695651795841226,0.17391303591682453,0.399999920000016,0.0,0.5384615384615384,19.0
df3c0e140a29,77.0,23.0,7.675361,0.26933281818181815,0.15474594877369205,0.08695651795841226,0.1304347769376184,0.49999987500003124,0.0,0.5384615384615384,19.0
df4bae80cba7,41.0,19.0,31.089777,1.2360500555555554,0.16785128593191276,0.0,0.0,1.9999980000020001,0.0,0.5588235294117647,16.0
df4c2a4dfc8e,78.0,23.0,19.215784,0.7034152727272728,0.6463180782683504,0.08695651795841226,0.17391303591682453,0.399999920000016,0.0,0.5384615384615384,19.0
df4f85488011,78.0,23.0,5.716902,0.19041386363636362,0.10567116195844156,0.08695651795841226,0.17391303591682453,0.399999920000016,0.0,0.5384615384615384,19.0
df5df364bf3a,78.0,23.0,22.140816,0.8098365909090908,0.7643917987614578,0.08695651795841226,0.17391303591682453,0.399999920000016,0.0,0.5384615384615384,19.0
df648d927aaa,78.0,23.0,21.433598,0.790113409090909,0.745336093716095,0.08695651795841226,0.17391303591682453,0.399999920000016,0.0,0.5384615384615384,19.0
dfb12b19e762,78.0,23.0,15.003885,0.5435081363636364,0.4733050571625526,0.08695651795841226,0.17391303591682453,0.399999920000016,0.0,0.5384615384615384,19.0
dfd49be31ee6,41.0,19.0,6.652912,0.22342455555555554,0.21592173526704536,0.0,0.0,1.9999980000020001,0.0,0.5588235294117647,16.0
dfff04cd6c5d,30.0,13.0,10.740032,0.5882384166666667,0.09165365791882785,0.0,0.0,1.9999980000020001,0.0,0.34782608695652173,16.0
e03c1765bc4a,78.0,23.0,23.238276,0.8537570454545453,0.8024098951942013,0.08695651795841226,0.17391303591682453,0.399999920000016,0.0,0.5384615384615384,19.0
e05f6f7bfcf5,9.0,2.0,17.232392,0.091596,,0.0,0.499999750000125,0.0,0.0,0.75,2.0
e07ba79dfd15,78.0,23.0,32.311869,1.1903652272727274,1.1933453737296649,0.08695651795841226,0.17391303591682453,0.399999920000016,0.0,0.5384615384615384,19.0
e0ac315c3b29,78.0,23.0,30.194875,1.120178909090909,1.1200809443920052,0.08695651795841226,0.17391303591682453,0.399999920000016,0.0,0.5384615384615384,19.0
e0b5d00aa9ce,41.0,19.0,25.051768,1.0452083888888888,0.09853157041998317,0.0,0.0,1.9999980000020001,0.0,0.5588235294117647,16.0
e11360db6a14,41.0,19.0,27.0074,1.1177110000000001,0.10740009969981132,0.0,0.0,1.9999980000020001,0.0,0.5588235294117647,16.0
e11be6f74023,78.0,23.0,26.631992,0.986398272727273,0.9462663879556268,0.08695651795841226,0.17391303591682453,0.399999920000016,0.0,0.5384615384615384,19.0
e1885f2d2366,7.0,1.0,2.730299,0.0,0.0,0.0,0.0,1.9999980000020001,0.0,1.0,1.0
e190229c226a,78.0,23.0,14.265362,0.521395409090909,0.41906875839716207,0.08695651795841226,0.17391303591682453,0.399999920000016,0.0,0.5384615384615384,19.0
e19d4e0abd4e,77.0,23.0,39.688134,1.458772409090909,1.3392197428758446,0.08695651795841226,0.1304347769376184,0.49999987500003124,0.0,0.5384615384615384,19.0
e1cda5fcf5fa,7.0,1.0,181.585139,0.0,0.0,0.0,0.0,1.9999980000020001,0.0,1.0,1.0
e1cf4f57befd,78.0,23.0,23.415051,0.8755244545454546,0.8805460622798477,0.08695651795841226,0.17391303591682453,0.399999920000016,0.0,0.5384615384615384,19.0
e1eec5164e24,78.0,23.0,45.315096,1.6581239090909092,2.309265230457101,0.08695651795841226,0.17391303591682453,0.399999920000016,0.0,0.5384615384615384,19.0
e23a6e02da2b,78.0,23.0,30.465551,1.1620008181818184,1.141473381146266,0.08695651795841226,0.17391303591682453,0.399999920000016,0.0,0.5384615384615384,19.0
e26f9bc34fe3,41.0,19.0,23.20222,0.8798527222222221,0.13863711660633415,0.0,0.0,1.9999980000020001,0.0,0.5588235294117647,16.0
e275a02448c3,41.0,19.0,29.555501,1.1961800555555557,0.12066970105036713,0.0,0.0,1.9999980000020001,0.0,0.5588235294117647,16.0
e2f63cb992e4,41.0,19.0,32.653224,1.2977990555555554,0.15340049655586183,0.0,0.0,1.9999980000020001,0.0,0.5588235294117647,16.0
e326ead2c1a7,41.0,19.0,57.432619,2.095529722222222,1.7453121990772142,0.0,0.0,1.9999980000020001,0.0,0.5588235294117647,16.0
e346f27bee44,41.0,19.0,5.353405,0.17653855555555553,0.04804274488193664,0.0,0.0,1.9999980000020001,0.0,0.5588235294117647,16.0
e36892a5a97d,78.0,23.0,6.389133,0.21536336363636363,0.13224077125007194,0.08695651795841226,0.17391303591682453,0.399999920000016,0.0,0.5384615384615384,19.0
e3846236ad7a,77.0,23.0,39.814921,1.4428309999999998,1.7552099406046915,0.08695651795841226,0.1304347769376184,0.49999987500003124,0.0,0.5384615384615384,19.0
e3b05c1c41ee,78.0,23.0,30.289144,1.1120414545454547,1.1875436215004693,0.08695651795841226,0.17391303591682453,0.399999920000016,0.0,0.5384615384615384,19.0
e3bb51143694,78.0,23.0,18.154315,0.6645335000000001,0.6113505913356528,0.08695651795841226,0.17391303591682453,0.399999920000016,0.0,0.5384615384615384,19.0
e3cd96cfb30b,78.0,23.0,21.623331,0.7949873181818181,0.715797685481322,0.08695651795841226,0.17391303591682453,0.399999920000016,0.0,0.5384615384615384,19.0
e3daa192c87b,41.0,19.0,12.99666,0.49165688888888887,0.09381272039854277,0.0,0.0,1.9999980000020001,0.0,0.5588235294117647,16.0
e3f8368f03f3,77.0,23.0,35.836598,1.2944681363636366,1.1389354809549257,0.08695651795841226,0.1304347769376184,0.49999987500003124,0.0,0.5384615384615384,19.0
e427fef505a9,41.0,19.0,25.628072,1.0653204444444444,0.09852779388591903,0.0,0.0,1.9999980000020001,0.0,0.5588235294117647,16.0
e436ebc20af8,77.0,23.0,21.884356,0.8172549999999998,0.7980287691787511,0.08695651795841226,0.1304347769376184,0.49999987500003124,0.0,0.5384615384615384,19.0
e43b27558100,9.0,1.0,2.455296,0.0,0.0,0.0,0.9999990000010001,0.99999950000025,0.0,0.5,2.0
e45685308898,78.0,23.0,31.541477,1.1648560000000001,1.1906925732250677,0.08695651795841226,0.17391303591682453,0.399999920000016,0.0,0.5384615384615384,19.0
e475df57f4db,78.0,23.0,38.550719,1.489248590909091,1.5287314390923283,0.08695651795841226,0.17391303591682453,0.399999920000016,0.0,0.5384615384615384,19.0
e4e3f1a04041,78.0,23.0,34.306272,1.300508909090909,1.3585500132152768,0.08695651795841226,0.17391303591682453,0.399999920000016,0.0,0.5384615384615384,19.0
e4ea37604e93,78.0,23.0,52.007009,1.9619300909090909,2.290367458570992,0.08695651795841226,0.17391303591682453,0.399999920000016,0.0,0.5384615384615384,19.0
e4f5f54a236d,79.0,23.0,14.748344,0.5396769545454545,0.45553591510496916,0.08695651795841226,0.21739129489603065,0.33333327777778704,0.0,0.5384615384615384,19.0
e4fca3f2c184,78.0,23.0,15.087889,0.5483980454545455,0.4869339399276601,0.08695651795841226,0.17391303591682453,0.399999920000016,0.0,0.5384615384615384,19.0
e5021debb153,78.0,23.0,6.453567,0.22062513636363634,0.14104466524179848,0.08695651795841226,0.17391303591682453,0.399999920000016,0.0,0.5384615384615384,19.0
e523ce7e572d,77.0,23.0,31.298511,1.1635941818181819,1.2630968566365401,0.08695651795841226,0.1304347769376184,0.49999987500003124,0.0,0.5384615384615384,19.0
e526f281fca4,41.0,19.0,26.13919,1.052880722222222,0.10854853055542407,0.0,0.0,1.9999980000020001,0.0,0.5588235294117647,16.0
e5270df7c125,78.0,23.0,19.381818,0.7069124545454545,0.6444485049750993,0.08695651795841226,0.17391303591682453,0.399999920000016,0.0,0.5384615384615384,19.0
e52b58afd60d,78.0,23.0,8.684428,0.31380013636363635,0.24255424278180895,0.08695651795841226,0.17391303591682453,0.399999920000016,0.0,0.5384615384615384,19.0
e535982d94ae,78.0,23.0,20.032348,0.7470194545454546,0.7165193990769496,0.08695651795841226,0.17391303591682453,0.399999920000016,0.0,0.5384615384615384,19.0
e55dcb38c927,79.0,23.0,43.226131,1.625214090909091,2.125349561963282,0.08695651795841226,0.21739129489603065,0.33333327777778704,0.0,0.5384615384615384,19.0
e56dbb52b767,78.0,23.0,13.784315,0.5012,0.420344905606835,0.08695651795841226,0.17391303591682453,0.399999920000016,0.0,0.5384615384615384,19.0
e56ffe16273d,78.0,23.0,31.791905,1.1769821363636361,1.176751640943196,0.08695651795841226,0.17391303591682453,0.399999920000016,0.0,0.5384615384615384,19.0
e57d20350e58,78.0,23.0,6.979538,0.24122009090909088,0.22888218280943232,0.08695651795841226,0.17391303591682453,0.399999920000016,0.0,0.5384615384615384,19.0
e583cbc70783,78.0,23.0,19.37266,0.7100595000000001,0.6623123598265578,0.08695651795841226,0.17391303591682453,0.399999920000016,0.0,0.5384615384615384,19.0
e5a2113e0c22,7.0,1.0,2.900263,0.0,0.0,0.0,0.0,1.9999980000020001,0.0,0.5555555555555556,5.0
e5bf6b1405fe,41.0,19.0,29.920992,1.1750242777777775,0.1683967748956946,0.0,0.0,1.9999980000020001,0.0,0.5588235294117647,16.0
e5f2adbba122,79.0,23.0,33.235435,1.2333302272727271,1.1748173839037173,0.08695651795841226,0.21739129489603065,0.33333327777778704,0.0,0.5384615384615384,19.0
e61311a9a53f,78.0,23.0,6.865398,0.23708018181818177,0.13090287241842302,0.08695651795841226,0.17391303591682453,0.399999920000016,0.0,0.5384615384615384,19.0
e62a31ece527,78.0,23.0,5.734294,0.19198063636363638,0.10352149480435519,0.08695651795841226,0.17391303591682453,0.399999920000016,0.0,0.5384615384615384,19.0
e62b73d050fd,78.0,23.0,32.911287,1.2262345000000001,1.3799684032595938,0.08695651795841226,0.17391303591682453,0.399999920000016,0.0,0.5384615384615384,19.0
e62c26735a6f,41.0,19.0,25.642254,1.0703325000000001,0.09327180622135564,0.0,0.0,1.9999980000020001,0.0,0.5588235294117647,16.0
e64ee47d7970,41.0,19.0,23.842488,0.9380086111111111,0.12668406931378032,0.0,0.0,1.9999980000020001,0.0,0.5588235294117647,16.0
e658e553c606,78.0,23.0,37.471774,1.4250015,1.3912633099112184,0.08695651795841226,0.17391303591682453,0.399999920000016,0.0,0.5384615384615384,19.0
e669fe75a757,79.0,23.0,37.975485,1.4395966363636366,2.0217057722323433,0.08695651795841226,0.21739129489603065,0.33333327777778704,0.0,0.5384615384615384,19.0
e66dae4f17a1,78.0,23.0,18.793944,0.7033311818181819,0.6338995761390749,0.08695651795841226,0.17391303591682453,0.399999920000016,0.0,0.5384615384615384,19.0
e6c43fc7c65b,78.0,23.0,38.159797,1.3463560454545456,1.2206186973116964,0.08695651795841226,0.17391303591682453,0.399999920000016,0.0,0.5384615384615384,19.0
e6de598fa739,77.0,23.0,32.388804,1.2031826363636364,1.275084172542927,0.08695651795841226,0.1304347769376184,0.49999987500003124,0.0,0.5384615384615384,19.0
e718ab4bcced,41.0,19.0,21.269929,0.8269313333333334,0.13091640535898336,0.0,0.0,1.9999980000020001,0.0,0.5588235294117647,16.0
e71fcc44141d,78.0,23.0,6.866294,0.23076213636363638,0.1444178920462273,0.08695651795841226,0.17391303591682453,0.399999920000016,0.0,0.5384615384615384,19.0
e76ff103c669,78.0,23.0,30.402598,1.1240856363636362,1.1547162739579733,0.08695651795841226,0.17391303591682453,0.399999920000016,0.0,0.5384615384615384,19.0
e772aa626631,78.0,23.0,8.616734,0.30528536363636366,0.1875214580972244,0.08695651795841226,0.17391303591682453,0.399999920000016,0.0,0.5384615384615384,19.0
e7731177da55,41.0,19.0,31.67343,1.2546356666666667,0.16305268018216762,0.0,0.0,1.9999980000020001,0.0,0.5588235294117647,16.0
e79c5accacf4,41.0,19.0,26.875729,1.0571337777777776,0.14778831694434386,0.0,0.0,1.9999980000020001,0.0,0.5588235294117647,16.0
e7b8916e65fe,7.0,1.0,181.590219,0.0,0.0,0.0,0.0,1.9999980000020001,0.0,1.0,1.0
e7e6ba4f2044,41.0,19.0,12.457177,0.4657766666666666,0.08226920663285868,0.0,0.0,1.9999980000020001,0.0,0.5588235294117647,16.0
e80d7f85aa2b,78.0,23.0,13.541242,0.48667263636363634,0.41881383652286885,0.08695651795841226,0.17391303591682453,0.399999920000016,0.0,0.5384615384615384,19.0
e83e1fb9ab06,9.0,2.0,17.224521,0.048935,,0.0,0.499999750000125,0.0,0.0,0.75,2.0
e857a7086216,42.0,19.0,58.033456,2.223011611111111,0.8601111243820655,0.0,0.0,1.9999980000020001,0.0,0.5588235294117647,16.0
e8589e72bb58,78.0,23.0,14.15778,0.513788909090909,0.419536923396205,0.08695651795841226,0.17391303591682453,0.399999920000016,0.0,0.5384615384615384,19.0
e85b0cd9bd7d,10.0,5.0,12.744221,0.9960897499999999,0.005881164645147562,0.0,0.0,1.9999980000020001,0.0,0.19999999999999996,5.0
e85d712ee263,40.0,19.0,10.431788,0.44122872222222226,0.04551006115627305,0.0,0.0,1.9999980000020001,0.0,0.5588235294117647,16.0
e88aa0cdc446,78.0,23.0,22.761001,0.8363664090909093,0.8177578022025872,0.08695651795841226,0.17391303591682453,0.399999920000016,0.0,0.5384615384615384,19.0
e88ab8118b33,78.0,23.0,9.098322,0.30587281818181816,0.24645035021193298,0.08695651795841226,0.17391303591682453,0.399999920000016,0.0,0.5384615384615384,19.0
e88d23b792e8,41.0,19.0,27.564731,1.1102194444444444,0.11199914442857155,0.0,0.0,1.9999980000020001,0.0,0.5588235294117647,16.0
e8ae00bb4676,78.0,23.0,19.031146,0.6994133636363636,0.6153887686618108,0.08695651795841226,0.17391303591682453,0.399999920000016,0.0,0.5384615384615384,19.0
e8bba12f71c6,41.0,19.0,12.740596,0.47555555555555556,0.09165268288953507,0.0,0.0,1.9999980000020001,0.0,0.5588235294117647,16.0
e8ceba9f6857,42.0,19.0,55.257788,2.281353111111111,0.8451369046882906,0.0,0.0,1.9999980000020001,0.0,0.5588235294117647,16.0
e8ed8b24fbad,41.0,19.0,12.222706,0.4605542222222222,0.11867694956653671,0.0,0.0,1.9999980000020001,0.0,0.5588235294117647,16.0
e90dd125afb1,77.0,23.0,33.735217,1.2664254545454545,1.3503590637384715,0.08695651795841226,0.1304347769376184,0.49999987500003124,0.0,0.5384615384615384,19.0
e91e0addd989,78.0,23.0,16.469157,0.5989542272727273,0.5448763311537007,0.08695651795841226,0.17391303591682453,0.399999920000016,0.0,0.5384615384615384,19.0
e92dc5efd3a6,78.0,23.0,29.608004,1.0869930454545456,1.0728708242560938,0.08695651795841226,0.17391303591682453,0.399999920000016,0.0,0.5384615384615384,19.0
e93680eb8554,41.0,19.0,12.959479,0.4763526111111111,0.09144466529008863,0.0,0.0,1.9999980000020001,0.0,0.5588235294117647,16.0
e97358dc5f1c,41.0,19.0,29.801817,1.2293715555555556,0.24687719230662566,0.0,0.0,1.9999980000020001,0.0,0.5588235294117647,16.0
e974e259adfc,78.0,23.0,5.7751470000000005,0.19173268181818184,0.11040940535392908,0.08695651795841226,0.17391303591682453,0.399999920000016,0.0,0.5384615384615384,19.0
e98582e3080c,41.0,19.0,25.706094,0.9839223888888888,0.15811572428748988,0.0,0.0,1.9999980000020001,0.0,0.5588235294117647,16.0
e99b6ac1194c,77.0,23.0,9.578049,0.3499467727272727,0.2713325531776426,0.08695651795841226,0.1304347769376184,0.49999987500003124,0.0,0.5384615384615384,19.0
e9cc358e6e8d,78.0,23.0,14.036117,0.5105971363636365,0.4157162695287319,0.08695651795841226,0.17391303591682453,0.399999920000016,0.0,0.5384615384615384,19.0
e9d16dfba6f0,10.0,5.0,6.058264,0.7394707500000001,0.008227573938693394,0.0,0.0,1.9999980000020001,0.0,0.19999999999999996,5.0
e9e32db1ea89,78.0,23.0,68.600606,2.3390511363636364,2.563283657957416,0.08695651795841226,0.17391303591682453,0.399999920000016,0.0,0.5384615384615384,19.0
e9f447a48d75,10.0,5.0,5.694558,0.47872799999999993,0.09777607276152313,0.0,0.0,1.9999980000020001,0.0,0.19999999999999996,5.0
ea050bdd3226,78.0,23.0,6.73876,0.22775345454545456,0.13350902697917622,0.08695651795841226,0.17391303591682453,0.399999920000016,0.0,0.5384615384615384,19.0
ea2d3c9516ac,41.0,19.0,19.726514,0.7582457222222222,0.12525713389983284,0.0,0.0,1.9999980000020001,0.0,0.5588235294117647,16.0
ea33f95acf7f,41.0,19.0,34.742118,1.4547080555555554,0.9086299643484897,0.0,0.0,1.9999980000020001,0.0,0.5588235294117647,16.0
ea3af5d51271,21.0,8.0,139.88523,0.7826454285714285,0.05612777250422215,0.0,0.0,1.9999980000020001,0.0,0.36363636363636365,8.0
eab5accf6c1e,78.0,23.0,47.667265,1.8371749999999998,3.3641792617388298,0.08695651795841226,0.17391303591682453,0.399999920000016,0.0,0.5384615384615384,19.0
ead0c24906d7,41.0,19.0,12.202463,0.4532279444444445,0.08489834803802114,0.0,0.0,1.9999980000020001,0.0,0.5588235294117647,16.0
eadaa321e8d8,78.0,23.0,8.21884,0.28482204545454554,0.19000173483179852,0.08695651795841226,0.17391303591682453,0.399999920000016,0.0,0.5384615384615384,19.0
eae73a697033,78.0,23.0,31.333021,1.152268681818182,1.1794159789506953,0.08695651795841226,0.17391303591682453,0.399999920000016,0.0,0.5384615384615384,19.0
eb48429803ca,78.0,23.0,5.329628,0.1743961818181818,0.09721916739371549,0.08695651795841226,0.17391303591682453,0.399999920000016,0.0,0.5384615384615384,19.0
eb553ecfd557,78.0,23.0,33.285788,1.2643452727272728,1.7882808493284748,0.08695651795841226,0.17391303591682453,0.399999920000016,0.0,0.5384615384615384,19.0
eb84716c339a,41.0,19.0,27.462336,1.0684044444444443,0.16327871692697812,0.0,0.0,1.9999980000020001,0.0,0.5588235294117647,16.0
ebad2b89944e,78.0,23.0,32.041827,1.1795791818181818,1.2733580383704468,0.08695651795841226,0.17391303591682453,0.399999920000016,0.0,0.5384615384615384,19.0
ebe2e5adc739,41.0,19.0,18.919218,0.7615071111111111,0.07233917495983268,0.0,0.0,1.9999980000020001,0.0,0.5588235294117647,16.0
ec06698ef2fe,78.0,23.0,7.117038,0.2558300909090909,0.15533716860059116,0.08695651795841226,0.17391303591682453,0.399999920000016,0.0,0.5384615384615384,19.0
ec1c22746044,41.0,19.0,20.569977,0.8684257777777779,0.07196940163018266,0.0,0.0,1.9999980000020001,0.0,0.5588235294117647,16.0
ec226eb69387,78.0,23.0,5.901005,0.20160868181818187,0.090533598891391,0.08695651795841226,0.17391303591682453,0.399999920000016,0.0,0.5384615384615384,19.0
ec33a64501d6,78.0,23.0,6.864802,0.23974572727272728,0.1496706116552458,0.08695651795841226,0.17391303591682453,0.399999920000016,0.0,0.5384615384615384,19.0
ec47a59769c4,78.0,23.0,17.51901,0.6401480454545454,0.554506202901325,0.08695651795841226,0.17391303591682453,0.399999920000016,0.0,0.5384615384615384,19.0
ecaac84a0c71,41.0,19.0,5.344722,0.14408116666666668,0.03505685684754713,0.0,0.0,1.9999980000020001,0.0,0.5588235294117647,16.0
ecc2cce787f9,78.0,23.0,19.147907,0.70327,0.6369978641839054,0.08695651795841226,0.17391303591682453,0.399999920000016,0.0,0.5384615384615384,19.0
eccb55f4ff9d,78.0,23.0,21.693733,0.7948294999999999,0.7596713161840049,0.08695651795841226,0.17391303591682453,0.399999920000016,0.0,0.5384615384615384,19.0
ecf098abd17f,78.0,23.0,14.370668,0.5165489090909091,0.43069515741856307,0.08695651795841226,0.17391303591682453,0.399999920000016,0.0,0.5384615384615384,19.0
ed2686a52630,77.0,23.0,39.206136,1.4091238636363634,1.4245746452162416,0.08695651795841226,0.1304347769376184,0.49999987500003124,0.0,0.5384615384615384,19.0
ed2b4769b285,78.0,23.0,34.348567,1.3003485000000001,1.2455126684380957,0.08695651795841226,0.17391303591682453,0.399999920000016,0.0,0.5384615384615384,19.0
ed2d991f71d8,78.0,23.0,32.070135,1.1858698181818184,1.1917325000296892,0.08695651795841226,0.17391303591682453,0.399999920000016,0.0,0.5384615384615384,19.0
ed4a965edeb0,9.0,2.0,17.226509,0.097114,,0.0,0.499999750000125,0.0,0.0,0.75,2.0
ed83cc09aa02,41.0,19.0,40.776029,1.495852888888889,0.4306809562656205,0.0,0.0,1.9999980000020001,0.0,0.5588235294117647,16.0
ed9c474281f2,41.0,19.0,25.424534,1.0092337222222223,0.10837986147522466,0.0,0.0,1.9999980000020001,0.0,0.5588235294117647,16.0
edad25e7708f,78.0,23.0,7.349843,0.2590189090909091,0.3258469284615107,0.08695651795841226,0.17391303591682453,0.399999920000016,0.0,0.5384615384615384,19.0
edd3ea1038a7,78.0,23.0,30.186602,1.0958409090909091,1.1104971069795255,0.08695651795841226,0.17391303591682453,0.399999920000016,0.0,0.5384615384615384,19.0
eddce3249102,78.0,23.0,20.956361,0.7688717272727273,0.716858967174967,0.08695651795841226,0.17391303591682453,0.399999920000016,0.0,0.5384615384615384,19.0
ee1c5fb0cc4c,78.0,23.0,20.176242,0.7479814545454547,0.7831121949947516,0.08695651795841226,0.17391303591682453,0.399999920000016,0.0,0.5384615384615384,19.0
ee2c825616c6,78.0,23.0,33.145642,1.2457159090909093,1.359532442096491,0.08695651795841226,0.17391303591682453,0.399999920000016,0.0,0.5384615384615384,19.0
ee3fcea4d710,41.0,19.0,8.823438,0.3166175,0.1973366993214598,0.0,0.0,1.9999980000020001,0.0,0.5588235294117647,16.0
ee4def9ca0db,77.0,23.0,27.260497,1.0383643636363635,1.0415292855040723,0.08695651795841226,0.1304347769376184,0.49999987500003124,0.0,0.5384615384615384,19.0
ee4e3e25ea37,77.0,23.0,32.309909,1.2136884090909092,1.1822905481785149,0.08695651795841226,0.1304347769376184,0.49999987500003124,0.0,0.5384615384615384,19.0
ee5236a2b488,78.0,23.0,5.197242,0.16705672727272727,0.07504393480278058,0.08695651795841226,0.17391303591682453,0.399999920000016,0.0,0.5384615384615384,19.0
eec60a2e3abc,41.0,19.0,18.986296,0.7333952222222222,0.11619401678762048,0.0,0.0,1.9999980000020001,0.0,0.5588235294117647,16.0
eec875767ffc,78.0,23.0,30.884944,1.1294331363636365,1.1506926045527164,0.08695651795841226,0.17391303591682453,0.399999920000016,0.0,0.5384615384615384,19.0
eecca54d1282,41.0,19.0,31.195088,1.2249164444444445,0.16338533599195068,0.0,0.0,1.9999980000020001,0.0,0.5588235294117647,16.0
eef2b642bf61,41.0,19.0,25.933294,1.0138,0.10317374069072832,0.0,0.0,1.9999980000020001,0.0,0.5588235294117647,16.0
ef1f013cc1a8,79.0,23.0,14.624823,0.5306415000000001,0.40933633680824777,0.08695651795841226,0.21739129489603065,0.33333327777778704,0.0,0.5384615384615384,19.0
ef3ad46ab42e,41.0,19.0,31.11409,1.2439349444444445,0.2544389265218374,0.0,0.0,1.9999980000020001,0.0,0.5588235294117647,16.0
ef6f60022e36,78.0,23.0,10.864958,0.3922533181818182,0.3045468532180051,0.08695651795841226,0.17391303591682453,0.399999920000016,0.0,0.5384615384615384,19.0
efa5ecbcc147,78.0,23.0,10.429594,0.3731329545454546,0.2944311477642264,0.08695651795841226,0.17391303591682453,0.399999920000016,0.0,0.5384615384615384,19.0
efb2211d95f3,78.0,23.0,13.840057999999999,0.49848095454545455,0.4428248754122277,0.08695651795841226,0.17391303591682453,0.399999920000016,0.0,0.5384615384615384,19.0
efce39c45fc9,78.0,23.0,11.11831,0.38098554545454544,0.34709862377575285,0.08695651795841226,0.17391303591682453,0.399999920000016,0.0,0.5384615384615384,19.0
efe21a111ad2,80.0,23.0,33.549894,1.233123090909091,1.2565252569078824,0.08695651795841226,0.2608695538752368,0.285714244897965,0.0,0.5384615384615384,19.0
f00877222221,77.0,23.0,32.183236,1.1989065909090908,1.2963558179815577,0.08695651795841226,0.1304347769376184,0.49999987500003124,0.0,0.5384615384615384,19.0
f00f147b5b5b,41.0,19.0,5.873752,0.19117183333333335,0.04796793046615501,0.0,0.0,1.9999980000020001,0.0,0.5588235294117647,16.0
f0212bd8827b,78.0,23.0,14.166585,0.5135148181818181,0.4271718934076646,0.08695651795841226,0.17391303591682453,0.399999920000016,0.0,0.5384615384615384,19.0
f029091c0884,41.0,19.0,12.168883,0.45404272222222214,0.08758955160815872,0.0,0.0,1.9999980000020001,0.0,0.5588235294117647,16.0
f0336c0692aa,78.0,23.0,36.100401,1.357899590909091,1.7787754776926004,0.08695651795841226,0.17391303591682453,0.399999920000016,0.0,0.5384615384615384,19.0
f067b5734553,78.0,23.0,36.706286,1.348851409090909,1.1997475919675638,0.08695651795841226,0.17391303591682453,0.399999920000016,0.0,0.5384615384615384,19.0
f075c2d2c17c,78.0,23.0,14.440212,0.5235086818181819,0.45202805699840254,0.08695651795841226,0.17391303591682453,0.399999920000016,0.0,0.5384615384615384,19.0
f083450a8a8c,78.0,23.0,13.581974,0.4879359545454545,0.4083747143784302,0.08695651795841226,0.17391303591682453,0.399999920000016,0.0,0.5384615384615384,19.0
f090ec8ba058,78.0,23.0,112.022654,4.848084045454546,5.849824843872909,0.08695651795841226,0.17391303591682453,0.399999920000016,0.0,0.5384615384615384,19.0
f0c878337c61,21.0,8.0,150.884271,0.6367152857142857,0.006543957612797864,0.0,0.0,1.9999980000020001,0.0,0.36363636363636365,8.0
f0ebf4229d4c,10.0,5.0,5.345704,0.56908925,0.0036047469975945116,0.0,0.0,1.9999980000020001,0.0,0.19999999999999996,5.0
f135dbf60ce5,78.0,23.0,21.041311,0.7747602727272728,0.744120840764723,0.08695651795841226,0.17391303591682453,0.399999920000016,0.0,0.5384615384615384,19.0
f15f50965506,78.0,23.0,17.875624,0.6640820454545455,0.6400552773747621,0.08695651795841226,0.17391303591682453,0.399999920000016,0.0,0.5384615384615384,19.0
f1835867e72f,41.0,19.0,17.260957,0.6479259444444444,0.11600694165359357,0.0,0.0,1.9999980000020001,0.0,0.5588235294117647,16.0
f1aaf6b4d160,78.0,23.0,16.078092,0.5905563181818182,0.45434550398425155,0.08695651795841226,0.17391303591682453,0.399999920000016,0.0,0.5384615384615384,19.0
f1b6049d998c,41.0,19.0,5.642644,0.18414933333333336,0.044608389602642864,0.0,0.0,1.9999980000020001,0.0,0.5588235294117647,16.0
f20b091f9bda,41.0,19.0,21.44069,0.8275745555555555,0.14099734415363677,0.0,0.0,1.9999980000020001,0.0,0.5588235294117647,16.0
f20c70542908,78.0,23.0,38.214266,1.404911,1.6874152710644537,0.08695651795841226,0.17391303591682453,0.399999920000016,0.0,0.5384615384615384,19.0
f216b9c21f38,78.0,23.0,15.115471,0.5448813181818183,0.4781130566958869,0.08695651795841226,0.17391303591682453,0.399999920000016,0.0,0.5384615384615384,19.0
f224517ac0f3,78.0,23.0,22.675622,0.8511199545454545,0.8694496599864863,0.08695651795841226,0.17391303591682453,0.399999920000016,0.0,0.5384615384615384,19.0
f277aa35b8c8,78.0,23.0,19.852934,0.725696,0.6787691965770173,0.08695651795841226,0.17391303591682453,0.399999920000016,0.0,0.5384615384615384,19.0
f2d1e4ec8e54,78.0,23.0,33.249366,1.2678292727272729,1.866029114621644,0.08695651795841226,0.17391303591682453,0.399999920000016,0.0,0.5384615384615384,19.0
f30352894d60,78.0,23.0,36.275068,1.3843346818181819,1.4008980825008677,0.08695651795841226,0.17391303591682453,0.399999920000016,0.0,0.5384615384615384,19.0
f3207cf5599d,78.0,23.0,33.221683,1.2622256363636366,1.832605054941048,0.08695651795841226,0.17391303591682453,0.399999920000016,0.0,0.5384615384615384,19.0
f377dd555e18,78.0,23.0,34.678684,1.2078088636363637,1.262161397179129,0.08695651795841226,0.17391303591682453,0.399999920000016,0.0,0.5384615384615384,19.0
f3dc809f2182,78.0,23.0,33.663399,1.2483232727272728,1.7154382769076602,0.08695651795841226,0.17391303591682453,0.399999920000016,0.0,0.5384615384615384,19.0
f3e0c5ea0565,78.0,23.0,17.521222,0.635314090909091,0.5609313596615907,0.08695651795841226,0.17391303591682453,0.399999920000016,0.0,0.5384615384615384,19.0
f3f5a2eeb521,41.0,19.0,34.436265,1.4185822222222222,0.24981742868685608,0.0,0.0,1.9999980000020001,0.0,0.5588235294117647,16.0
f42285a7443d,78.0,23.0,15.789902,0.5722634999999999,0.49138681400024314,0.08695651795841226,0.17391303591682453,0.399999920000016,0.0,0.5384615384615384,19.0
f42f8a65bfc1,41.0,19.0,17.883521000000002,0.720233611111111,0.06631948619340712,0.0,0.0,1.9999980000020001,0.0,0.5588235294117647,16.0
f43fc4f0f55b,48.0,24.0,41.887955,1.544846304347826,0.89286568087028,0.0,0.0,1.9999980000020001,0.0,0.5128205128205128,20.0
f452e33999b2,41.0,19.0,29.472931,1.1738524444444443,0.14886031615389608,0.0,0.0,1.9999980000020001,0.0,0.5588235294117647,16.0
f46be9e0d021,78.0,23.0,14.2688,0.5213621818181818,0.4166921392513544,0.08695651795841226,0.17391303591682453,0.399999920000016,0.0,0.5384615384615384,19.0
f478a5f7cd71,78.0,23.0,9.692782,0.3590732272727273,0.36436345257787545,0.08695651795841226,0.17391303591682453,0.399999920000016,0.0,0.5384615384615384,19.0
f48dab0c522a,41.0,19.0,26.894865,1.0445121666666666,0.1498906666596572,0.0,0.0,1.9999980000020001,0.0,0.5588235294117647,16.0
f4a00b4e6987,77.0,23.0,31.134358,1.165937590909091,1.2113611580397858,0.08695651795841226,0.1304347769376184,0.49999987500003124,0.0,0.5384615384615384,19.0
f4d32c8ce31c,41.0,19.0,5.268728,0.17843127777777779,0.04168203000843629,0.0,0.0,1.9999980000020001,0.0,0.5588235294117647,16.0
f4f095818e1f,77.0,23.0,40.992245,1.5880315909090912,2.2592303263242353,0.08695651795841226,0.1304347769376184,0.49999987500003124,0.0,0.5384615384615384,19.0
f505176ab926,106.0,50.0,197.52845,3.9760148979591836,11.506829417424024,0.0,0.0,2.9999970000030003,0.0,0.98,2.0
f5689a4122a1,41.0,19.0,29.715886,1.2161692222222222,0.17509658095279723,0.0,0.0,1.9999980000020001,0.0,0.5588235294117647,16.0
f5cb012b02b5,7.0,1.0,3.888836,0.0,0.0,0.0,0.0,2.9999970000030003,0.0,1.0,1.0
f5eb44db0499,78.0,23.0,29.586821,1.0913165454545455,1.0827808801720522,0.08695651795841226,0.17391303591682453,0.399999920000016,0.0,0.5384615384615384,19.0
f5f50481c2a4,78.0,23.0,20.870592,0.7668360454545454,0.7277327837076618,0.08695651795841226,0.17391303591682453,0.399999920000016,0.0,0.5384615384615384,19.0
f60146c84572,78.0,23.0,28.650082,1.0591623181818182,1.0766090424241592,0.08695651795841226,0.17391303591682453,0.399999920000016,0.0,0.5384615384615384,19.0
f611d71ed5da,78.0,23.0,5.69327,0.19023068181818184,0.10957309653655055,0.08695651795841226,0.17391303591682453,0.399999920000016,0.0,0.5384615384615384,19.0
f66b2e8b48eb,78.0,23.0,8.980041,0.3068053636363636,0.24891635725251463,0.08695651795841226,0.17391303591682453,0.399999920000016,0.0,0.5384615384615384,19.0
f6acbb79969b,78.0,23.0,33.072103,1.2324715454545454,1.378161123016834,0.08695651795841226,0.17391303591682453,0.399999920000016,0.0,0.5384615384615384,19.0
f6cf30837edd,78.0,23.0,15.808267,0.5715441363636363,0.4750425351321607,0.08695651795841226,0.17391303591682453,0.399999920000016,0.0,0.5384615384615384,19.0
f6d038f725d5,80.0,23.0,33.816896,1.2566731818181818,1.2156802665514614,0.08695651795841226,0.2608695538752368,0.285714244897965,0.0,0.5384615384615384,19.0
f6d7bffeeeb8,41.0,19.0,12.490774,0.46765038888888877,0.0887534746197306,0.0,0.0,1.9999980000020001,0.0,0.5588235294117647,16.0
f6e8cb51d2ed,78.0,23.0,14.835564,0.5379562272727273,0.4952209438003099,0.08695651795841226,0.17391303591682453,0.399999920000016,0.0,0.5384615384615384,19.0
f72307ea94f6,41.0,19.0,27.625920999999998,1.1387019444444446,0.1149792155373525,0.0,0.0,1.9999980000020001,0.0,0.5588235294117647,16.0
f74cec8082d4,78.0,23.0,13.72106,0.4949987727272728,0.42937196581706694,0.08695651795841226,0.17391303591682453,0.399999920000016,0.0,0.5384615384615384,19.0
f75b540b1835,41.0,19.0,28.058624,1.1242882777777776,0.11933974086901229,0.0,0.0,1.9999980000020001,0.0,0.5588235294117647,16.0
f76569fe2aa4,41.0,19.0,12.304472,0.46408405555555554,0.11590582043115981,0.0,0.0,1.9999980000020001,0.0,0.5588235294117647,16.0
f7931a54b56c,78.0,23.0,15.301591,0.557479818181818,0.4852493535802604,0.08695651795841226,0.17391303591682453,0.399999920000016,0.0,0.5384615384615384,19.0
f7a420a01dbc,78.0,23.0,17.495079,0.6362274545454546,0.5919689222954938,0.08695651795841226,0.17391303591682453,0.399999920000016,0.0,0.5384615384615384,19.0
f7e56b566091,78.0,23.0,8.533706,0.2990922272727273,0.1969548237161028,0.08695651795841226,0.17391303591682453,0.399999920000016,0.0,0.5384615384615384,19.0
f7ec2bb581a8,78.0,23.0,13.832597,0.5017229545454545,0.42289754582882777,0.08695651795841226,0.17391303591682453,0.399999920000016,0.0,0.5384615384615384,19.0
f805539c06ea,41.0,19.0,33.228104,1.3725057777777776,0.4142379311916615,0.0,0.0,1.9999980000020001,0.0,0.5588235294117647,16.0
f82bf8e86971,78.0,23.0,19.321402,0.7076072272727273,0.6493515051399491,0.08695651795841226,0.17391303591682453,0.399999920000016,0.0,0.5384615384615384,19.0
f83fb2ca89e0,78.0,23.0,14.062178,0.509269818181818,0.42351362903741546,0.08695651795841226,0.17391303591682453,0.399999920000016,0.0,0.5384615384615384,19.0
f8403138a5ce,78.0,23.0,32.943891,1.2246382272727272,1.2341482463935518,0.08695651795841226,0.17391303591682453,0.399999920000016,0.0,0.5384615384615384,19.0
f850a5549ca0,78.0,23.0,39.919329,1.4663665000000001,1.679974083966738,0.08695651795841226,0.17391303591682453,0.399999920000016,0.0,0.5384615384615384,19.0
f8be178173c1,41.0,19.0,5.545608,0.178893,0.050014616350681745,0.0,0.0,1.9999980000020001,0.0,0.5588235294117647,16.0
f8c325cf1ddc,77.0,23.0,28.979187,1.0765192727272728,1.0319416195673354,0.08695651795841226,0.1304347769376184,0.49999987500003124,0.0,0.5384615384615384,19.0
f8fa883f8a0a,78.0,23.0,42.505648,1.680587318181818,3.540656884989003,0.08695651795841226,0.17391303591682453,0.399999920000016,0.0,0.5384615384615384,19.0
f918c661b5ca,78.0,23.0,11.652077,0.3987596818181819,0.2976564471102927,0.08695651795841226,0.17391303591682453,0.399999920000016,0.0,0.5384615384615384,19.0
f91f0ade7d36,76.0,23.0,17.349111,0.6432434545454545,0.6423996966713931,0.08695651795841226,0.08695651795841226,0.6666664444445185,0.0,0.5384615384615384,19.0
f96bead44823,8.0,1.0,7.7053650000000005,0.0,0.0,0.0,0.0,1.9999980000020001,0.0,1.0,1.0
f9a07ada662b,78.0,23.0,6.249674,0.21044586363636367,0.11821275414361435,0.08695651795841226,0.17391303591682453,0.399999920000016,0.0,0.5384615384615384,19.0
f9b843bc7b15,78.0,23.0,25.104834,0.9170191818181818,0.8837938727393307,0.08695651795841226,0.17391303591682453,0.399999920000016,0.0,0.5384615384615384,19.0
f9ef9f48c695,78.0,23.0,49.332886,1.7873821818181819,2.2745926808011694,0.08695651795841226,0.17391303591682453,0.399999920000016,0.0,0.5384615384615384,19.0
f9f422b22964,78.0,23.0,32.933394,1.2066237727272726,1.1999500285642426,0.08695651795841226,0.17391303591682453,0.399999920000016,0.0,0.5384615384615384,19.0
fa3451319710,41.0,19.0,14.280182,0.5359617222222223,0.0932672340963166,0.0,0.0,1.9999980000020001,0.0,0.5588235294117647,16.0
fa3eee3d5fdf,78.0,23.0,29.887340000000002,1.1237578636363637,1.0043059459239594,0.08695651795841226,0.17391303591682453,0.399999920000016,0.0,0.5384615384615384,19.0
fa40d672fa52,78.0,23.0,6.93578,0.2399481818181818,0.19026497034440115,0.08695651795841226,0.17391303591682453,0.399999920000016,0.0,0.5384615384615384,19.0
fa49db726eaa,7.0,1.0,4.054401,0.0,0.0,0.0,0.0,1.9999980000020001,0.0,1.0,1.0
fa6a36feb321,78.0,23.0,39.264124,1.5077982727272725,2.156600584921185,0.08695651795841226,0.17391303591682453,0.399999920000016,0.0,0.5384615384615384,19.0
fa6fc621941d,77.0,23.0,9.384974,0.33950613636363636,0.24865205220688366,0.08695651795841226,0.1304347769376184,0.49999987500003124,0.0,0.5384615384615384,19.0
fab149a04fca,41.0,19.0,21.675055,0.7908640555555554,0.11516456997167765,0.0,0.0,1.9999980000020001,0.0,0.5588235294117647,16.0
fab7e87a05eb,78.0,23.0,33.024967,1.2606985454545456,1.558870335800858,0.08695651795841226,0.17391303591682453,0.399999920000016,0.0,0.5384615384615384,19.0
fad19bc12d1c,78.0,23.0,19.968274,0.7385293181818183,0.7493086002190468,0.08695651795841226,0.17391303591682453,0.399999920000016,0.0,0.5384615384615384,19.0
fad569b510cf,78.0,23.0,18.375317,0.6725974545454545,0.5963494395979854,0.08695651795841226,0.17391303591682453,0.399999920000016,0.0,0.5384615384615384,19.0
fad9029edfab,78.0,23.0,13.688809,0.494123409090909,0.41150450911568265,0.08695651795841226,0.17391303591682453,0.399999920000016,0.0,0.5384615384615384,19.0
fb077e83ed7d,78.0,23.0,6.016849,0.2022234090909091,0.11942567925568529,0.08695651795841226,0.17391303591682453,0.399999920000016,0.0,0.5384615384615384,19.0
fb0b9ff32649,78.0,23.0,39.931204,1.5257429545454544,2.2916677079918495,0.08695651795841226,0.17391303591682453,0.399999920000016,0.0,0.5384615384615384,19.0
fb2ddc958342,20.0,10.0,2.376559,0.08344966666666667,0.07290641846572907,0.299999970000003,0.0,1.9999980000020001,0.6666664444445185,0.15384615384615385,12.0
fb60891663a0,78.0,23.0,16.075532,0.5884143636363637,0.5187867949790388,0.08695651795841226,0.17391303591682453,0.399999920000016,0.0,0.5384615384615384,19.0
fb70f1448853,78.0,23.0,13.679579,0.4954469090909091,0.417740022469308,0.08695651795841226,0.17391303591682453,0.399999920000016,0.0,0.5384615384615384,19.0
fb750a3acffa,41.0,19.0,27.021177,1.0128398888888888,0.1415704099071591,0.0,0.0,1.9999980000020001,0.0,0.5588235294117647,16.0
fbaa0f8c2de1,79.0,23.0,46.297926,1.6793665454545454,2.126951874310696,0.08695651795841226,0.21739129489603065,0.33333327777778704,0.0,0.5384615384615384,19.0
fc1a4b74f46e,78.0,23.0,30.751896,1.1433521818181815,1.1562747724608513,0.08695651795841226,0.17391303591682453,0.399999920000016,0.0,0.5384615384615384,19.0
fc232a896cb5,78.0,23.0,30.628894,1.1206476363636364,1.147221501234034,0.08695651795841226,0.17391303591682453,0.399999920000016,0.0,0.5384615384615384,19.0
fc787e1e849e,78.0,23.0,6.544765,0.2257509545454546,0.1312456674657173,0.08695651795841226,0.17391303591682453,0.399999920000016,0.0,0.5384615384615384,19.0
fcc7f4e8a653,41.0,19.0,12.785238,0.4793741666666666,0.09259071979304469,0.0,0.0,1.9999980000020001,0.0,0.5588235294117647,16.0
fcd13ee1298c,78.0,23.0,7.39392,0.26043236363636363,0.152088339555713,0.08695651795841226,0.17391303591682453,0.399999920000016,0.0,0.5384615384615384,19.0
fcf85cadce83,41.0,19.0,14.861021000000001,0.5557196111111112,0.10465405817383117,0.0,0.0,1.9999980000020001,0.0,0.5588235294117647,16.0
fd037907c4b3,78.0,23.0,18.421057,0.6813946818181817,0.648854560889557,0.08695651795841226,0.17391303591682453,0.399999920000016,0.0,0.5384615384615384,19.0
fd1bbf0da962,78.0,23.0,14.939464,0.5463288181818181,0.49319058817194994,0.08695651795841226,0.17391303591682453,0.399999920000016,0.0,0.5384615384615384,19.0
fd9ea6e0b787,98.0,46.0,199.970176,4.399636066666668,9.02255566344314,0.0,0.0,2.9999970000030003,0.0,0.9782608695652174,2.0
fe3bc10d54f1,78.0,23.0,71.532594,2.8921895,2.7260379966537824,0.08695651795841226,0.17391303591682453,0.399999920000016,0.0,0.5384615384615384,19.0
fe5facef52f7,78.0,23.0,28.415357,1.0603639545454546,1.0583932931957571,0.08695651795841226,0.17391303591682453,0.399999920000016,0.0,0.5384615384615384,19.0
fe6cf4655958,78.0,23.0,13.593027,0.4856363181818182,0.4282851459048089,0.08695651795841226,0.17391303591682453,0.399999920000016,0.0,0.5384615384615384,19.0
fe7aa596ed1a,78.0,23.0,19.622905,0.7180037272727272,0.6869152778416733,0.08695651795841226,0.17391303591682453,0.399999920000016,0.0,0.5384615384615384,19.0
ff03af1733ea,41.0,19.0,13.138019,0.5217022222222221,0.04413237681787342,0.0,0.0,1.9999980000020001,0.0,0.5588235294117647,16.0
ff1de60c6718,78.0,23.0,24.768838,0.9157506363636365,0.8840184491885711,0.08695651795841226,0.17391303591682453,0.399999920000016,0.0,0.5384615384615384,19.0
ff470a4c0586,78.0,23.0,5.787997,0.19360022727272727,0.11834989508311353,0.08695651795841226,0.17391303591682453,0.399999920000016,0.0,0.5384615384615384,19.0
ff54247ddff1,78.0,23.0,5.783467,0.19129809090909095,0.11180618064775738,0.08695651795841226,0.17391303591682453,0.399999920000016,0.0,0.5384615384615384,19.0
ff6cfd032afa,78.0,23.0,13.911232,0.5013946363636363,0.40202624980863483,0.08695651795841226,0.17391303591682453,0.399999920000016,0.0,0.5384615384615384,19.0
ff88bb2a4976,78.0,23.0,15.164849,0.5513707272727273,0.47858143333876707,0.08695651795841226,0.17391303591682453,0.399999920000016,0.0,0.5384615384615384,19.0
ff961e5a8d10,41.0,19.0,30.582356,1.3152402222222224,1.3292848954900327,0.0,0.0,1.9999980000020001,0.0,0.5588235294117647,16.0
ffa90519d8a6,78.0,23.0,6.47996,0.22004795454545453,0.1257615829744359,0.08695651795841226,0.17391303591682453,0.399999920000016,0.0,0.5384615384615384,19.0
ffc067419633,78.0,23.0,18.845538,0.6884829545454546,0.6341822496795514,0.08695651795841226,0.17391303591682453,0.399999920000016,0.0,0.5384615384615384,19.0
fffb88427f4c,41.0,19.0,4.49423,0.14675772222222222,0.03289328934923381,0.0,0.0,1.9999980000020001,0.0,0.5588235294117647,16.0
